id,speaker,vowel,word,F1,F2,F3,dur,stress,pre_seg,fol_seg,t_mid
t00001,S01,IY1,keep,375.3,2412.7,3293.0,0.1259,1,F,N,245.571
t00002,S01,IY1,feed,329.4,2815.9,3479.2,0.0946,1,T,L,118.394
t00003,S01,IY1,beet,343.6,2633.8,3590.9,0.1079,1,K,T,229.366
t00004,S01,IY1,team,343.5,2649.6,3545.5,0.1214,1,F,P,21.073
t00005,S01,IY1,keep,329.9,2845.4,3549.5,0.1047,1,B,D,78.746
t00006,S01,IY1,keep,354.6,2612.7,3327.1,0.0755,1,B,T,161.075
t00007,S01,IY1,seat,362.3,2710.7,3418.2,0.1098,1,K,T,137.268
t00008,S01,IY1,feed,405.8,2880.5,3639.4,0.0628,1,F,N,179.926
t00009,S01,IY1,team,305.2,2544.4,3639.3,0.1215,1,F,N,153.419
t00010,S01,IY1,feed,378.5,2744.2,3597.7,0.1083,1,T,P,148.335
t00011,S01,IY1,beet,367.4,2832.2,3542.5,0.0703,1,B,D,186.108
t00012,S01,IY1,team,364.8,2876.6,3536.6,0.0876,1,K,P,2.988
t00013,S01,IY1,keep,338.3,2674.3,3693.1,0.1216,1,F,L,233.388
t00014,S01,IY1,team,357.8,2727.9,3512.3,0.0419,1,F,P,296.687
t00015,S01,IY1,keep,349.9,2634.2,3540.2,0.057,1,K,P,169.665
t00016,S01,IY1,seat,338.0,2684.2,3833.1,0.165,1,K,T,59.365
t00017,S01,IY1,keep,321.5,2516.0,3468.3,0.0559,1,S,T,164.717
t00018,S01,IY1,beet,338.9,2701.5,3344.5,0.0633,1,S,P,254.16
t00019,S01,IY1,team,358.5,2891.0,3455.3,0.1862,1,F,P,102.744
t00020,S01,IY1,beet,332.3,2765.5,3540.2,0.1825,1,B,D,98.136
t00021,S01,IY1,seat,354.1,2648.6,3242.3,0.0906,1,,D,189.463
t00022,S01,IY1,seat,330.3,2714.0,3618.4,0.062,1,,L,193.823
t00023,S01,IY1,team,317.8,2651.3,3399.9,0.1232,1,B,N,220.419
t00024,S01,IY1,beet,367.3,2718.3,3560.6,0.1712,1,K,L,87.301
t00025,S01,IY1,team,349.1,2499.3,3452.2,0.1653,1,T,D,149.402
t00026,S01,IH1,fill,528.6,2274.3,3019.4,0.1154,1,,L,129.856
t00027,S01,IH1,sit,565.3,2376.6,2728.3,0.1374,1,,D,57.15
t00028,S01,IH1,fill,501.2,2373.2,2993.0,0.0745,1,K,P,75.38
t00029,S01,IH1,sit,492.8,2230.0,3007.8,0.1481,1,S,N,123.715
t00030,S01,IH1,kid,542.0,2302.1,3094.2,0.1361,1,T,D,151.41
t00031,S01,IH1,fill,485.0,2407.4,3123.0,0.1476,1,T,D,82.131
t00032,S01,IH1,fill,503.2,2360.6,3208.3,0.1481,1,T,D,102.354
t00033,S01,IH1,fill,421.0,2426.8,2899.9,0.1149,1,K,D,279.254
t00034,S01,IH1,wind,448.8,2193.2,2954.1,0.119,1,T,L,98.573
t00035,S01,IH1,fill,412.0,2291.6,3035.7,0.1024,1,K,L,256.913
t00036,S01,IH1,wind,461.4,2363.2,2952.6,0.1684,1,S,D,200.027
t00037,S01,IH1,wind,529.3,2484.0,2777.2,0.116,1,B,N,291.518
t00038,S01,IH1,wind,520.4,2435.7,2918.9,0.0959,1,S,P,123.482
t00039,S01,IH1,bit,486.4,2314.7,3123.0,0.1079,1,F,D,84.275
t00040,S01,IH1,wind,505.6,2461.9,2934.8,0.0784,1,B,N,259.977
t00041,S01,IH1,bit,494.9,2386.5,3136.0,0.1529,1,,P,98.053
t00042,S01,IH1,fill,459.3,2318.3,3053.4,0.1261,1,S,L,106.032
t00043,S01,IH1,fill,474.3,2096.6,2907.0,0.1712,1,B,N,42.028
t00044,S01,IH1,sit,466.0,2289.6,3154.5,0.1033,1,T,D,285.496
t00045,S01,IH1,wind,467.2,2405.2,3001.5,0.0886,1,B,N,264.41
t00046,S01,IH1,kid,492.2,2261.6,3072.0,0.1051,1,B,D,97.964
t00047,S01,IH1,kid,504.0,2373.5,2845.4,0.1522,1,K,L,231.663
t00048,S01,IH1,kid,505.9,2440.9,2961.8,0.0822,1,B,L,138.968
t00049,S01,IH1,kid,520.1,2255.4,2985.7,0.1129,1,,T,115.386
t00050,S01,IH1,wind,538.0,2250.9,2719.3,0.1605,1,B,D,117.845
t00051,S01,EH1,then,732.7,2149.8,2824.1,0.0945,1,T,T,194.581
t00052,S01,EH1,bed,623.3,2256.1,2948.4,0.1233,1,F,N,1.226
t00053,S01,EH1,then,758.4,2279.1,3059.2,0.0788,1,S,L,27.62
t00054,S01,EH1,then,685.1,2344.8,3118.0,0.1279,1,S,P,202.711
t00055,S01,EH1,set,705.6,2144.2,2946.4,0.0859,1,S,D,26.279
t00056,S01,EH1,bet,665.3,2221.0,2872.6,0.1204,1,T,D,8.29
t00057,S01,EH1,set,662.7,2247.6,2782.9,0.2319,1,F,,42.51
t00058,S01,EH1,bed,704.4,2299.1,2922.9,0.1182,1,S,,139.675
t00059,S01,EH1,help,739.6,2173.0,2908.6,0.1039,1,K,D,210.722
t00060,S01,EH1,bed,699.5,2269.2,2967.2,0.101,1,S,L,225.457
t00061,S01,EH1,bed,694.8,2229.6,3027.8,0.1571,1,K,P,8.458
t00062,S01,EH1,then,646.9,2100.3,2915.9,0.1009,1,S,D,138.071
t00063,S01,EH1,help,746.0,2101.7,3036.1,0.1445,1,K,T,35.12
t00064,S01,EH1,help,776.7,2171.9,2837.1,0.118,1,B,L,114.179
t00065,S01,EH1,set,766.3,2141.1,2833.9,0.1015,1,B,L,28.319
t00066,S01,EH1,set,685.7,2077.9,2994.8,0.0974,1,,T,275.366
t00067,S01,EH1,help,705.2,1989.3,3050.4,0.1002,1,K,T,197.967
t00068,S01,EH1,bet,697.2,2375.8,2945.0,0.1099,1,K,D,33.243
t00069,S01,EH1,bed,759.2,2275.4,2824.4,0.1482,1,T,D,267.149
t00070,S01,EH1,bed,703.2,2224.7,2838.6,0.1574,1,B,D,140.667
t00071,S01,EH1,bet,732.4,2071.6,2982.6,0.1182,1,T,,75.772
t00072,S01,EH1,bed,800.1,2174.6,2836.4,0.1097,1,,,144.939
t00073,S01,EH1,bet,716.5,2229.7,2728.8,0.1805,1,S,N,151.112
t00074,S01,EH1,help,764.8,2225.3,2968.6,0.1386,1,F,L,95.694
t00075,S01,EH1,help,612.4,2128.7,2851.6,0.1129,1,K,L,81.862
t00076,S01,AE1,man,833.0,2028.7,2758.2,0.1194,1,F,T,274.695
t00077,S01,AE1,bad,896.8,2019.9,2773.1,0.1167,1,F,D,192.479
t00078,S01,AE1,man,891.0,2177.6,2806.8,0.1267,1,F,D,61.034
t00079,S01,AE1,bad,810.2,2030.0,2841.1,0.1554,1,T,P,60.544
t00080,S01,AE1,back,806.4,2222.8,2783.7,0.1551,1,K,L,24.138
t00081,S01,AE1,man,868.0,2064.1,2868.5,0.1655,1,F,T,244.624
t00082,S01,AE1,man,834.1,1852.8,2658.8,0.0946,1,,T,79.873
t00083,S01,AE1,man,876.0,1918.5,2838.0,0.2126,1,T,N,298.566
t00084,S01,AE1,bad,851.6,2245.1,2767.8,0.067,1,S,P,63.461
t00085,S01,AE1,bad,945.5,2220.6,2924.2,0.1505,1,T,T,153.025
t00086,S01,AE1,back,944.9,1993.6,2612.0,0.0713,1,K,P,237.46
t00087,S01,AE1,bad,906.1,1980.3,2972.7,0.0892,1,T,P,105.252
t00088,S01,AE1,bad,783.9,2087.1,2832.7,0.0921,1,T,N,108.917
t00089,S01,AE1,sat,1044.0,2032.3,2969.3,0.103,1,K,L,205.739
t00090,S01,AE1,bad,789.9,1929.8,2775.0,0.0977,1,F,P,136.39
t00091,S01,AE1,back,861.8,2177.8,2826.2,0.1225,1,T,D,77.217
t00092,S01,AE1,bad,773.8,1891.7,2896.2,0.1821,1,,,153.467
t00093,S01,AE1,man,883.2,1984.4,2882.0,0.1887,1,K,D,239.749
t00094,S01,AE1,back,781.9,1896.7,2923.8,0.183,1,F,N,141.504
t00095,S01,AE1,sat,852.4,2033.6,2952.7,0.1204,1,K,,97.662
t00096,S01,AE1,sat,979.1,1861.6,2721.6,0.0616,1,K,P,285.093
t00097,S01,AE1,back,829.0,2165.2,2973.2,0.0765,1,,,18.461
t00098,S01,AE1,bad,879.3,1695.5,2864.5,0.1272,1,B,T,169.53
t00099,S01,AE1,back,865.6,1988.3,3087.9,0.1139,1,,T,244.713
t00100,S01,AE1,man,859.2,1932.5,3020.4,0.0978,1,S,L,94.372
t00101,S01,AA1,pod,845.6,1343.3,3093.2,0.191,1,T,D,121.782
t00102,S01,AA1,father,946.7,1492.8,2900.7,0.1682,1,K,L,112.148
t00103,S01,AA1,cot,866.4,1395.2,2943.7,0.0658,1,K,T,175.959
t00104,S01,AA1,cot,895.4,1402.7,3135.1,0.1088,1,S,L,215.728
t00105,S01,AA1,pod,847.9,1304.3,3031.5,0.1253,1,S,T,270.662
t00106,S01,AA1,father,769.7,1181.8,2996.6,0.0807,1,B,N,237.655
t00107,S01,AA1,bot,1001.2,1238.6,3074.2,0.1381,1,K,P,94.404
t00108,S01,AA1,bot,899.9,1228.9,3145.3,0.0917,1,B,T,112.839
t00109,S01,AA1,pod,913.7,1327.3,3101.3,0.0983,1,,N,109.331
t00110,S01,AA1,father,1062.6,1347.9,3037.1,0.1103,1,,T,132.809
t00111,S01,AA1,pod,911.7,1326.8,3077.4,0.1123,1,K,L,21.631
t00112,S01,AA1,cot,958.1,1297.2,2958.1,0.1226,1,F,P,86.354
t00113,S01,AA1,pod,879.2,1353.3,3022.3,0.1047,1,F,P,38.07
t00114,S01,AA1,bot,958.9,1335.4,2968.3,0.0826,1,S,N,183.947
t00115,S01,AA1,pod,913.1,1226.1,3056.1,0.1076,1,,D,5.568
t00116,S01,AA1,lock,737.2,1270.1,2941.9,0.1299,1,F,P,269.956
t00117,S01,AA1,pod,908.0,1316.9,3011.4,0.1335,1,,L,140.387
t00118,S01,AA1,father,913.0,1412.5,2897.4,0.1248,1,F,P,92.649
t00119,S01,AA1,father,955.4,1309.4,2925.6,0.1202,1,,T,62.657
t00120,S01,AA1,bot,883.5,1340.6,2950.3,0.1503,1,F,P,173.076
t00121,S01,AA1,cot,786.1,1203.6,3014.3,0.1662,1,K,D,43.305
t00122,S01,AA1,father,1061.2,1371.9,3181.9,0.0862,1,F,D,45.777
t00123,S01,AA1,bot,921.7,1335.5,3042.2,0.101,1,,,135.648
t00124,S01,AA1,cot,911.5,1283.9,2935.2,0.1382,1,F,T,280.669
t00125,S01,AA1,lock,894.1,1372.7,3095.7,0.1429,1,K,P,29.992
t00126,S01,AO1,talk,729.9,1082.1,3074.0,0.1926,1,K,D,85.494
t00127,S01,AO1,dawn,630.5,1110.3,3012.7,0.0884,1,S,D,143.495
t00128,S01,AO1,talk,749.8,1142.6,2893.3,0.1163,1,S,N,101.986
t00129,S01,AO1,dawn,767.9,1141.3,3221.8,0.1196,1,B,N,204.141
t00130,S01,AO1,talk,690.4,983.4,3019.4,0.1175,1,F,T,125.761
t00131,S01,AO1,talk,767.2,1092.8,2941.9,0.0807,1,B,P,278.48
t00132,S01,AO1,caught,787.3,999.9,2906.3,0.0623,1,B,P,246.104
t00133,S01,AO1,caught,800.0,1076.2,2837.5,0.0955,1,F,,260.477
t00134,S01,AO1,caught,691.3,1064.9,2962.3,0.0838,1,B,L,5.912
t00135,S01,AO1,bought,750.6,1088.5,3235.9,0.1997,1,,L,55.356
t00136,S01,AO1,dawn,798.8,1073.8,2947.6,0.1207,1,,P,8.056
t00137,S01,AO1,caught,750.0,1115.2,2943.7,0.0939,1,B,N,154.768
t00138,S01,AO1,caught,795.3,1088.4,2814.1,0.0939,1,,P,294.784
t00139,S01,AO1,dawn,726.0,1068.3,3134.5,0.1543,1,,N,255.498
t00140,S01,AO1,bought,894.7,1109.0,2869.3,0.0964,1,,,43.774
t00141,S01,AO1,law,689.8,1106.5,2995.6,0.1631,1,S,L,33.079
t00142,S01,AO1,dawn,666.8,1148.5,3035.8,0.0876,1,K,L,57.989
t00143,S01,AO1,bought,805.3,1060.2,2805.6,0.1291,1,T,D,101.388
t00144,S01,AO1,talk,734.5,1012.8,3097.6,0.1286,1,T,L,39.67
t00145,S01,AO1,bought,777.0,971.6,3173.2,0.1058,1,K,,276.184
t00146,S01,AO1,talk,786.2,1071.0,2889.3,0.1135,1,T,L,252.791
t00147,S01,AO1,dawn,763.3,1014.6,3112.4,0.1115,1,T,D,184.175
t00148,S01,AO1,talk,734.7,1021.8,3169.0,0.0775,1,F,D,262.109
t00149,S01,AO1,talk,810.1,1104.8,3168.4,0.1976,1,S,L,165.451
t00150,S01,AO1,law,748.1,1102.5,3116.2,0.1492,1,K,N,23.522
t00151,S01,OW1,goat,599.6,1103.6,2738.9,0.0892,1,S,T,98.313
t00152,S01,OW1,know,576.3,1114.9,2919.7,0.0967,1,S,L,244.065
t00153,S01,OW1,road,595.0,1188.7,2776.7,0.0734,1,B,L,121.103
t00154,S01,OW1,code,582.1,1204.1,2826.8,0.1754,1,F,N,9.233
t00155,S01,OW1,road,578.1,1141.8,2791.6,0.1195,1,S,N,209.134
t00156,S01,OW1,boat,632.7,1155.9,2745.9,0.1045,1,,N,278.231
t00157,S01,OW1,road,623.0,1088.2,2800.4,0.1053,1,B,L,131.25
t00158,S01,OW1,know,590.8,1123.1,2820.9,0.0985,1,B,,28.356
t00159,S01,OW1,goat,641.5,1133.1,2717.6,0.1209,1,,L,186.167
t00160,S01,OW1,know,588.5,1182.8,3178.8,0.0464,1,S,T,2.8
t00161,S01,OW1,code,558.0,1126.4,2627.2,0.1067,1,B,P,30.185
t00162,S01,OW1,road,584.1,1175.2,2771.7,0.1916,1,F,L,0.533
t00163,S01,OW1,know,666.6,1104.8,2699.0,0.1033,1,K,N,163.173
t00164,S01,OW1,boat,625.2,1184.1,2836.8,0.1109,1,F,D,259.481
t00165,S01,OW1,road,618.5,1156.7,2903.3,0.1101,1,B,,119.631
t00166,S01,OW1,boat,581.5,1167.4,2673.9,0.1257,1,,L,20.643
t00167,S01,OW1,know,550.0,1153.9,2921.4,0.1103,1,F,P,241.998
t00168,S01,OW1,goat,585.4,1148.9,2982.7,0.0791,1,S,N,248.417
t00169,S01,OW1,know,613.3,1194.1,3074.0,0.1399,1,,N,245.546
t00170,S01,OW1,goat,568.0,1102.6,2791.0,0.1067,1,F,N,245.237
t00171,S01,OW1,boat,562.4,1221.3,2912.8,0.0671,1,K,D,254.331
t00172,S01,OW1,goat,585.4,1065.5,2892.4,0.0855,1,S,P,100.901
t00173,S01,OW1,boat,570.6,1222.6,2871.9,0.119,1,F,L,270.069
t00174,S01,OW1,boat,636.6,1125.7,2778.0,0.0722,1,,P,44.804
t00175,S01,OW1,boat,622.0,1101.4,3043.8,0.1183,1,S,T,52.356
t00176,S01,UW1,two,403.8,1648.9,2632.3,0.094,1,B,L,44.026
t00177,S01,UW1,food,408.7,1572.1,2775.9,0.092,1,S,L,140.411
t00178,S01,UW1,food,471.1,1530.0,2634.6,0.1203,1,,L,76.006
t00179,S01,UW1,two,379.3,1504.5,2692.0,0.0676,1,,L,256.443
t00180,S01,UW1,food,435.6,1520.9,2829.5,0.0837,1,S,L,114.17
t00181,S01,UW1,suit,449.8,1601.0,2776.6,0.197,1,B,,170.439
t00182,S01,UW1,two,416.8,1654.4,2833.5,0.1627,1,S,P,18.082
t00183,S01,UW1,suit,373.7,1668.3,2807.7,0.1244,1,,L,113.774
t00184,S01,UW1,boot,431.3,1591.7,2812.4,0.1553,1,F,,251.127
t00185,S01,UW1,food,404.4,1698.6,2854.0,0.1526,1,T,N,232.692
t00186,S01,UW1,moon,391.2,1673.1,2851.5,0.0771,1,T,T,167.192
t00187,S01,UW1,suit,488.4,1742.0,2948.4,0.144,1,S,L,251.314
t00188,S01,UW1,food,434.4,1674.6,2544.6,0.0878,1,B,T,285.607
t00189,S01,UW1,suit,439.9,1674.0,2759.6,0.1087,1,S,P,258.218
t00190,S01,UW1,two,407.4,1506.8,3000.8,0.1777,1,,L,282.615
t00191,S01,UW1,food,412.0,1610.8,2683.7,0.1371,1,F,N,13.235
t00192,S01,UW1,boot,420.9,1578.1,2687.5,0.087,1,,N,158.224
t00193,S01,UW1,suit,372.0,1512.4,2927.9,0.1037,1,K,P,196.907
t00194,S01,UW1,moon,396.6,1505.5,2519.8,0.1195,1,F,P,14.123
t00195,S01,UW1,food,435.0,1573.9,3067.1,0.0943,1,F,,96.714
t00196,S01,UW1,boot,437.3,1528.0,3040.2,0.1084,1,,,196.94
t00197,S01,UW1,suit,395.0,1527.7,2660.8,0.1297,1,S,,49.292
t00198,S01,UW1,suit,398.2,1566.6,2931.9,0.2044,1,F,D,179.552
t00199,S01,UW1,boot,396.3,1739.1,2844.6,0.1548,1,B,P,292.924
t00200,S01,UW1,food,394.0,1645.2,2894.3,0.1357,1,F,P,19.926
t00201,S01,AH1,mud,810.8,1567.3,2851.9,0.1229,1,S,P,203.473
t00202,S01,AH1,mud,791.9,1628.6,2785.1,0.115,1,B,,219.481
t00203,S01,AH1,sun,791.8,1627.9,2919.4,0.1828,1,K,N,29.555
t00204,S01,AH1,sun,814.5,1610.2,2863.9,0.0972,1,K,,239.786
t00205,S01,AH1,mud,793.4,1517.2,2727.3,0.0825,1,B,N,21.68
t00206,S01,AH1,but,892.7,1628.4,3033.9,0.0564,1,F,T,52.736
t00207,S01,AH1,mud,794.4,1454.3,3153.4,0.1416,1,B,L,66.745
t00208,S01,AH1,cut,894.4,1447.9,2840.8,0.0926,1,S,L,176.476
t00209,S01,AH1,but,790.0,1550.0,2912.7,0.1289,1,S,,190.51
t00210,S01,AH1,mud,841.9,1595.5,2850.7,0.0838,1,K,D,284.169
t00211,S01,AH1,cut,770.2,1612.8,3080.6,0.1631,1,K,N,71.155
t00212,S01,AH1,sun,799.7,1540.4,2775.4,0.1076,1,F,D,258.768
t00213,S01,AH1,cut,851.9,1502.9,2663.6,0.1236,1,B,N,55.901
t00214,S01,AH1,love,805.8,1505.5,3000.4,0.1906,1,S,,169.674
t00215,S01,AH1,love,795.4,1404.0,2968.4,0.0985,1,T,N,44.391
t00216,S01,AH1,sun,788.1,1571.1,2926.2,0.0982,1,T,,48.449
t00217,S01,AH1,but,756.5,1630.0,2928.3,0.1479,1,F,T,124.316
t00218,S01,AH1,cut,734.6,1551.1,2856.3,0.1274,1,K,,288.108
t00219,S01,AH1,mud,821.3,1489.2,2832.5,0.0977,1,T,D,190.588
t00220,S01,AH1,mud,790.6,1500.9,2842.3,0.1473,1,B,,125.041
t00221,S01,AH1,mud,811.7,1504.4,2895.4,0.0764,1,K,P,87.118
t00222,S01,AH1,but,883.9,1484.3,2703.6,0.1071,1,,,278.068
t00223,S01,AH1,mud,850.5,1483.8,3012.9,0.2489,1,S,P,67.717
t00224,S01,AH1,sun,853.8,1491.5,2821.0,0.1106,1,,,43.085
t00225,S01,AH1,cut,703.1,1523.9,2943.6,0.1774,1,T,N,92.299
t00226,S01,ER1,bird,605.6,1607.0,1926.7,0.1358,1,B,L,169.438
t00227,S01,ER1,hurt,631.0,1586.2,2034.4,0.1004,1,,T,50.646
t00228,S01,ER1,bird,605.5,1636.9,2125.8,0.0836,1,F,L,118.359
t00229,S01,ER1,learn,596.8,1660.1,2026.0,0.0933,1,S,T,152.418
t00230,S01,ER1,hurt,584.3,1687.4,2072.0,0.1216,1,,,174.579
t00231,S01,ER1,hurt,634.4,1522.3,1991.9,0.1434,1,K,T,84.885
t00232,S01,ER1,hurt,535.4,1646.5,1862.5,0.1441,1,K,N,42.328
t00233,S01,ER1,learn,600.5,1851.6,2047.3,0.1037,1,,P,160.931
t00234,S01,ER1,her,652.3,1614.2,1909.0,0.1468,1,B,D,8.675
t00235,S01,ER1,hurt,502.7,1698.8,2052.1,0.0797,1,S,N,183.99
t00236,S01,ER1,learn,610.8,1571.6,1968.6,0.1512,1,B,T,199.889
t00237,S01,ER1,learn,616.8,1588.2,2046.6,0.0789,1,F,P,24.203
t00238,S01,ER1,her,619.4,1533.8,2075.8,0.1016,1,K,P,176.849
t00239,S01,ER1,word,572.8,1484.4,1996.0,0.1141,1,,P,101.402
t00240,S01,ER1,her,500.9,1703.5,2022.8,0.1115,1,S,D,231.426
t00241,S01,ER1,hurt,623.1,1603.8,1949.0,0.1155,1,S,,249.793
t00242,S01,ER1,learn,511.0,1667.4,1910.4,0.1317,1,S,T,211.668
t00243,S01,ER1,word,594.1,1602.5,2144.3,0.1117,1,T,N,43.902
t00244,S01,ER1,bird,623.1,1586.9,2001.2,0.2056,1,K,D,263.267
t00245,S01,ER1,her,520.3,1688.7,2179.2,0.0928,1,,N,231.779
t00246,S01,ER1,bird,555.2,1717.5,1976.4,0.0717,1,B,,197.004
t00247,S01,ER1,learn,619.1,1668.1,1940.0,0.1903,1,K,P,18.13
t00248,S01,ER1,hurt,610.5,1593.3,2090.6,0.1516,1,S,L,66.132
t00249,S01,ER1,word,546.8,1657.1,1900.0,0.081,1,K,L,203.105
t00250,S01,ER1,her,680.2,1757.4,2044.4,0.1301,1,S,D,113.367
t00251,S02,IY1,feed,383.5,2579.5,3562.0,0.1044,1,S,L,147.627
t00252,S02,IY1,team,387.4,2371.6,3538.9,0.2206,1,B,T,256.178
t00253,S02,IY1,team,312.5,2511.3,3347.2,0.1054,1,S,,63.603
t00254,S02,IY1,seat,325.7,2570.8,3428.1,0.1014,1,,N,127.243
t00255,S02,IY1,beet,334.2,2590.5,3631.3,0.1188,1,F,D,100.591
t00256,S02,IY1,team,372.2,2612.3,3839.7,0.0751,1,S,L,173.77
t00257,S02,IY1,keep,370.9,2919.6,3458.3,0.0913,1,S,T,97.477
t00258,S02,IY1,team,360.9,2681.0,3419.7,0.1169,1,K,N,253.51
t00259,S02,IY1,feed,326.4,2560.9,3721.9,0.114,1,K,,28.694
t00260,S02,IY1,team,410.9,2687.3,3498.4,0.0929,1,T,L,67.526
t00261,S02,IY1,feed,363.5,2539.8,3619.3,0.1423,1,,L,145.027
t00262,S02,IY1,team,355.1,2484.0,3411.7,0.095,1,B,N,10.623
t00263,S02,IY1,beet,335.1,2539.7,3802.0,0.1299,1,K,P,210.089
t00264,S02,IY1,keep,344.4,2928.7,3531.4,0.1459,1,F,T,269.583
t00265,S02,IY1,keep,337.7,2757.2,3593.8,0.0489,1,S,,199.448
t00266,S02,IY1,keep,336.2,2632.5,3664.5,0.1609,1,T,L,21.559
t00267,S02,IY1,seat,363.4,2769.9,3367.6,0.1576,1,,P,299.104
t00268,S02,IY1,seat,315.8,2752.8,3445.5,0.1083,1,K,,65.464
t00269,S02,IY1,keep,335.0,2837.5,3580.9,0.1607,1,F,N,13.839
t00270,S02,IY1,beet,366.6,2893.4,3713.4,0.2088,1,F,D,91.629
t00271,S02,IY1,beet,370.7,2847.4,3255.1,0.1074,1,T,P,120.891
t00272,S02,IY1,beet,337.2,2747.2,3534.3,0.1352,1,F,T,39.976
t00273,S02,IY1,seat,346.4,2630.5,3466.7,0.1365,1,B,P,148.503
t00274,S02,IY1,feed,323.9,2447.3,3619.2,0.1177,1,K,N,70.2
t00275,S02,IY1,keep,369.5,2497.7,3304.9,0.1483,1,,N,161.92
t00276,S02,IH1,wind,518.4,2185.9,2864.1,0.0801,1,B,N,104.418
t00277,S02,IH1,sit,485.6,2307.1,2958.4,0.1101,1,,P,203.883
t00278,S02,IH1,fill,490.0,2397.2,3017.1,0.187,1,,,240.928
t00279,S02,IH1,kid,513.4,2009.2,2967.9,0.0932,1,B,L,268.217
t00280,S02,IH1,bit,489.1,2358.9,3103.2,0.1072,1,,N,41.705
t00281,S02,IH1,bit,455.3,2240.9,2928.1,0.2607,1,,L,284.526
t00282,S02,IH1,wind,538.9,2346.6,2884.9,0.1642,1,S,T,292.086
t00283,S02,IH1,fill,526.9,2200.5,2806.6,0.136,1,K,D,91.072
t00284,S02,IH1,fill,464.9,2327.4,3193.7,0.0704,1,K,D,100.83
t00285,S02,IH1,fill,435.8,2277.8,3019.2,0.0847,1,B,,115.462
t00286,S02,IH1,kid,490.0,2268.0,2992.5,0.1031,1,B,P,82.213
t00287,S02,IH1,sit,517.2,2394.1,2941.6,0.1203,1,B,N,280.35
t00288,S02,IH1,bit,548.8,2041.4,3021.2,0.1111,1,F,D,232.648
t00289,S02,IH1,bit,479.7,2326.9,2960.9,0.1077,1,,N,136.829
t00290,S02,IH1,kid,515.1,2345.8,3107.1,0.1038,1,B,N,252.282
t00291,S02,IH1,sit,541.1,2479.6,2803.0,0.1241,1,,D,97.277
t00292,S02,IH1,wind,554.4,2231.3,2805.0,0.0813,1,K,L,87.522
t00293,S02,IH1,fill,452.3,2235.9,2799.6,0.0869,1,K,L,267.343
t00294,S02,IH1,sit,434.7,2344.3,3060.1,0.0688,1,T,P,235.182
t00295,S02,IH1,sit,477.7,2365.9,2962.8,0.1131,1,S,D,31.355
t00296,S02,IH1,sit,461.7,2359.9,2895.5,0.0809,1,S,T,165.577
t00297,S02,IH1,kid,468.0,2371.5,3033.0,0.1091,1,F,N,274.333
t00298,S02,IH1,kid,500.2,2276.6,3050.5,0.1013,1,B,P,284.297
t00299,S02,IH1,wind,479.0,2437.7,2884.1,0.0484,1,S,N,179.808
t00300,S02,IH1,sit,504.7,2436.4,2957.0,0.1123,1,T,,78.116
t00301,S02,EH1,bed,715.1,2236.7,2728.8,0.1923,1,K,T,96.292
t00302,S02,EH1,set,779.6,2193.3,2732.9,0.0924,1,B,T,145.809
t00303,S02,EH1,set,758.2,2113.1,2968.6,0.091,1,T,N,3.863
t00304,S02,EH1,help,763.2,2139.3,3176.7,0.1038,1,,P,177.971
t00305,S02,EH1,help,730.8,2146.2,2931.2,0.1267,1,B,P,135.528
t00306,S02,EH1,bed,704.9,2257.0,3036.9,0.1118,1,K,D,290.754
t00307,S02,EH1,bet,824.7,2179.6,2909.8,0.1091,1,B,T,247.505
t00308,S02,EH1,bed,724.3,2320.3,3153.4,0.152,1,F,P,85.745
t00309,S02,EH1,help,640.8,2092.6,2833.0,0.0949,1,T,T,17.459
t00310,S02,EH1,help,701.2,2211.9,2781.0,0.1055,1,F,P,232.428
t00311,S02,EH1,then,728.7,2149.9,3000.6,0.0483,1,S,P,138.499
t00312,S02,EH1,set,748.4,2198.5,3266.7,0.0785,1,S,L,193.415
t00313,S02,EH1,bed,700.5,2090.3,2692.6,0.0794,1,F,,174.981
t00314,S02,EH1,then,729.5,2242.2,2857.9,0.1233,1,S,D,2.563
t00315,S02,EH1,help,734.7,2146.5,2805.0,0.1698,1,K,L,287.869
t00316,S02,EH1,help,689.2,2180.3,3139.2,0.1203,1,S,,266.194
t00317,S02,EH1,bet,717.9,2036.1,2914.6,0.0537,1,S,D,263.087
t00318,S02,EH1,bet,749.6,2252.4,2809.6,0.1124,1,K,N,89.021
t00319,S02,EH1,bet,734.5,2350.9,2869.5,0.1216,1,,D,20.983
t00320,S02,EH1,bed,749.2,2310.1,2735.0,0.103,1,F,T,124.832
t00321,S02,EH1,set,680.2,2299.5,2804.8,0.1109,1,K,,266.81
t00322,S02,EH1,set,711.6,2142.7,2660.5,0.1128,1,B,T,181.732
t00323,S02,EH1,bet,675.4,2196.1,2950.3,0.1352,1,B,L,267.329
t00324,S02,EH1,bet,757.6,2105.2,2903.9,0.2152,1,T,D,213.197
t00325,S02,EH1,help,714.9,2380.6,2807.7,0.1035,1,T,P,238.687
t00326,S02,AE1,back,902.2,1957.2,2723.8,0.0973,1,T,P,151.991
t00327,S02,AE1,bat,910.6,2076.3,2984.2,0.1841,1,F,N,144.636
t00328,S02,AE1,back,769.8,2162.5,2979.5,0.09,1,K,L,69.728
t00329,S02,AE1,back,848.4,2109.3,2817.1,0.0816,1,B,,102.322
t00330,S02,AE1,back,876.1,2013.2,2897.0,0.1263,1,F,T,192.034
t00331,S02,AE1,man,927.0,1948.3,3009.3,0.0684,1,K,P,174.33
t00332,S02,AE1,back,829.1,1932.7,2970.8,0.1689,1,S,T,207.252
t00333,S02,AE1,back,859.5,2075.7,2903.4,0.1339,1,,T,242.489
t00334,S02,AE1,back,939.9,1802.8,2538.5,0.1069,1,K,N,187.011
t00335,S02,AE1,man,795.9,2112.9,2600.3,0.1822,1,F,T,145.397
t00336,S02,AE1,man,831.3,2106.1,2889.0,0.0989,1,K,T,262.274
t00337,S02,AE1,man,899.3,2229.1,2936.3,0.1357,1,,T,272.472
t00338,S02,AE1,back,933.6,1999.9,2878.0,0.1081,1,F,L,29.835
t00339,S02,AE1,sat,899.6,2125.5,2672.6,0.1602,1,T,T,291.605
t00340,S02,AE1,bat,861.1,2281.7,2872.5,0.0875,1,F,P,283.13
t00341,S02,AE1,bat,847.6,2325.8,2922.7,0.1437,1,K,P,215.54
t00342,S02,AE1,bat,890.3,1983.5,2768.1,0.1506,1,K,T,279.075
t00343,S02,AE1,back,767.2,1974.0,2950.5,0.12,1,B,P,32.55
t00344,S02,AE1,bad,977.5,2203.2,2803.5,0.1146,1,F,P,24.734
t00345,S02,AE1,bat,888.0,1968.5,2867.6,0.105,1,S,N,261.847
t00346,S02,AE1,back,803.1,1901.1,2743.2,0.1088,1,T,,33.84
t00347,S02,AE1,man,847.6,1991.9,2881.1,0.1277,1,,T,250.182
t00348,S02,AE1,bad,916.5,2067.5,2955.5,0.1437,1,K,L,139.973
t00349,S02,AE1,back,814.2,1769.1,2806.1,0.1347,1,T,P,11.881
t00350,S02,AE1,bat,754.3,2037.6,2915.3,0.0841,1,K,,72.001
t00351,S02,AA1,lock,840.2,1329.8,3129.2,0.1823,1,B,D,287.584
t00352,S02,AA1,father,855.5,1395.4,2942.9,0.0941,1,K,L,281.657
t00353,S02,AA1,lock,836.0,1345.1,3022.8,0.1016,1,F,L,206.05
t00354,S02,AA1,bot,792.3,1405.0,2955.9,0.1143,1,S,D,222.987
t00355,S02,AA1,lock,974.9,1375.3,2921.0,0.0814,1,B,P,168.101
t00356,S02,AA1,bot,820.1,1348.8,2823.3,0.1628,1,F,N,270.351
t00357,S02,AA1,cot,887.9,1330.6,2971.8,0.2698,1,,P,155.838
t00358,S02,AA1,bot,920.7,1310.5,2938.2,0.0814,1,,P,132.025
t00359,S02,AA1,cot,853.7,1324.3,3124.1,0.105,1,K,,71.087
t00360,S02,AA1,pod,879.8,1368.8,2919.8,0.1359,1,F,L,195.18
t00361,S02,AA1,pod,807.7,1311.7,2988.3,0.2818,1,T,N,37.99
t00362,S02,AA1,father,838.2,1321.0,3142.6,0.1765,1,K,L,291.423
t00363,S02,AA1,pod,924.1,1362.4,3126.1,0.0694,1,S,T,129.905
t00364,S02,AA1,bot,830.3,1346.0,2869.8,0.1017,1,T,L,280.879
t00365,S02,AA1,bot,946.4,1299.4,2822.3,0.2152,1,F,L,221.147
t00366,S02,AA1,cot,823.8,1299.9,2778.4,0.0772,1,K,T,19.452
t00367,S02,AA1,pod,828.3,1252.7,2980.6,0.172,1,B,T,220.485
t00368,S02,AA1,lock,884.8,1352.4,3109.3,0.1334,1,S,L,80.996
t00369,S02,AA1,pod,895.5,1339.6,3154.1,0.2135,1,K,L,245.827
t00370,S02,AA1,lock,931.9,1372.3,2985.2,0.1318,1,T,D,134.136
t00371,S02,AA1,pod,891.0,1279.9,2968.8,0.0728,1,T,P,244.233
t00372,S02,AA1,father,891.4,1370.4,2987.6,0.1097,1,B,L,245.041
t00373,S02,AA1,father,808.3,1386.4,3111.3,0.1418,1,K,L,295.876
t00374,S02,AA1,pod,862.9,1273.9,3000.4,0.1359,1,B,P,248.823
t00375,S02,AA1,lock,868.0,1365.6,2833.6,0.0632,1,,N,223.07
t00376,S02,AO1,talk,751.4,1129.8,2874.3,0.1151,1,T,L,65.252
t00377,S02,AO1,law,727.4,1180.9,3029.6,0.1504,1,S,D,40.161
t00378,S02,AO1,dawn,792.4,1067.8,3385.1,0.0936,1,T,P,160.019
t00379,S02,AO1,caught,797.5,1098.4,2962.3,0.142,1,,N,194.971
t00380,S02,AO1,talk,816.2,1150.3,2875.9,0.1844,1,F,D,109.471
t00381,S02,AO1,bought,796.7,1016.4,2876.8,0.1342,1,T,T,169.276
t00382,S02,AO1,caught,826.9,1161.1,3009.3,0.0868,1,F,T,156.272
t00383,S02,AO1,bought,758.9,1075.7,3008.5,0.0847,1,F,L,153.379
t00384,S02,AO1,bought,688.2,1016.2,3171.7,0.1655,1,T,P,171.685
t00385,S02,AO1,caught,757.8,981.7,2975.9,0.1478,1,F,L,67.442
t00386,S02,AO1,bought,870.9,942.1,2963.0,0.0563,1,B,,260.736
t00387,S02,AO1,law,707.6,1024.9,2937.1,0.1041,1,T,P,226.424
t00388,S02,AO1,talk,731.9,1034.4,2922.9,0.1054,1,B,T,118.23
t00389,S02,AO1,dawn,714.4,1060.6,2839.7,0.0844,1,,T,59.833
t00390,S02,AO1,law,843.2,1107.2,3041.5,0.1223,1,T,T,36.121
t00391,S02,AO1,talk,763.0,1133.6,2950.6,0.1093,1,K,P,211.891
t00392,S02,AO1,talk,913.6,1141.4,3012.2,0.1293,1,K,D,251.917
t00393,S02,AO1,law,708.3,1120.4,3088.4,0.1006,1,K,N,227.945
t00394,S02,AO1,dawn,807.3,1031.1,3149.4,0.1359,1,,T,202.91
t00395,S02,AO1,caught,651.2,1146.6,3042.7,0.1229,1,B,P,232.772
t00396,S02,AO1,bought,729.7,1112.8,3034.2,0.136,1,B,D,200.264
t00397,S02,AO1,dawn,832.9,996.5,2893.3,0.0943,1,S,D,291.717
t00398,S02,AO1,bought,736.3,1047.4,3032.0,0.0938,1,K,T,15.597
t00399,S02,AO1,talk,761.5,1068.1,2951.4,0.1126,1,,P,264.075
t00400,S02,AO1,bought,823.5,1047.0,2969.6,0.0714,1,K,P,57.159
t00401,S02,OW1,code,627.3,1313.2,3004.2,0.0761,1,S,N,282.706
t00402,S02,OW1,code,628.6,998.8,2741.1,0.135,1,F,D,73.276
t00403,S02,OW1,goat,592.9,1206.4,2914.4,0.0582,1,K,L,31.91
t00404,S02,OW1,know,666.1,1226.3,2730.1,0.1086,1,S,P,226.851
t00405,S02,OW1,road,540.4,1110.6,2931.9,0.1073,1,K,N,241.392
t00406,S02,OW1,code,568.4,1133.7,2760.3,0.0775,1,T,N,201.127
t00407,S02,OW1,know,573.8,1101.5,2814.2,0.0446,1,,D,218.104
t00408,S02,OW1,code,660.5,1109.4,2795.5,0.1484,1,B,,262.33
t00409,S02,OW1,road,544.0,1010.0,2894.8,0.0785,1,B,N,73.849
t00410,S02,OW1,code,576.2,1202.3,2846.5,0.1174,1,,D,233.621
t00411,S02,OW1,road,523.6,1200.4,2852.5,0.0846,1,,P,78.521
t00412,S02,OW1,road,532.8,1221.3,2832.4,0.0884,1,K,P,281.778
t00413,S02,OW1,know,644.4,1231.5,2760.7,0.0905,1,S,P,40.208
t00414,S02,OW1,road,593.3,1115.6,2890.9,0.1045,1,,T,35.279
t00415,S02,OW1,code,633.3,1204.3,3008.9,0.1667,1,S,P,170.872
t00416,S02,OW1,boat,573.5,1283.7,2744.8,0.0943,1,S,D,286.511
t00417,S02,OW1,goat,620.2,1227.9,2854.2,0.077,1,F,P,274.094
t00418,S02,OW1,goat,596.9,1222.1,2816.6,0.1377,1,T,D,64.808
t00419,S02,OW1,goat,572.8,1235.8,3071.6,0.1143,1,S,T,188.569
t00420,S02,OW1,boat,560.0,1130.9,2963.9,0.1744,1,T,N,32.357
t00421,S02,OW1,code,655.9,1097.5,2920.0,0.0957,1,F,L,197.153
t00422,S02,OW1,code,614.7,1231.3,2765.9,0.0708,1,K,N,257.071
t00423,S02,OW1,goat,519.5,1213.0,2773.7,0.1053,1,S,P,215.188
t00424,S02,OW1,goat,599.3,1192.3,2658.4,0.0923,1,S,T,113.485
t00425,S02,OW1,know,569.8,1142.0,2769.1,0.1076,1,F,,37.299
t00426,S02,UW1,moon,406.3,1629.9,2690.3,0.0575,1,K,D,36.845
t00427,S02,UW1,moon,395.7,1598.7,2818.9,0.0957,1,,T,252.991
t00428,S02,UW1,boot,432.6,1661.8,2856.3,0.0976,1,T,P,273.254
t00429,S02,UW1,moon,488.9,1725.9,2727.1,0.1002,1,K,T,294.633
t00430,S02,UW1,suit,426.9,1500.6,2774.1,0.1292,1,K,T,79.523
t00431,S02,UW1,boot,462.2,1530.5,2783.6,0.0542,1,B,L,109.807
t00432,S02,UW1,boot,379.0,1518.1,2662.0,0.2011,1,F,D,68.057
t00433,S02,UW1,boot,417.8,1744.1,2844.0,0.0806,1,S,L,50.967
t00434,S02,UW1,boot,434.5,1802.2,2899.7,0.1139,1,F,,163.59
t00435,S02,UW1,food,418.0,1687.5,2852.0,0.1219,1,T,N,115.542
t00436,S02,UW1,moon,422.6,1597.8,2884.9,0.0901,1,,P,2.621
t00437,S02,UW1,moon,412.7,1587.9,2749.6,0.1162,1,F,,239.621
t00438,S02,UW1,suit,386.6,1708.5,2995.1,0.1148,1,S,T,144.608
t00439,S02,UW1,moon,385.4,1567.8,2833.5,0.0559,1,B,P,5.321
t00440,S02,UW1,suit,408.6,1606.9,2859.4,0.0617,1,K,T,84.849
t00441,S02,UW1,boot,373.2,1513.6,2730.6,0.2017,1,T,,279.278
t00442,S02,UW1,suit,423.1,1691.9,2676.9,0.0738,1,S,,235.423
t00443,S02,UW1,food,377.7,1686.6,2875.2,0.1143,1,T,L,247.204
t00444,S02,UW1,suit,466.9,1632.6,2769.5,0.14,1,B,L,163.47
t00445,S02,UW1,boot,458.4,1539.3,2662.6,0.1073,1,,D,78.947
t00446,S02,UW1,suit,473.9,1742.7,2849.5,0.0671,1,F,L,197.875
t00447,S02,UW1,food,460.7,1616.8,2914.7,0.1146,1,F,L,269.855
t00448,S02,UW1,boot,439.5,1782.8,2729.6,0.0941,1,T,N,164.251
t00449,S02,UW1,moon,450.4,1602.9,2769.2,0.0985,1,S,N,26.009
t00450,S02,UW1,two,440.5,1464.6,2689.8,0.0949,1,K,N,237.889
t00451,S02,AH1,mud,793.4,1445.7,2961.9,0.1372,1,T,T,11.901
t00452,S02,AH1,but,779.6,1403.8,2876.2,0.1377,1,T,L,157.258
t00453,S02,AH1,love,726.8,1569.1,2890.1,0.077,1,,P,143.824
t00454,S02,AH1,love,762.0,1673.4,2892.9,0.0753,1,K,,117.547
t00455,S02,AH1,cut,731.5,1509.8,3010.3,0.052,1,B,P,13.535
t00456,S02,AH1,love,688.4,1511.5,2798.4,0.1295,1,T,,84.686
t00457,S02,AH1,sun,787.6,1516.3,3024.7,0.1313,1,F,N,12.152
t00458,S02,AH1,mud,857.3,1447.4,2929.2,0.0987,1,S,N,210.572
t00459,S02,AH1,mud,776.1,1558.2,2907.6,0.1347,1,K,L,297.404
t00460,S02,AH1,mud,827.1,1381.1,3152.4,0.0779,1,,D,72.257
t00461,S02,AH1,love,803.7,1533.2,3113.3,0.0845,1,S,T,155.687
t00462,S02,AH1,cut,766.4,1379.8,2843.4,0.1164,1,T,L,118.985
t00463,S02,AH1,mud,810.7,1364.1,2985.9,0.1452,1,S,P,111.038
t00464,S02,AH1,cut,690.1,1444.2,3054.7,0.103,1,K,D,161.74
t00465,S02,AH1,cut,703.1,1518.5,3080.6,0.0857,1,S,D,230.159
t00466,S02,AH1,mud,800.4,1433.0,2877.0,0.0688,1,K,D,82.836
t00467,S02,AH1,love,785.5,1396.7,2846.1,0.1331,1,,N,184.455
t00468,S02,AH1,cut,841.3,1668.4,2916.6,0.1407,1,S,D,133.164
t00469,S02,AH1,sun,693.8,1516.4,2900.0,0.1852,1,,L,110.104
t00470,S02,AH1,sun,811.7,1580.7,2696.1,0.1124,1,S,T,278.936
t00471,S02,AH1,love,873.0,1599.8,2892.7,0.15,1,T,L,121.181
t00472,S02,AH1,but,783.4,1503.8,2797.6,0.1201,1,K,D,204.177
t00473,S02,AH1,cut,838.1,1628.5,2792.5,0.1631,1,,L,199.269
t00474,S02,AH1,mud,823.8,1577.7,2814.8,0.1377,1,S,P,183.932
t00475,S02,AH1,mud,781.7,1619.0,2915.7,0.0588,1,F,T,10.896
t00476,S02,ER1,hurt,653.5,1594.9,1962.8,0.0847,1,F,N,227.298
t00477,S02,ER1,word,571.0,1747.0,2007.9,0.0785,1,,T,299.762
t00478,S02,ER1,word,632.6,1678.4,2013.2,0.1523,1,S,P,234.851
t00479,S02,ER1,word,539.1,1713.4,2001.7,0.0765,1,T,N,119.3
t00480,S02,ER1,learn,643.4,1565.1,2052.8,0.1328,1,B,N,30.825
t00481,S02,ER1,word,542.1,1464.0,2109.0,0.0897,1,S,,127.941
t00482,S02,ER1,hurt,561.6,1674.1,2187.9,0.1031,1,B,T,117.535
t00483,S02,ER1,learn,604.3,1608.8,1975.8,0.1573,1,T,,34.603
t00484,S02,ER1,learn,546.0,1445.8,2136.0,0.117,1,T,L,259.08
t00485,S02,ER1,bird,614.6,1557.4,2134.2,0.1636,1,S,T,53.897
t00486,S02,ER1,bird,642.3,1499.4,2197.5,0.0849,1,B,D,105.912
t00487,S02,ER1,hurt,628.4,1669.7,2024.5,0.0866,1,K,P,193.606
t00488,S02,ER1,bird,582.6,1494.7,1880.1,0.1076,1,,D,60.597
t00489,S02,ER1,learn,536.4,1736.7,2089.1,0.0906,1,T,P,50.572
t00490,S02,ER1,bird,545.1,1708.2,2116.5,0.1432,1,T,N,49.258
t00491,S02,ER1,bird,502.4,1547.6,1921.9,0.1056,1,K,P,145.063
t00492,S02,ER1,her,516.3,1665.8,2031.4,0.0892,1,T,N,111.664
t00493,S02,ER1,bird,496.4,1589.5,2020.2,0.1226,1,F,N,147.596
t00494,S02,ER1,bird,584.2,1774.9,2001.9,0.0763,1,K,D,112.573
t00495,S02,ER1,her,589.8,1614.7,2036.2,0.1139,1,K,L,26.158
t00496,S02,ER1,her,617.3,1598.9,2157.7,0.1785,1,K,,78.442
t00497,S02,ER1,learn,622.7,1579.1,2154.2,0.0699,1,F,N,173.435
t00498,S02,ER1,hurt,514.0,1522.1,2144.2,0.1083,1,T,T,176.178
t00499,S02,ER1,learn,678.5,1664.7,2035.4,0.1483,1,S,D,238.404
t00500,S02,ER1,word,610.4,1660.7,2013.7,0.1523,1,S,,1.111
t00501,S03,IY1,seat,334.9,2651.7,3448.9,0.1471,1,K,N,54.83
t00502,S03,IY1,seat,330.9,2644.8,3514.6,0.1549,1,S,P,176.724
t00503,S03,IY1,beet,344.6,2546.4,3278.9,0.136,1,,P,259.74
t00504,S03,IY1,beet,396.5,2601.3,3386.9,0.1508,1,,,5.252
t00505,S03,IY1,beet,352.3,2873.4,3567.7,0.0952,1,T,D,255.103
t00506,S03,IY1,seat,356.5,2595.5,3416.5,0.0685,1,K,N,132.158
t00507,S03,IY1,team,336.3,2651.0,3326.8,0.1924,1,T,N,4.26
t00508,S03,IY1,keep,341.0,2534.6,3484.0,0.1443,1,S,,229.996
t00509,S03,IY1,keep,368.6,2683.1,3435.1,0.1292,1,K,T,18.264
t00510,S03,IY1,seat,371.4,2693.5,3306.4,0.1208,1,S,D,111.099
t00511,S03,IY1,team,346.9,2666.9,3552.8,0.1056,1,F,P,152.005
t00512,S03,IY1,feed,371.6,2550.0,3523.3,0.1226,1,T,D,89.22
t00513,S03,IY1,feed,360.7,2626.4,3463.7,0.1621,1,S,P,121.307
t00514,S03,IY1,seat,354.1,2651.4,3172.0,0.1115,1,B,L,268.731
t00515,S03,IY1,seat,349.3,2637.1,3172.5,0.081,1,B,N,223.966
t00516,S03,IY1,beet,318.0,2702.0,3232.1,0.1752,1,F,L,215.882
t00517,S03,IY1,beet,336.2,2458.7,3549.0,0.0865,1,F,D,267.818
t00518,S03,IY1,team,336.6,2652.2,3344.8,0.1153,1,F,L,175.759
t00519,S03,IY1,seat,356.3,2747.5,3458.9,0.1195,1,,N,296.588
t00520,S03,IY1,beet,370.1,2721.6,3677.5,0.0994,1,,,153.809
t00521,S03,IY1,beet,349.8,2873.7,3715.3,0.1356,1,S,P,187.471
t00522,S03,IY1,team,335.0,2697.7,3515.8,0.0574,1,S,N,244.339
t00523,S03,IY1,team,283.0,2665.4,3466.5,0.0738,1,T,D,260.966
t00524,S03,IY1,feed,337.8,2483.7,3425.4,0.1526,1,B,L,299.887
t00525,S03,IY1,beet,332.9,2284.2,3410.7,0.1128,1,F,,52.536
t00526,S03,IH1,wind,466.6,2517.8,2825.7,0.1018,1,T,D,100.407
t00527,S03,IH1,fill,538.3,1819.8,2968.6,0.1201,1,B,,183.323
t00528,S03,IH1,wind,443.9,2110.1,2719.4,0.1514,1,B,P,98.43
t00529,S03,IH1,bit,513.3,2265.4,2721.0,0.0813,1,T,P,141.982
t00530,S03,IH1,fill,541.0,2471.1,3065.3,0.155,1,K,,241.076
t00531,S03,IH1,kid,483.5,2275.4,3165.4,0.1575,1,T,N,61.633
t00532,S03,IH1,kid,553.5,2238.7,2776.5,0.1056,1,T,,291.898
t00533,S03,IH1,wind,537.6,2560.5,2710.6,0.1134,1,T,P,55.852
t00534,S03,IH1,wind,532.0,2444.0,2991.6,0.081,1,K,N,34.924
t00535,S03,IH1,wind,464.3,2203.0,2820.4,0.1101,1,S,L,47.002
t00536,S03,IH1,sit,503.5,2272.0,2934.6,0.0969,1,B,T,233.657
t00537,S03,IH1,bit,454.8,2372.8,2874.3,0.0729,1,,L,124.497
t00538,S03,IH1,bit,492.0,2227.6,3187.6,0.1209,1,T,P,240.677
t00539,S03,IH1,sit,500.3,2290.0,2885.1,0.0809,1,,L,173.137
t00540,S03,IH1,sit,498.1,2178.4,3049.5,0.0937,1,B,T,3.177
t00541,S03,IH1,sit,510.2,2227.4,2909.3,0.0844,1,S,D,278.838
t00542,S03,IH1,wind,498.6,2275.5,2951.5,0.0832,1,F,N,244.911
t00543,S03,IH1,kid,461.8,2272.5,2867.1,0.12,1,B,T,74.301
t00544,S03,IH1,sit,468.8,2389.6,2833.2,0.0854,1,S,,191.665
t00545,S03,IH1,bit,522.2,2164.3,2937.3,0.0712,1,S,T,274.134
t00546,S03,IH1,kid,455.7,2270.0,3135.4,0.1144,1,F,N,85.798
t00547,S03,IH1,kid,435.0,2045.1,2831.2,0.0873,1,B,,86.13
t00548,S03,IH1,kid,536.7,2407.5,2865.3,0.1568,1,F,L,296.843
t00549,S03,IH1,sit,467.3,2334.4,2896.9,0.1021,1,B,L,42.573
t00550,S03,IH1,wind,445.5,2354.6,2722.3,0.1236,1,S,T,181.186
t00551,S03,EH1,set,725.9,2117.1,2878.0,0.1256,1,S,,216.119
t00552,S03,EH1,bed,658.4,2055.9,2951.7,0.0799,1,B,,286.222
t00553,S03,EH1,bed,665.4,2129.5,2840.7,0.13,1,T,P,245.256
t00554,S03,EH1,bet,717.4,1920.2,2910.5,0.054,1,K,,97.753
t00555,S03,EH1,set,733.5,2172.9,2948.2,0.1673,1,S,,108.96
t00556,S03,EH1,help,693.4,1870.0,2632.1,0.0969,1,T,,33.911
t00557,S03,EH1,set,739.7,2156.1,2882.2,0.0833,1,T,P,76.039
t00558,S03,EH1,help,708.5,1893.3,2806.4,0.0842,1,T,P,36.073
t00559,S03,EH1,help,665.9,2090.4,2871.3,0.1083,1,K,T,267.421
t00560,S03,EH1,bed,733.3,2082.3,2726.1,0.1227,1,,D,243.398
t00561,S03,EH1,help,645.4,2320.1,2845.6,0.1244,1,T,,211.64
t00562,S03,EH1,help,719.0,1966.1,2796.4,0.0608,1,S,D,281.825
t00563,S03,EH1,help,688.1,2205.8,2819.9,0.0929,1,T,,123.464
t00564,S03,EH1,set,633.6,2100.3,2711.7,0.0884,1,T,N,84.747
t00565,S03,EH1,bed,626.2,1893.4,2888.2,0.0731,1,S,P,130.154
t00566,S03,EH1,help,740.6,2096.8,2736.1,0.1122,1,K,T,137.829
t00567,S03,EH1,then,675.0,2258.2,2920.9,0.1148,1,,P,163.963
t00568,S03,EH1,bet,737.5,2034.0,2947.8,0.1995,1,S,L,109.994
t00569,S03,EH1,help,717.4,2163.6,2965.2,0.089,1,,P,52.585
t00570,S03,EH1,help,691.3,2356.3,2940.4,0.1571,1,S,L,35.668
t00571,S03,EH1,then,774.2,2071.1,2934.6,0.0771,1,F,D,34.655
t00572,S03,EH1,then,648.1,2176.2,3074.6,0.1064,1,F,D,74.066
t00573,S03,EH1,bed,686.5,2085.7,2897.3,0.076,1,F,,60.125
t00574,S03,EH1,bed,694.1,2117.3,2823.0,0.0751,1,,T,225.9
t00575,S03,EH1,bed,688.2,2054.2,3152.4,0.1268,1,K,T,12.184
t00576,S03,AE1,sat,803.1,1915.7,2628.4,0.1156,1,T,T,242.767
t00577,S03,AE1,bad,828.7,1884.9,2952.0,0.1177,1,T,L,53.358
t00578,S03,AE1,man,796.6,1904.2,2603.5,0.0813,1,T,D,102.617
t00579,S03,AE1,man,1006.7,1944.5,2883.6,0.1278,1,B,,283.173
t00580,S03,AE1,bad,732.4,2057.3,2784.3,0.1076,1,K,,109.003
t00581,S03,AE1,bad,721.5,1704.4,2563.2,0.0794,1,K,L,249.118
t00582,S03,AE1,bat,917.0,2122.6,2876.3,0.0815,1,K,P,25.539
t00583,S03,AE1,bat,962.9,1842.6,2792.9,0.1054,1,B,D,65.804
t00584,S03,AE1,bad,923.3,2113.0,2884.4,0.0938,1,B,T,256.084
t00585,S03,AE1,bad,860.2,2189.8,2739.4,0.1081,1,F,L,250.029
t00586,S03,AE1,back,850.4,2103.5,2835.4,0.2287,1,T,L,280.793
t00587,S03,AE1,back,806.9,1937.2,2759.7,0.094,1,S,T,88.689
t00588,S03,AE1,bat,771.2,1956.1,2822.4,0.0585,1,F,T,243.062
t00589,S03,AE1,bad,849.2,1788.2,2716.8,0.1501,1,B,N,243.636
t00590,S03,AE1,back,834.9,2042.5,2950.7,0.0716,1,K,T,68.824
t00591,S03,AE1,bad,886.9,1942.7,2944.3,0.1903,1,K,N,160.532
t00592,S03,AE1,sat,813.0,2197.2,2924.6,0.1288,1,B,N,22.755
t00593,S03,AE1,sat,814.2,2043.0,2825.4,0.0578,1,,,127.292
t00594,S03,AE1,bat,831.8,1951.8,2653.5,0.0972,1,T,N,6.194
t00595,S03,AE1,man,903.4,2029.5,2766.3,0.183,1,F,L,12.45
t00596,S03,AE1,back,749.3,2137.3,2932.8,0.1395,1,,N,76.786
t00597,S03,AE1,sat,849.0,1806.4,2747.7,0.0706,1,B,D,61.305
t00598,S03,AE1,man,791.5,2002.9,2896.3,0.0723,1,S,D,226.176
t00599,S03,AE1,back,977.1,1874.2,2801.8,0.0818,1,T,T,95.75
t00600,S03,AE1,back,925.6,1952.7,2683.7,0.2014,1,K,T,71.716
t00601,S03,AA1,lock,868.1,1351.2,2949.6,0.0836,1,,L,148.856
t00602,S03,AA1,lock,804.4,1277.2,2915.7,0.0827,1,K,L,75.568
t00603,S03,AA1,father,895.7,1375.2,2696.2,0.0651,1,T,D,182.036
t00604,S03,AA1,bot,946.8,1366.8,2792.9,0.1045,1,B,T,212.902
t00605,S03,AA1,bot,903.2,1361.4,3051.7,0.088,1,B,N,127.471
t00606,S03,AA1,cot,807.5,1243.8,2992.0,0.1044,1,K,L,34.889
t00607,S03,AA1,cot,952.8,1353.9,2839.0,0.1044,1,,N,277.036
t00608,S03,AA1,father,913.3,1267.2,2784.7,0.1462,1,T,P,31.574
t00609,S03,AA1,lock,963.3,1393.0,3079.5,0.1797,1,B,,46.643
t00610,S03,AA1,pod,749.9,1386.6,3076.6,0.2148,1,T,N,183.951
t00611,S03,AA1,cot,831.4,1223.4,2864.4,0.0709,1,T,L,196.985
t00612,S03,AA1,pod,871.2,1318.9,3013.1,0.0887,1,S,N,169.868
t00613,S03,AA1,father,740.3,1340.5,3220.7,0.0949,1,S,P,58.701
t00614,S03,AA1,father,849.2,1312.3,2977.2,0.1351,1,S,P,6.569
t00615,S03,AA1,bot,939.5,1310.8,2976.5,0.1006,1,B,P,88.856
t00616,S03,AA1,lock,925.2,1330.7,2884.6,0.1364,1,,N,231.87
t00617,S03,AA1,pod,806.2,1304.5,3085.3,0.0749,1,S,L,273.874
t00618,S03,AA1,cot,981.2,1378.5,2829.7,0.077,1,K,N,217.634
t00619,S03,AA1,pod,874.7,1557.2,2881.9,0.1994,1,K,D,4.86
t00620,S03,AA1,cot,859.1,1222.8,2852.3,0.1085,1,F,L,179.665
t00621,S03,AA1,cot,818.7,1266.1,2878.1,0.1384,1,T,T,243.148
t00622,S03,AA1,bot,910.8,1391.8,2933.6,0.0749,1,,N,176.274
t00623,S03,AA1,bot,880.9,1338.3,2894.1,0.1112,1,F,P,136.488
t00624,S03,AA1,lock,916.3,1352.3,2900.1,0.0685,1,S,D,276.791
t00625,S03,AA1,pod,906.4,1399.7,2963.1,0.1279,1,S,L,133.374
t00626,S03,AO1,caught,705.7,1028.2,2957.4,0.0613,1,S,N,59.594
t00627,S03,AO1,bought,788.4,1003.9,2839.3,0.0808,1,T,P,244.918
t00628,S03,AO1,law,771.2,961.0,3023.6,0.1399,1,B,N,162.321
t00629,S03,AO1,talk,729.1,1044.9,2986.9,0.1409,1,S,L,218.949
t00630,S03,AO1,bought,762.5,1156.7,3090.2,0.1034,1,K,N,276.834
t00631,S03,AO1,dawn,728.7,1062.1,2826.1,0.0597,1,K,T,262.52
t00632,S03,AO1,talk,756.7,1037.3,3170.3,0.1279,1,,T,250.291
t00633,S03,AO1,law,800.7,1025.7,2985.6,0.1251,1,F,D,65.105
t00634,S03,AO1,caught,667.5,1011.7,2925.1,0.1212,1,S,L,275.977
t00635,S03,AO1,dawn,747.3,1110.0,2927.9,0.1015,1,T,D,222.209
t00636,S03,AO1,dawn,637.1,1047.8,2833.2,0.1252,1,F,N,124.782
t00637,S03,AO1,caught,747.9,1092.9,2956.6,0.1299,1,F,L,228.492
t00638,S03,AO1,bought,819.5,974.3,3082.1,0.1744,1,,T,150.113
t00639,S03,AO1,bought,688.3,1086.6,3220.4,0.1053,1,B,P,35.862
t00640,S03,AO1,bought,742.4,1044.3,2949.9,0.0933,1,B,D,245.329
t00641,S03,AO1,talk,796.4,1096.5,2941.5,0.1484,1,K,T,211.943
t00642,S03,AO1,caught,720.2,1017.5,2917.9,0.1043,1,B,L,188.94
t00643,S03,AO1,bought,795.5,1121.4,2979.4,0.0909,1,F,,107.725
t00644,S03,AO1,law,800.7,1024.8,3186.2,0.1078,1,S,D,129.818
t00645,S03,AO1,law,711.0,1044.4,3136.4,0.1564,1,S,P,290.289
t00646,S03,AO1,bought,691.5,978.6,2794.6,0.0726,1,B,L,237.388
t00647,S03,AO1,law,715.4,1034.0,3174.2,0.1039,1,K,T,289.777
t00648,S03,AO1,dawn,780.0,1000.7,3070.8,0.1277,1,S,L,252.267
t00649,S03,AO1,law,772.0,1093.6,2991.8,0.1427,1,K,T,17.092
t00650,S03,AO1,talk,630.8,1120.1,2970.4,0.0942,1,K,N,28.374
t00651,S03,OW1,road,583.7,1096.0,2790.9,0.1165,1,K,D,58.232
t00652,S03,OW1,boat,602.1,1091.1,2781.5,0.1354,1,S,,7.763
t00653,S03,OW1,road,579.6,1152.2,3028.4,0.0789,1,K,L,73.958
t00654,S03,OW1,road,544.4,1169.8,2777.8,0.0897,1,F,P,212.464
t00655,S03,OW1,goat,565.4,1129.5,2884.7,0.1694,1,B,P,229.519
t00656,S03,OW1,know,622.6,1034.9,2786.9,0.1035,1,K,D,295.35
t00657,S03,OW1,road,536.9,1053.0,2767.2,0.0729,1,K,T,183.68
t00658,S03,OW1,know,577.3,1208.0,2810.5,0.1659,1,K,L,215.042
t00659,S03,OW1,code,518.3,1190.7,2727.4,0.0914,1,F,L,145.812
t00660,S03,OW1,boat,594.5,1116.6,2859.4,0.1495,1,S,D,299.584
t00661,S03,OW1,boat,592.1,1092.1,2793.5,0.1107,1,F,P,46.9
t00662,S03,OW1,road,599.7,1163.4,2748.4,0.1093,1,S,,199.432
t00663,S03,OW1,road,592.8,1199.4,2577.3,0.0719,1,B,,57.765
t00664,S03,OW1,know,623.0,1201.1,2786.6,0.1089,1,,T,132.689
t00665,S03,OW1,know,517.2,1076.9,2915.2,0.0589,1,F,N,251.232
t00666,S03,OW1,road,561.0,1108.7,2751.3,0.1187,1,S,N,279.636
t00667,S03,OW1,road,521.3,1149.4,2761.8,0.0855,1,S,L,69.788
t00668,S03,OW1,code,500.8,1222.6,2751.7,0.1167,1,B,P,19.119
t00669,S03,OW1,boat,587.6,1172.3,2961.0,0.1048,1,S,N,78.063
t00670,S03,OW1,goat,610.1,1112.0,2924.7,0.1373,1,F,D,277.879
t00671,S03,OW1,road,528.9,1070.9,2734.7,0.1156,1,S,D,280.847
t00672,S03,OW1,road,575.1,1163.1,2668.1,0.1289,1,B,L,197.01
t00673,S03,OW1,boat,523.4,1149.3,2804.0,0.118,1,,P,279.819
t00674,S03,OW1,code,568.6,1193.5,2996.3,0.1082,1,B,L,50.205
t00675,S03,OW1,know,555.1,1274.1,2793.5,0.1512,1,B,,89.491
t00676,S03,UW1,two,419.9,1650.9,2707.2,0.1555,1,K,D,8.808
t00677,S03,UW1,suit,426.5,1767.9,2762.8,0.0874,1,,T,195.133
t00678,S03,UW1,moon,438.7,1651.4,2729.9,0.0686,1,T,L,169.118
t00679,S03,UW1,moon,436.4,1562.6,2811.7,0.0872,1,S,N,290.917
t00680,S03,UW1,boot,405.2,1631.0,2763.5,0.0967,1,S,N,157.681
t00681,S03,UW1,two,428.9,1726.6,2659.3,0.1376,1,S,D,44.306
t00682,S03,UW1,suit,388.8,1478.6,2814.6,0.0814,1,F,T,245.462
t00683,S03,UW1,moon,409.5,1539.8,2645.9,0.0837,1,K,N,32.792
t00684,S03,UW1,moon,378.6,1609.5,2902.2,0.094,1,K,P,118.044
t00685,S03,UW1,moon,426.8,1635.1,2771.5,0.0546,1,K,T,286.252
t00686,S03,UW1,food,396.3,1591.6,2508.1,0.12,1,F,L,160.618
t00687,S03,UW1,moon,373.8,1528.0,2590.0,0.1035,1,T,D,141.286
t00688,S03,UW1,food,385.8,1489.0,2766.8,0.1648,1,T,D,1.131
t00689,S03,UW1,two,389.4,1567.2,2701.8,0.1649,1,K,T,166.403
t00690,S03,UW1,boot,412.8,1491.5,2955.9,0.1417,1,S,D,206.344
t00691,S03,UW1,moon,413.0,1725.1,2603.4,0.0631,1,S,P,265.878
t00692,S03,UW1,moon,381.9,1833.3,2670.4,0.0813,1,F,T,193.298
t00693,S03,UW1,boot,413.1,1735.3,2775.6,0.0661,1,S,P,285.072
t00694,S03,UW1,two,443.7,1481.3,2857.3,0.136,1,,D,213.567
t00695,S03,UW1,food,371.4,1614.2,2633.7,0.1347,1,K,P,110.237
t00696,S03,UW1,moon,388.9,1596.0,2859.7,0.0784,1,B,T,190.232
t00697,S03,UW1,boot,460.2,1657.5,2760.0,0.1179,1,K,,254.817
t00698,S03,UW1,food,446.8,1597.6,2953.7,0.0984,1,B,,193.943
t00699,S03,UW1,boot,427.9,1558.5,2759.0,0.1053,1,T,N,265.364
t00700,S03,UW1,suit,359.3,1523.9,2668.1,0.1338,1,B,N,236.073
t00701,S03,AH1,love,781.7,1516.8,2833.9,0.2131,1,,P,281.298
t00702,S03,AH1,but,795.9,1398.6,2952.0,0.1668,1,T,D,240.187
t00703,S03,AH1,cut,775.7,1564.1,2875.9,0.0767,1,K,N,285.809
t00704,S03,AH1,sun,848.4,1434.6,3091.0,0.1615,1,K,L,29.257
t00705,S03,AH1,but,776.5,1380.5,2744.1,0.1117,1,F,,228.273
t00706,S03,AH1,love,796.7,1651.1,2712.7,0.0906,1,K,T,229.619
t00707,S03,AH1,mud,752.2,1594.0,2751.3,0.0567,1,K,P,209.036
t00708,S03,AH1,cut,731.7,1329.3,2818.4,0.1426,1,F,N,132.372
t00709,S03,AH1,cut,793.7,1507.4,3138.2,0.1035,1,B,P,84.966
t00710,S03,AH1,sun,793.0,1517.1,2750.2,0.0688,1,B,T,226.436
t00711,S03,AH1,cut,684.1,1490.7,2951.9,0.097,1,K,T,131.767
t00712,S03,AH1,love,833.8,1562.3,2801.0,0.0523,1,K,N,255.556
t00713,S03,AH1,love,781.4,1420.5,2922.5,0.1298,1,,N,255.315
t00714,S03,AH1,but,852.4,1411.2,2667.1,0.1349,1,S,P,165.078
t00715,S03,AH1,love,797.1,1433.6,2832.2,0.076,1,F,P,93.141
t00716,S03,AH1,cut,835.0,1341.1,2933.5,0.0925,1,T,T,1.222
t00717,S03,AH1,cut,754.8,1514.7,2934.7,0.0708,1,T,T,198.755
t00718,S03,AH1,cut,782.4,1565.5,3071.5,0.0878,1,T,N,172.587
t00719,S03,AH1,mud,662.3,1352.5,2913.3,0.1174,1,F,P,125.733
t00720,S03,AH1,but,757.3,1481.3,2808.8,0.0795,1,B,,42.05
t00721,S03,AH1,cut,816.0,1468.5,2851.7,0.1669,1,,D,233.592
t00722,S03,AH1,sun,788.3,1413.0,2913.9,0.154,1,F,D,206.324
t00723,S03,AH1,but,737.1,1479.0,2898.2,0.0957,1,F,N,288.856
t00724,S03,AH1,sun,837.4,1450.1,2844.9,0.1175,1,F,L,220.979
t00725,S03,AH1,but,729.3,1450.5,2907.7,0.098,1,B,L,250.333
t00726,S03,ER1,learn,582.7,1502.6,2023.9,0.1155,1,B,N,128.682
t00727,S03,ER1,bird,574.8,1552.9,2013.6,0.1234,1,B,L,6.611
t00728,S03,ER1,bird,551.2,1691.8,2010.4,0.106,1,,,109.353
t00729,S03,ER1,hurt,606.6,1642.7,1974.1,0.1175,1,,P,216.308
t00730,S03,ER1,bird,535.1,1481.4,1911.7,0.1427,1,S,T,85.714
t00731,S03,ER1,learn,595.7,1550.2,1987.5,0.0648,1,F,,32.364
t00732,S03,ER1,bird,606.8,1583.5,2053.5,0.2052,1,F,N,1.581
t00733,S03,ER1,her,544.9,1541.6,1955.8,0.1369,1,K,P,235.02
t00734,S03,ER1,bird,653.7,1725.7,2134.9,0.0734,1,K,P,199.984
t00735,S03,ER1,word,580.7,1656.5,2050.8,0.1335,1,,T,281.081
t00736,S03,ER1,bird,612.4,1494.2,2187.4,0.1011,1,,T,258.122
t00737,S03,ER1,bird,516.9,1579.4,1997.8,0.1471,1,,N,28.537
t00738,S03,ER1,bird,561.8,1681.8,1936.1,0.1672,1,F,T,184.915
t00739,S03,ER1,her,558.7,1639.1,2040.6,0.1113,1,F,T,160.186
t00740,S03,ER1,hurt,569.9,1762.1,1963.5,0.1438,1,K,T,281.495
t00741,S03,ER1,learn,507.5,1683.4,2156.2,0.1006,1,K,P,77.447
t00742,S03,ER1,bird,477.0,1605.1,2063.9,0.1318,1,B,P,83.307
t00743,S03,ER1,her,540.2,1534.3,1996.9,0.1025,1,K,L,125.721
t00744,S03,ER1,her,529.1,1483.6,1934.6,0.1054,1,F,D,86.259
t00745,S03,ER1,word,567.1,1516.4,1942.8,0.0734,1,,N,175.477
t00746,S03,ER1,her,582.1,1557.7,2154.2,0.0799,1,,P,165.65
t00747,S03,ER1,her,599.5,1591.2,2038.7,0.1198,1,F,N,106.523
t00748,S03,ER1,hurt,526.2,1637.3,1919.7,0.1097,1,F,L,134.008
t00749,S03,ER1,hurt,567.1,1499.6,1916.4,0.0974,1,S,N,163.414
t00750,S03,ER1,hurt,553.3,1629.8,1990.2,0.1537,1,F,P,267.297
t00751,S04,IY1,keep,347.0,2776.8,3645.0,0.0762,1,B,L,277.515
t00752,S04,IY1,team,307.4,2844.9,3363.4,0.1523,1,K,T,193.402
t00753,S04,IY1,team,339.0,2909.0,3595.3,0.0884,1,,T,8.573
t00754,S04,IY1,seat,352.2,2760.8,3614.8,0.1206,1,B,L,267.857
t00755,S04,IY1,seat,394.6,2689.7,3686.7,0.0921,1,T,N,8.633
t00756,S04,IY1,beet,374.5,2776.5,3551.3,0.1311,1,F,N,214.021
t00757,S04,IY1,beet,414.8,2432.3,3571.3,0.146,1,K,N,11.821
t00758,S04,IY1,keep,332.2,2628.1,3452.5,0.1085,1,T,D,123.776
t00759,S04,IY1,team,350.6,2410.8,3337.4,0.1028,1,S,P,224.771
t00760,S04,IY1,keep,352.4,2715.4,3347.4,0.0879,1,K,,116.995
t00761,S04,IY1,team,351.0,2727.1,3561.7,0.1058,1,,L,220.807
t00762,S04,IY1,keep,309.2,2660.6,3585.8,0.1063,1,S,L,61.667
t00763,S04,IY1,team,342.5,2590.6,3662.3,0.0858,1,K,P,232.314
t00764,S04,IY1,feed,349.3,2404.6,3477.8,0.1141,1,B,,217.367
t00765,S04,IY1,team,387.1,2841.1,3847.1,0.1014,1,K,,48.802
t00766,S04,IY1,seat,338.9,2387.2,3624.0,0.0862,1,S,N,257.39
t00767,S04,IY1,team,298.1,2655.9,3268.9,0.1496,1,S,N,54.35
t00768,S04,IY1,beet,331.9,2567.0,3237.6,0.1001,1,B,T,68.442
t00769,S04,IY1,feed,343.7,2879.7,3642.6,0.1294,1,K,,191.802
t00770,S04,IY1,feed,384.8,2902.3,3687.3,0.0851,1,T,D,199.076
t00771,S04,IY1,seat,329.1,2671.8,3526.1,0.0824,1,B,L,115.429
t00772,S04,IY1,keep,361.5,2947.4,3659.7,0.1322,1,T,L,144.38
t00773,S04,IY1,keep,398.1,2846.8,3395.0,0.1745,1,T,L,213.0
t00774,S04,IY1,team,331.8,2885.6,3617.5,0.1293,1,T,,155.472
t00775,S04,IY1,seat,327.8,2880.5,3582.6,0.1409,1,K,D,112.314
t00776,S04,IH1,bit,529.5,2314.2,2850.4,0.0672,1,K,D,276.121
t00777,S04,IH1,kid,479.1,2485.9,3047.0,0.1587,1,S,P,127.684
t00778,S04,IH1,kid,521.6,2252.5,3050.3,0.1081,1,F,D,298.266
t00779,S04,IH1,bit,516.4,2368.2,3088.1,0.0788,1,,T,267.962
t00780,S04,IH1,kid,571.3,2267.7,3084.0,0.1818,1,K,N,58.412
t00781,S04,IH1,wind,451.9,2232.0,3016.9,0.0588,1,S,P,181.372
t00782,S04,IH1,fill,482.1,2419.1,3151.8,0.1099,1,S,L,36.215
t00783,S04,IH1,kid,515.3,2567.6,3050.3,0.1262,1,B,L,145.714
t00784,S04,IH1,kid,535.8,2394.5,2918.0,0.1011,1,,T,120.063
t00785,S04,IH1,kid,461.1,2364.1,3060.0,0.0992,1,K,D,154.323
t00786,S04,IH1,wind,458.8,2307.9,2866.5,0.083,1,,,266.545
t00787,S04,IH1,kid,505.6,2372.0,3231.2,0.1427,1,S,D,177.337
t00788,S04,IH1,sit,503.4,2568.4,2992.0,0.0812,1,T,L,138.122
t00789,S04,IH1,fill,537.1,2268.8,3005.8,0.1064,1,T,,142.505
t00790,S04,IH1,sit,556.8,2497.8,3094.6,0.1284,1,,T,25.506
t00791,S04,IH1,fill,545.6,2392.5,2974.2,0.1077,1,T,T,131.948
t00792,S04,IH1,fill,499.7,2219.7,2953.3,0.0801,1,B,T,32.852
t00793,S04,IH1,bit,496.9,2240.6,3039.4,0.181,1,S,N,123.922
t00794,S04,IH1,fill,530.1,2287.3,3001.2,0.0854,1,S,,241.649
t00795,S04,IH1,wind,475.9,2206.9,3067.4,0.1676,1,,,282.028
t00796,S04,IH1,wind,495.7,2279.5,3147.4,0.1063,1,B,N,74.128
t00797,S04,IH1,sit,552.1,2209.9,3036.0,0.1067,1,,P,157.286
t00798,S04,IH1,sit,538.7,2405.3,3125.6,0.1256,1,,,172.728
t00799,S04,IH1,kid,507.3,2487.2,3165.1,0.3024,1,T,T,194.572
t00800,S04,IH1,fill,470.1,2125.8,3044.5,0.103,1,F,P,63.236
t00801,S04,EH1,bet,782.3,2349.9,2960.6,0.0917,1,T,T,52.696
t00802,S04,EH1,help,786.4,2227.6,3052.4,0.1387,1,B,D,217.89
t00803,S04,EH1,set,763.5,2216.9,3016.2,0.0837,1,B,L,135.704
t00804,S04,EH1,then,778.0,2188.5,3223.1,0.1082,1,K,L,121.242
t00805,S04,EH1,help,672.1,2215.2,2669.8,0.1254,1,K,N,148.461
t00806,S04,EH1,bet,684.3,2150.1,2855.0,0.1454,1,K,L,211.853
t00807,S04,EH1,help,709.9,2215.6,2790.6,0.1155,1,B,,59.394
t00808,S04,EH1,bed,668.3,2217.3,2950.9,0.1035,1,F,N,275.015
t00809,S04,EH1,bed,671.8,2252.2,2849.7,0.0996,1,,N,276.973
t00810,S04,EH1,help,657.7,2227.8,3164.6,0.2207,1,S,N,211.763
t00811,S04,EH1,bet,709.9,2208.1,3037.8,0.1309,1,F,L,277.385
t00812,S04,EH1,set,690.8,2319.4,2853.2,0.1138,1,K,L,96.257
t00813,S04,EH1,bet,781.3,2298.1,3092.7,0.1086,1,B,T,89.587
t00814,S04,EH1,bed,769.7,2300.0,3068.2,0.1162,1,F,N,170.592
t00815,S04,EH1,help,682.9,2053.4,3115.1,0.1359,1,B,P,121.935
t00816,S04,EH1,bed,761.2,2213.3,3017.1,0.1265,1,F,,282.52
t00817,S04,EH1,bet,642.3,2073.1,3126.9,0.1208,1,K,L,176.08
t00818,S04,EH1,set,678.8,2224.7,3214.0,0.09,1,T,T,10.244
t00819,S04,EH1,then,793.9,2189.6,2876.0,0.1436,1,F,N,228.827
t00820,S04,EH1,bet,708.3,2269.2,2964.1,0.1136,1,,P,267.114
t00821,S04,EH1,help,762.7,2352.4,2686.7,0.2072,1,,T,45.282
t00822,S04,EH1,set,647.0,2314.8,3074.8,0.1922,1,,P,268.309
t00823,S04,EH1,bet,721.0,2104.8,3158.5,0.0805,1,,T,248.025
t00824,S04,EH1,help,702.4,2246.5,3059.4,0.0901,1,B,P,9.054
t00825,S04,EH1,then,697.9,2202.3,2842.3,0.1361,1,K,P,93.594
t00826,S04,AE1,bat,895.1,2160.6,2997.3,0.0895,1,S,P,243.016
t00827,S04,AE1,bad,901.3,2160.8,2746.2,0.0888,1,F,D,92.122
t00828,S04,AE1,sat,963.3,1823.1,2836.3,0.1894,1,B,D,212.357
t00829,S04,AE1,bat,949.1,2110.6,2952.2,0.0742,1,K,,7.168
t00830,S04,AE1,man,843.7,2181.1,2836.6,0.1493,1,F,N,31.714
t00831,S04,AE1,back,951.0,2120.9,2917.6,0.0774,1,K,P,138.462
t00832,S04,AE1,bat,887.7,1968.8,2985.2,0.1558,1,F,N,199.465
t00833,S04,AE1,back,858.2,2233.8,2674.0,0.157,1,F,N,64.952
t00834,S04,AE1,sat,875.3,2151.7,2806.4,0.0653,1,K,P,36.606
t00835,S04,AE1,sat,835.1,2038.9,2812.0,0.1698,1,F,T,58.903
t00836,S04,AE1,man,757.0,2116.0,3035.5,0.0993,1,T,L,78.195
t00837,S04,AE1,back,866.3,1962.9,2566.9,0.0938,1,S,T,264.754
t00838,S04,AE1,man,911.3,2111.3,2901.3,0.1383,1,F,D,19.687
t00839,S04,AE1,bad,982.7,2003.6,3096.5,0.1866,1,F,D,249.071
t00840,S04,AE1,man,786.2,2068.2,2977.4,0.1851,1,F,D,194.3
t00841,S04,AE1,sat,883.4,2112.2,2768.8,0.1209,1,B,L,148.562
t00842,S04,AE1,sat,930.1,1958.4,2834.1,0.0853,1,F,D,48.661
t00843,S04,AE1,bad,938.9,2136.1,2887.2,0.0886,1,T,P,6.206
t00844,S04,AE1,man,844.5,1924.4,2910.8,0.1249,1,K,T,223.638
t00845,S04,AE1,man,811.6,1947.1,2885.2,0.1461,1,S,,161.84
t00846,S04,AE1,back,912.3,1973.8,2953.9,0.0863,1,K,D,139.539
t00847,S04,AE1,man,861.8,2224.5,2932.6,0.1254,1,K,,296.198
t00848,S04,AE1,sat,861.2,1887.3,2926.2,0.0992,1,K,,44.558
t00849,S04,AE1,back,941.6,2144.5,2985.5,0.1154,1,F,L,270.719
t00850,S04,AE1,bat,1048.9,2194.5,2933.6,0.1037,1,K,,257.36
t00851,S04,AA1,pod,865.9,1428.1,2951.6,0.0994,1,S,N,88.138
t00852,S04,AA1,father,805.7,1203.6,2901.8,0.1145,1,T,N,24.891
t00853,S04,AA1,lock,930.5,1223.7,3010.0,0.2137,1,T,N,231.687
t00854,S04,AA1,father,854.6,1283.1,2963.6,0.0881,1,S,D,91.234
t00855,S04,AA1,cot,937.2,1379.9,3122.9,0.0999,1,T,T,161.292
t00856,S04,AA1,bot,952.9,1324.9,3027.3,0.1033,1,,P,138.834
t00857,S04,AA1,cot,952.9,1414.3,3124.7,0.0695,1,B,,263.725
t00858,S04,AA1,father,824.1,1394.0,3114.6,0.1909,1,,D,271.919
t00859,S04,AA1,father,976.9,1374.5,2915.7,0.0687,1,S,L,145.441
t00860,S04,AA1,father,863.3,1346.4,2803.7,0.0955,1,T,N,172.715
t00861,S04,AA1,cot,976.7,1360.7,2964.5,0.0924,1,T,T,30.341
t00862,S04,AA1,father,988.4,1469.6,2962.2,0.1212,1,S,L,119.368
t00863,S04,AA1,pod,887.9,1332.9,3110.1,0.1092,1,S,P,268.721
t00864,S04,AA1,bot,979.5,1432.1,3068.0,0.0799,1,,D,161.493
t00865,S04,AA1,lock,981.3,1397.1,3020.0,0.1763,1,T,T,36.929
t00866,S04,AA1,father,822.2,1367.8,2931.7,0.0783,1,B,L,1.507
t00867,S04,AA1,lock,803.6,1330.9,3101.0,0.0735,1,,P,96.119
t00868,S04,AA1,lock,819.0,1308.4,3199.8,0.0602,1,B,P,69.479
t00869,S04,AA1,cot,887.7,1303.0,2760.4,0.1139,1,B,D,258.242
t00870,S04,AA1,cot,844.2,1448.2,3025.6,0.0919,1,,L,106.872
t00871,S04,AA1,lock,967.1,1353.2,3006.8,0.0815,1,F,P,14.042
t00872,S04,AA1,pod,864.7,1384.3,3032.6,0.1221,1,F,N,58.168
t00873,S04,AA1,father,873.3,1287.3,3072.4,0.0662,1,,,63.173
t00874,S04,AA1,pod,880.0,1353.6,3041.7,0.0728,1,F,,63.581
t00875,S04,AA1,cot,1018.9,1410.6,3069.5,0.1605,1,F,D,210.713
t00876,S04,AO1,law,848.1,1337.7,2866.5,0.0962,1,B,T,150.116
t00877,S04,AO1,law,869.1,1258.2,2970.6,0.0916,1,F,D,164.773
t00878,S04,AO1,law,827.4,1188.2,3060.4,0.0944,1,B,,218.517
t00879,S04,AO1,caught,788.5,1229.6,3358.9,0.0973,1,F,T,282.115
t00880,S04,AO1,caught,858.5,1240.3,2994.3,0.1073,1,K,,277.928
t00881,S04,AO1,dawn,820.5,1206.8,2932.5,0.079,1,T,P,267.398
t00882,S04,AO1,talk,851.3,1213.7,3079.9,0.123,1,F,N,280.231
t00883,S04,AO1,dawn,809.0,1207.5,3107.1,0.1261,1,S,L,95.498
t00884,S04,AO1,caught,831.4,1212.7,3002.4,0.1019,1,T,P,287.204
t00885,S04,AO1,caught,824.3,1253.3,3235.7,0.0983,1,,T,274.598
t00886,S04,AO1,caught,760.1,1096.5,3168.4,0.1047,1,F,T,144.985
t00887,S04,AO1,caught,833.7,1210.6,3043.7,0.0671,1,S,N,110.33
t00888,S04,AO1,talk,754.1,1176.3,2992.3,0.1042,1,F,D,60.507
t00889,S04,AO1,bought,824.3,1238.7,3034.2,0.1398,1,,,162.574
t00890,S04,AO1,dawn,871.9,1197.8,2831.5,0.0906,1,S,L,141.257
t00891,S04,AO1,caught,840.7,1175.3,3075.7,0.0978,1,,T,149.353
t00892,S04,AO1,bought,819.1,1155.9,3065.1,0.0898,1,T,,79.699
t00893,S04,AO1,law,853.3,1187.4,3144.5,0.1069,1,K,,27.777
t00894,S04,AO1,law,855.6,1228.5,3055.9,0.0714,1,T,P,117.937
t00895,S04,AO1,talk,930.6,1333.3,2965.5,0.0958,1,T,T,103.69
t00896,S04,AO1,law,956.5,1248.7,3073.2,0.2202,1,F,,65.365
t00897,S04,AO1,talk,817.0,1345.6,2941.1,0.1173,1,K,P,103.987
t00898,S04,AO1,talk,811.9,1223.8,3095.0,0.1199,1,F,D,32.356
t00899,S04,AO1,dawn,813.7,1157.6,3319.2,0.1124,1,T,P,0.558
t00900,S04,AO1,bought,816.9,1177.7,3095.8,0.1338,1,T,P,148.354
t00901,S04,OW1,boat,539.0,1259.7,2834.2,0.1902,1,T,N,21.389
t00902,S04,OW1,code,587.2,1212.8,3049.1,0.1088,1,F,,239.919
t00903,S04,OW1,goat,584.6,1241.5,2938.5,0.0831,1,,N,167.712
t00904,S04,OW1,code,657.7,1191.0,3016.0,0.1306,1,T,D,208.542
t00905,S04,OW1,boat,613.9,1223.7,3052.9,0.0993,1,T,T,165.278
t00906,S04,OW1,goat,623.4,1085.8,2903.9,0.0854,1,F,,161.019
t00907,S04,OW1,know,593.5,1167.9,2971.3,0.0925,1,S,,177.097
t00908,S04,OW1,boat,577.6,1169.2,2825.2,0.096,1,F,N,115.987
t00909,S04,OW1,road,617.4,1278.8,2897.7,0.092,1,K,P,88.57
t00910,S04,OW1,know,611.4,1197.9,2880.4,0.0988,1,B,D,88.144
t00911,S04,OW1,goat,542.8,1236.4,2883.5,0.1605,1,F,P,168.909
t00912,S04,OW1,goat,565.4,1173.6,2786.0,0.097,1,T,T,200.15
t00913,S04,OW1,road,627.8,1182.6,3063.0,0.0676,1,,,293.007
t00914,S04,OW1,know,608.0,1268.6,2883.6,0.0992,1,F,D,47.388
t00915,S04,OW1,know,565.1,1206.2,2729.9,0.0849,1,T,L,287.383
t00916,S04,OW1,know,601.0,1183.1,2898.1,0.0938,1,F,P,258.317
t00917,S04,OW1,know,579.7,1214.5,2931.1,0.1027,1,K,,106.122
t00918,S04,OW1,boat,584.4,1228.9,2871.0,0.1235,1,B,T,9.313
t00919,S04,OW1,code,645.3,1275.6,2897.8,0.1364,1,K,T,112.732
t00920,S04,OW1,boat,598.9,1089.3,2982.0,0.0992,1,K,N,50.323
t00921,S04,OW1,code,679.6,1088.2,2883.1,0.1839,1,B,,16.954
t00922,S04,OW1,code,540.2,1231.4,3098.0,0.091,1,K,,294.241
t00923,S04,OW1,goat,551.9,1160.6,2848.7,0.1114,1,B,L,64.307
t00924,S04,OW1,goat,615.2,1200.5,3017.3,0.1328,1,T,D,242.379
t00925,S04,OW1,goat,592.2,1161.8,2764.6,0.096,1,,P,191.748
t00926,S04,UW1,two,418.1,1688.7,2706.3,0.0919,1,,D,2.313
t00927,S04,UW1,food,439.3,1754.3,2986.9,0.1486,1,K,,15.387
t00928,S04,UW1,suit,388.4,1685.7,2901.9,0.1321,1,B,T,290.046
t00929,S04,UW1,suit,430.7,1594.8,2998.1,0.1302,1,T,D,6.093
t00930,S04,UW1,suit,416.1,1614.3,2846.7,0.1586,1,,L,161.736
t00931,S04,UW1,moon,434.8,1601.4,2839.9,0.1178,1,K,D,103.002
t00932,S04,UW1,two,426.3,1717.4,3011.6,0.1064,1,T,L,235.912
t00933,S04,UW1,moon,426.0,1628.8,2800.8,0.1011,1,S,,200.207
t00934,S04,UW1,food,461.9,1601.6,2899.9,0.141,1,S,D,47.241
t00935,S04,UW1,boot,421.4,1663.0,2843.3,0.1516,1,F,,252.217
t00936,S04,UW1,food,458.0,1722.7,2925.2,0.1101,1,S,T,159.647
t00937,S04,UW1,moon,421.0,1693.3,2836.4,0.0993,1,,,30.952
t00938,S04,UW1,suit,480.4,1786.2,2820.6,0.0586,1,S,N,214.521
t00939,S04,UW1,two,392.6,1718.8,2925.4,0.084,1,S,T,242.011
t00940,S04,UW1,two,416.3,1552.3,2848.3,0.0865,1,K,,34.802
t00941,S04,UW1,food,447.4,1526.5,2900.5,0.0845,1,,D,199.443
t00942,S04,UW1,food,416.4,1641.4,2657.0,0.0518,1,T,T,262.751
t00943,S04,UW1,moon,397.7,1608.2,2989.3,0.1463,1,T,L,170.219
t00944,S04,UW1,moon,365.2,1620.4,2564.5,0.0908,1,S,D,147.366
t00945,S04,UW1,food,489.5,1598.1,2663.2,0.0567,1,B,N,282.973
t00946,S04,UW1,food,498.2,1683.1,2870.3,0.1128,1,S,D,75.859
t00947,S04,UW1,two,416.0,1556.7,2801.3,0.1219,1,S,T,262.517
t00948,S04,UW1,food,396.7,1704.0,2919.4,0.1148,1,T,L,147.656
t00949,S04,UW1,boot,410.4,1810.3,2915.0,0.1536,1,S,T,26.644
t00950,S04,UW1,food,427.2,1679.5,2951.7,0.0847,1,F,T,106.437
t00951,S04,AH1,sun,785.2,1455.8,2993.5,0.1381,1,K,L,148.722
t00952,S04,AH1,cut,797.6,1603.4,2981.9,0.0585,1,K,N,41.09
t00953,S04,AH1,love,787.3,1562.8,3162.5,0.1933,1,S,P,287.902
t00954,S04,AH1,mud,624.6,1380.5,3046.6,0.1014,1,,,178.906
t00955,S04,AH1,cut,800.0,1581.0,3106.8,0.1116,1,B,N,210.298
t00956,S04,AH1,sun,841.7,1486.0,3001.7,0.1447,1,F,L,103.801
t00957,S04,AH1,love,889.0,1559.6,2942.8,0.0938,1,K,D,143.31
t00958,S04,AH1,cut,978.5,1578.9,2720.4,0.1342,1,S,N,105.64
t00959,S04,AH1,but,864.4,1524.3,2974.9,0.1594,1,T,,86.324
t00960,S04,AH1,mud,718.5,1593.4,2906.3,0.0857,1,S,D,152.889
t00961,S04,AH1,cut,810.1,1492.0,3167.2,0.0698,1,S,P,10.657
t00962,S04,AH1,mud,871.9,1486.1,3066.2,0.0803,1,B,D,178.484
t00963,S04,AH1,but,891.9,1499.8,3048.8,0.1058,1,S,,286.211
t00964,S04,AH1,mud,808.7,1494.4,2945.5,0.115,1,T,,126.853
t00965,S04,AH1,love,860.0,1411.3,2831.6,0.1217,1,S,,246.573
t00966,S04,AH1,love,812.5,1469.4,3138.1,0.0766,1,S,D,36.307
t00967,S04,AH1,love,840.8,1378.6,2809.1,0.0949,1,,,287.866
t00968,S04,AH1,but,793.8,1566.2,2796.9,0.1102,1,T,T,127.609
t00969,S04,AH1,love,822.4,1539.9,3025.5,0.0916,1,T,D,193.008
t00970,S04,AH1,cut,684.4,1556.0,2960.1,0.0932,1,,,7.956
t00971,S04,AH1,love,847.0,1523.9,2964.8,0.1762,1,F,L,66.147
t00972,S04,AH1,sun,749.5,1632.5,2877.4,0.0847,1,K,D,141.427
t00973,S04,AH1,cut,724.8,1469.9,2924.6,0.0844,1,K,N,223.246
t00974,S04,AH1,cut,764.7,1595.9,3050.3,0.1059,1,K,D,168.468
t00975,S04,AH1,cut,903.5,1323.8,2890.1,0.0817,1,K,L,140.923
t00976,S04,ER1,her,592.1,1737.9,2036.5,0.0849,1,,D,126.645
t00977,S04,ER1,learn,678.1,1641.5,2048.4,0.0958,1,T,P,20.056
t00978,S04,ER1,her,561.0,1589.7,1919.6,0.0621,1,T,P,217.0
t00979,S04,ER1,her,623.5,1667.1,2064.4,0.2097,1,S,D,39.432
t00980,S04,ER1,her,599.1,1588.1,2036.0,0.1171,1,S,D,61.588
t00981,S04,ER1,hurt,596.6,1765.0,2073.6,0.0936,1,F,N,83.01
t00982,S04,ER1,word,670.8,1645.4,2163.9,0.1435,1,K,L,231.254
t00983,S04,ER1,bird,567.8,1650.0,2030.2,0.1103,1,K,T,211.805
t00984,S04,ER1,word,504.5,1693.1,2176.0,0.1161,1,B,D,104.162
t00985,S04,ER1,bird,577.1,1827.6,1979.9,0.0726,1,B,P,189.917
t00986,S04,ER1,bird,645.0,1631.5,2114.9,0.1094,1,T,N,292.515
t00987,S04,ER1,word,572.6,1778.8,2037.2,0.1556,1,,N,282.605
t00988,S04,ER1,bird,615.6,1569.5,2151.2,0.0977,1,F,P,177.364
t00989,S04,ER1,bird,570.0,1696.4,2086.7,0.101,1,,L,251.998
t00990,S04,ER1,word,634.0,1723.9,2023.5,0.1185,1,F,T,264.557
t00991,S04,ER1,learn,618.8,1607.1,2293.3,0.1398,1,T,T,20.577
t00992,S04,ER1,learn,555.0,1509.1,1981.1,0.131,1,,L,112.182
t00993,S04,ER1,word,567.4,1615.9,2190.8,0.0694,1,,,57.426
t00994,S04,ER1,hurt,570.6,1648.7,2088.4,0.0977,1,T,,37.011
t00995,S04,ER1,word,579.0,1708.7,2096.7,0.0748,1,F,T,217.699
t00996,S04,ER1,hurt,629.0,1751.9,1929.5,0.1246,1,B,N,118.24
t00997,S04,ER1,word,614.2,1873.2,2144.7,0.139,1,T,L,14.174
t00998,S04,ER1,her,536.0,1598.3,2187.1,0.0974,1,F,,169.829
t00999,S04,ER1,bird,614.8,1599.8,2044.3,0.0889,1,F,N,169.783
t01000,S04,ER1,word,541.1,1701.9,2035.8,0.1747,1,B,N,81.895
t01001,S05,IY1,beet,369.8,2721.4,3515.8,0.1509,1,K,P,15.16
t01002,S05,IY1,team,381.1,2766.8,3371.2,0.1556,1,S,T,258.924
t01003,S05,IY1,team,348.4,2794.3,3556.2,0.1053,1,F,,211.436
t01004,S05,IY1,keep,318.4,2650.2,3767.5,0.1199,1,S,,191.943
t01005,S05,IY1,team,399.2,2890.1,3721.4,0.0736,1,S,D,166.351
t01006,S05,IY1,keep,371.7,2573.4,3642.1,0.1199,1,K,T,145.653
t01007,S05,IY1,beet,380.0,2800.3,3583.5,0.1357,1,T,L,48.603
t01008,S05,IY1,beet,312.6,2612.9,3293.5,0.0953,1,B,,49.292
t01009,S05,IY1,beet,351.5,3027.2,3399.8,0.0768,1,F,,80.227
t01010,S05,IY1,keep,346.7,2606.7,3410.6,0.1538,1,B,T,195.287
t01011,S05,IY1,team,334.2,2707.8,3675.5,0.1694,1,B,L,280.564
t01012,S05,IY1,beet,323.4,2681.2,3845.5,0.1008,1,F,N,109.234
t01013,S05,IY1,seat,350.8,2879.9,3323.9,0.0964,1,B,P,298.126
t01014,S05,IY1,team,338.8,2679.0,3540.4,0.1667,1,F,L,71.523
t01015,S05,IY1,seat,395.8,2968.5,3471.5,0.1523,1,,N,293.995
t01016,S05,IY1,feed,319.1,2878.4,3383.7,0.172,1,S,N,125.564
t01017,S05,IY1,beet,355.7,2894.5,3560.8,0.1814,1,S,T,252.122
t01018,S05,IY1,keep,377.2,2701.7,3508.6,0.1046,1,,,15.992
t01019,S05,IY1,feed,360.7,2730.2,3816.4,0.1086,1,B,L,117.262
t01020,S05,IY1,feed,338.2,2812.3,3796.3,0.2297,1,,P,113.741
t01021,S05,IY1,beet,378.1,2478.6,3637.0,0.1458,1,K,P,34.123
t01022,S05,IY1,team,446.5,2816.2,3670.6,0.1247,1,F,L,101.823
t01023,S05,IY1,keep,391.0,2747.0,3527.4,0.0964,1,B,N,292.054
t01024,S05,IY1,seat,395.4,2449.6,3796.9,0.0681,1,T,P,29.991
t01025,S05,IY1,beet,359.2,2719.0,3690.5,0.0938,1,K,D,23.658
t01026,S05,IH1,fill,541.6,2385.3,3225.1,0.0755,1,S,P,138.121
t01027,S05,IH1,fill,506.7,2203.8,3022.6,0.169,1,T,L,43.378
t01028,S05,IH1,fill,503.9,2207.5,2837.9,0.0865,1,K,P,19.825
t01029,S05,IH1,kid,531.7,2379.0,3039.2,0.0783,1,K,P,215.1
t01030,S05,IH1,fill,537.3,2159.2,2869.7,0.123,1,F,N,230.046
t01031,S05,IH1,fill,509.3,2258.5,2897.6,0.0557,1,,D,210.183
t01032,S05,IH1,kid,483.2,2304.0,3067.0,0.0717,1,,N,289.288
t01033,S05,IH1,bit,542.1,2261.0,2970.9,0.1002,1,B,L,39.198
t01034,S05,IH1,fill,523.6,2459.5,2931.6,0.1338,1,F,,10.888
t01035,S05,IH1,sit,490.2,2470.8,2762.3,0.0934,1,F,,215.925
t01036,S05,IH1,bit,513.8,2342.9,3066.7,0.0626,1,T,T,15.728
t01037,S05,IH1,sit,509.7,2353.7,3146.7,0.127,1,K,L,122.748
t01038,S05,IH1,sit,464.1,2475.9,2879.6,0.0906,1,S,L,80.316
t01039,S05,IH1,kid,504.2,2390.7,3039.1,0.1759,1,K,,128.971
t01040,S05,IH1,wind,535.2,2520.9,3077.1,0.1027,1,,L,3.865
t01041,S05,IH1,wind,503.5,2529.0,2899.2,0.0771,1,B,L,24.844
t01042,S05,IH1,sit,522.1,2373.6,2958.9,0.0956,1,,P,205.801
t01043,S05,IH1,kid,585.9,2339.9,2908.7,0.2109,1,K,T,269.631
t01044,S05,IH1,sit,508.1,2510.6,3057.2,0.1142,1,K,P,123.186
t01045,S05,IH1,kid,536.5,2262.6,3103.8,0.1232,1,F,N,44.504
t01046,S05,IH1,sit,497.9,2327.8,2978.2,0.0899,1,,T,295.733
t01047,S05,IH1,wind,498.1,2329.0,2780.4,0.0859,1,S,N,263.937
t01048,S05,IH1,wind,508.3,2212.4,3246.0,0.1448,1,K,D,82.18
t01049,S05,IH1,fill,519.1,2400.3,2962.4,0.1867,1,S,L,149.177
t01050,S05,IH1,fill,504.5,2219.6,3117.4,0.068,1,,P,82.827
t01051,S05,EH1,help,724.6,2055.4,2983.3,0.0822,1,S,P,185.809
t01052,S05,EH1,bed,760.5,2401.9,3084.7,0.0984,1,,,185.981
t01053,S05,EH1,bet,746.4,2321.5,3005.7,0.1559,1,S,L,32.323
t01054,S05,EH1,bed,647.1,2166.0,2947.3,0.1158,1,T,T,148.884
t01055,S05,EH1,bet,769.3,2329.7,3125.6,0.1018,1,B,,256.701
t01056,S05,EH1,bet,728.7,2251.0,2948.5,0.1515,1,B,N,192.311
t01057,S05,EH1,set,726.6,2201.2,3070.7,0.1212,1,,N,173.305
t01058,S05,EH1,help,600.4,2175.3,2719.3,0.1112,1,T,D,160.967
t01059,S05,EH1,set,711.2,2481.8,3031.4,0.0882,1,S,N,8.179
t01060,S05,EH1,set,668.9,2216.1,2849.9,0.1422,1,F,N,96.275
t01061,S05,EH1,set,771.6,2362.1,3069.1,0.1671,1,,T,254.613
t01062,S05,EH1,bed,669.9,2278.2,2952.1,0.1142,1,K,N,216.163
t01063,S05,EH1,help,727.2,2083.1,2951.4,0.0651,1,K,P,134.25
t01064,S05,EH1,bed,645.6,2080.8,2982.9,0.0754,1,K,N,156.471
t01065,S05,EH1,bet,776.0,2098.9,2973.3,0.0837,1,B,D,229.438
t01066,S05,EH1,bed,780.3,2053.2,2771.9,0.23,1,B,D,63.899
t01067,S05,EH1,help,690.3,1992.5,2849.9,0.0876,1,S,P,221.896
t01068,S05,EH1,help,749.9,2079.4,3046.0,0.1698,1,S,N,76.567
t01069,S05,EH1,set,714.6,2390.4,2993.8,0.1153,1,T,P,268.492
t01070,S05,EH1,help,682.8,2190.9,2777.0,0.1214,1,S,T,246.099
t01071,S05,EH1,then,700.0,2103.8,3092.2,0.0739,1,S,T,127.536
t01072,S05,EH1,bed,673.9,2255.0,2621.0,0.1104,1,K,P,251.707
t01073,S05,EH1,set,580.6,2169.2,2905.7,0.1096,1,F,D,148.912
t01074,S05,EH1,help,653.2,2138.4,3024.8,0.1013,1,K,D,156.799
t01075,S05,EH1,help,714.1,2089.7,2874.6,0.1021,1,B,N,133.726
t01076,S05,AE1,man,864.5,2117.4,2756.8,0.1233,1,,D,70.04
t01077,S05,AE1,back,846.7,2073.2,2853.8,0.1704,1,S,D,265.914
t01078,S05,AE1,sat,929.5,1959.0,2958.7,0.155,1,B,T,147.363
t01079,S05,AE1,man,870.4,2039.9,3072.1,0.0471,1,F,D,0.545
t01080,S05,AE1,man,861.4,2277.3,2796.0,0.1339,1,K,D,289.113
t01081,S05,AE1,back,897.2,1996.3,2726.7,0.0744,1,K,L,193.161
t01082,S05,AE1,man,919.8,2107.4,2949.6,0.1163,1,F,P,156.548
t01083,S05,AE1,man,820.5,2137.4,2860.6,0.0932,1,S,D,73.957
t01084,S05,AE1,back,910.5,1800.8,2797.2,0.0751,1,S,P,96.12
t01085,S05,AE1,back,862.2,2025.3,2814.0,0.1442,1,S,T,117.055
t01086,S05,AE1,sat,938.5,2073.3,2951.2,0.2403,1,B,T,261.904
t01087,S05,AE1,back,857.2,1986.9,3018.2,0.1515,1,K,L,25.303
t01088,S05,AE1,bat,794.0,2041.4,2785.8,0.0832,1,,P,296.583
t01089,S05,AE1,bad,926.7,2018.4,2888.4,0.1218,1,S,D,21.887
t01090,S05,AE1,sat,943.7,2068.4,2851.6,0.1011,1,S,D,91.814
t01091,S05,AE1,man,831.1,2028.7,2929.1,0.1458,1,F,T,111.128
t01092,S05,AE1,bad,850.9,2090.3,2847.4,0.149,1,,,145.313
t01093,S05,AE1,man,785.4,1996.5,3054.6,0.1195,1,K,N,106.409
t01094,S05,AE1,back,952.0,1984.9,3020.0,0.0833,1,K,T,26.942
t01095,S05,AE1,back,762.2,2190.5,2680.5,0.0845,1,S,P,23.837
t01096,S05,AE1,bat,861.6,1961.7,3018.9,0.1209,1,F,,143.587
t01097,S05,AE1,back,898.2,2006.1,3036.4,0.1101,1,T,N,10.829
t01098,S05,AE1,back,864.2,2053.5,2882.5,0.1719,1,,D,171.385
t01099,S05,AE1,sat,858.2,1901.4,2829.6,0.081,1,T,D,81.102
t01100,S05,AE1,bat,905.1,2063.5,2778.1,0.1056,1,K,T,142.476
t01101,S05,AA1,cot,871.2,1278.3,2972.2,0.1017,1,F,,137.56
t01102,S05,AA1,pod,882.3,1399.3,3076.4,0.1152,1,,L,286.268
t01103,S05,AA1,cot,854.8,1404.7,3076.4,0.0736,1,,T,154.955
t01104,S05,AA1,father,847.7,1445.1,2909.5,0.0811,1,,L,251.075
t01105,S05,AA1,pod,842.3,1336.0,2903.0,0.1063,1,K,T,18.268
t01106,S05,AA1,lock,905.8,1351.1,3058.6,0.1572,1,S,T,106.446
t01107,S05,AA1,cot,788.3,1265.5,2965.9,0.1326,1,K,T,103.854
t01108,S05,AA1,lock,784.7,1412.0,2990.2,0.0601,1,F,N,28.152
t01109,S05,AA1,pod,832.0,1287.2,2886.7,0.1073,1,S,,103.049
t01110,S05,AA1,lock,869.7,1478.9,3094.5,0.0975,1,S,T,257.507
t01111,S05,AA1,pod,896.9,1434.9,3091.6,0.0845,1,T,L,254.61
t01112,S05,AA1,bot,921.8,1322.9,2925.5,0.0848,1,S,,166.599
t01113,S05,AA1,cot,945.3,1367.9,3013.2,0.195,1,S,T,156.883
t01114,S05,AA1,lock,938.2,1276.1,3125.6,0.0991,1,T,T,213.888
t01115,S05,AA1,lock,908.5,1320.7,3064.5,0.1417,1,F,D,219.646
t01116,S05,AA1,pod,940.9,1395.7,3043.5,0.0944,1,S,N,41.297
t01117,S05,AA1,bot,909.5,1405.7,3023.3,0.106,1,S,D,65.54
t01118,S05,AA1,father,948.8,1381.1,3006.0,0.0975,1,F,L,197.763
t01119,S05,AA1,pod,818.3,1397.8,3027.5,0.16,1,,D,69.162
t01120,S05,AA1,bot,983.5,1261.9,3202.9,0.1676,1,,T,294.219
t01121,S05,AA1,pod,919.6,1305.4,2855.4,0.1049,1,K,P,149.316
t01122,S05,AA1,cot,762.8,1396.5,2849.8,0.0746,1,S,D,252.8
t01123,S05,AA1,lock,948.6,1458.1,2993.2,0.1086,1,F,L,219.487
t01124,S05,AA1,cot,993.7,1371.8,3141.7,0.0965,1,F,P,90.897
t01125,S05,AA1,cot,891.6,1216.4,2945.4,0.108,1,,,45.84
t01126,S05,AO1,law,908.5,1215.8,3270.1,0.0962,1,T,D,212.387
t01127,S05,AO1,law,818.6,1183.4,3135.8,0.0584,1,B,,188.563
t01128,S05,AO1,dawn,854.5,1178.7,3156.3,0.1101,1,T,,264.321
t01129,S05,AO1,talk,867.7,1187.0,3329.8,0.1432,1,B,T,27.311
t01130,S05,AO1,talk,809.6,1174.0,3029.1,0.1589,1,B,P,138.482
t01131,S05,AO1,law,812.6,1167.3,3092.7,0.0966,1,,T,241.348
t01132,S05,AO1,bought,837.3,1191.4,3098.8,0.1502,1,T,,278.652
t01133,S05,AO1,caught,846.5,1223.7,3120.8,0.0631,1,B,,142.928
t01134,S05,AO1,law,822.7,1158.1,2834.4,0.1398,1,S,N,200.855
t01135,S05,AO1,caught,856.5,1139.6,3007.9,0.0974,1,,,124.754
t01136,S05,AO1,bought,914.2,1311.6,3073.4,0.1133,1,F,L,50.141
t01137,S05,AO1,dawn,736.9,1277.4,3233.3,0.0869,1,S,P,80.958
t01138,S05,AO1,bought,817.8,1185.7,3035.8,0.1613,1,K,P,214.617
t01139,S05,AO1,dawn,864.2,1174.8,3135.4,0.0956,1,T,P,45.483
t01140,S05,AO1,bought,861.9,1218.4,3105.6,0.1107,1,S,P,152.365
t01141,S05,AO1,law,839.8,1293.2,3088.6,0.0998,1,T,,207.725
t01142,S05,AO1,dawn,820.4,1228.3,2965.3,0.1728,1,K,P,44.948
t01143,S05,AO1,law,867.4,1260.6,3053.5,0.0862,1,K,P,224.446
t01144,S05,AO1,dawn,876.8,1310.8,3020.8,0.1502,1,F,,146.808
t01145,S05,AO1,talk,840.3,1273.2,3153.6,0.0595,1,S,N,261.146
t01146,S05,AO1,talk,792.0,1274.9,3006.0,0.1615,1,F,L,271.961
t01147,S05,AO1,dawn,864.2,1319.9,3076.6,0.1051,1,B,N,141.904
t01148,S05,AO1,law,731.3,1226.3,3115.4,0.1134,1,K,P,294.15
t01149,S05,AO1,talk,715.9,1188.9,2909.9,0.1126,1,B,P,122.36
t01150,S05,AO1,talk,942.0,1250.1,2946.2,0.0924,1,B,,111.611
t01151,S05,OW1,code,605.8,1246.8,2758.5,0.0937,1,B,L,167.43
t01152,S05,OW1,road,655.0,1232.7,2886.9,0.2022,1,S,D,130.836
t01153,S05,OW1,boat,596.9,1170.6,2655.9,0.0607,1,K,D,139.258
t01154,S05,OW1,code,646.2,1266.1,3105.5,0.2445,1,S,P,37.55
t01155,S05,OW1,know,532.4,1187.1,2967.8,0.1366,1,,,104.301
t01156,S05,OW1,road,643.5,1088.4,2802.9,0.0974,1,B,P,270.891
t01157,S05,OW1,code,564.6,1157.8,2976.6,0.0985,1,S,L,35.83
t01158,S05,OW1,know,575.7,1139.0,2816.1,0.1444,1,T,,289.196
t01159,S05,OW1,goat,561.5,1235.2,2727.6,0.162,1,B,T,287.71
t01160,S05,OW1,boat,638.0,1194.8,2976.5,0.1749,1,,T,247.527
t01161,S05,OW1,know,612.8,1137.8,3091.2,0.111,1,K,D,192.388
t01162,S05,OW1,boat,638.3,1152.1,2821.1,0.0585,1,S,,99.682
t01163,S05,OW1,code,613.5,1267.4,2844.0,0.1132,1,B,L,14.984
t01164,S05,OW1,road,564.5,1177.8,2853.8,0.0737,1,K,P,145.718
t01165,S05,OW1,know,661.8,1237.2,2771.3,0.1334,1,B,P,200.102
t01166,S05,OW1,goat,524.4,1251.4,2792.3,0.0876,1,B,P,252.199
t01167,S05,OW1,goat,585.2,1205.2,2670.3,0.1286,1,S,D,111.285
t01168,S05,OW1,know,614.6,1234.4,2794.1,0.0776,1,B,,97.774
t01169,S05,OW1,road,580.6,1188.6,3086.3,0.0595,1,B,,100.199
t01170,S05,OW1,boat,583.7,1151.7,2938.7,0.1899,1,T,D,286.797
t01171,S05,OW1,goat,607.3,1194.2,2932.7,0.0829,1,K,T,258.142
t01172,S05,OW1,road,517.5,1255.5,2745.5,0.1052,1,,T,188.266
t01173,S05,OW1,know,640.8,1216.7,2929.4,0.1647,1,K,P,115.405
t01174,S05,OW1,road,600.3,1165.4,2914.6,0.1438,1,S,P,143.442
t01175,S05,OW1,goat,491.6,1198.3,2812.1,0.1099,1,F,P,228.239
t01176,S05,UW1,suit,446.0,1491.3,2859.9,0.0849,1,K,L,147.612
t01177,S05,UW1,two,396.9,1681.6,2848.8,0.115,1,,,295.914
t01178,S05,UW1,boot,360.8,1503.2,2810.0,0.0982,1,S,,247.544
t01179,S05,UW1,two,422.9,1672.6,2926.7,0.0914,1,K,,71.466
t01180,S05,UW1,suit,463.0,1682.6,2987.3,0.1471,1,F,P,106.124
t01181,S05,UW1,suit,427.2,1723.8,2717.2,0.1333,1,B,L,267.359
t01182,S05,UW1,boot,442.2,1572.9,2921.8,0.0646,1,B,D,287.643
t01183,S05,UW1,boot,438.0,1662.5,2933.7,0.0676,1,,D,92.062
t01184,S05,UW1,boot,411.7,1691.6,2832.0,0.0937,1,S,,205.593
t01185,S05,UW1,moon,456.3,1523.4,2878.8,0.1257,1,F,,42.882
t01186,S05,UW1,moon,397.0,1740.7,2788.3,0.1948,1,S,T,125.069
t01187,S05,UW1,food,395.9,1751.2,2738.2,0.0929,1,F,P,1.629
t01188,S05,UW1,food,459.8,1854.7,2974.6,0.1054,1,B,D,163.825
t01189,S05,UW1,two,410.9,1618.5,2862.3,0.132,1,,,120.462
t01190,S05,UW1,boot,434.1,1771.2,2891.1,0.1517,1,S,L,52.903
t01191,S05,UW1,food,421.9,1590.0,2890.5,0.0912,1,T,P,138.61
t01192,S05,UW1,two,411.7,1752.3,2711.5,0.1472,1,B,N,49.257
t01193,S05,UW1,suit,440.7,1601.0,2832.4,0.0902,1,F,,287.594
t01194,S05,UW1,moon,465.3,1563.4,2911.1,0.1263,1,T,D,19.033
t01195,S05,UW1,two,458.2,1806.2,2759.5,0.1933,1,T,P,95.24
t01196,S05,UW1,two,420.1,1775.5,2898.6,0.1239,1,S,D,131.171
t01197,S05,UW1,moon,428.1,1778.5,2752.8,0.1336,1,T,T,225.707
t01198,S05,UW1,suit,402.6,1595.4,2833.3,0.1599,1,K,P,60.103
t01199,S05,UW1,boot,449.1,1630.9,2771.7,0.1274,1,S,P,88.169
t01200,S05,UW1,two,385.0,1566.6,2810.2,0.1206,1,B,T,141.394
t01201,S05,AH1,love,909.1,1472.5,2673.9,0.1339,1,,L,188.722
t01202,S05,AH1,love,837.0,1402.6,3063.4,0.0789,1,F,L,209.038
t01203,S05,AH1,but,739.4,1688.4,2866.0,0.1176,1,T,L,52.578
t01204,S05,AH1,love,891.4,1428.7,2907.5,0.086,1,K,T,252.118
t01205,S05,AH1,but,807.0,1574.5,3179.6,0.1257,1,,,239.272
t01206,S05,AH1,but,726.6,1411.0,3070.5,0.121,1,T,P,212.416
t01207,S05,AH1,love,740.4,1442.2,3156.3,0.0827,1,F,L,219.883
t01208,S05,AH1,cut,813.4,1602.7,3042.7,0.0918,1,B,L,255.227
t01209,S05,AH1,sun,898.6,1531.5,3110.0,0.1352,1,B,D,228.965
t01210,S05,AH1,but,806.6,1542.7,3044.7,0.1278,1,S,D,133.768
t01211,S05,AH1,sun,869.2,1471.0,3006.1,0.0871,1,S,L,267.718
t01212,S05,AH1,mud,731.7,1507.0,3116.9,0.098,1,T,N,270.979
t01213,S05,AH1,cut,740.4,1705.8,2883.5,0.0875,1,T,T,128.511
t01214,S05,AH1,love,854.8,1508.3,3141.0,0.1025,1,B,P,89.599
t01215,S05,AH1,mud,807.8,1397.8,3066.3,0.1128,1,B,N,56.669
t01216,S05,AH1,cut,889.9,1518.0,3001.5,0.1674,1,T,N,143.087
t01217,S05,AH1,cut,781.8,1548.8,2924.4,0.111,1,F,T,267.646
t01218,S05,AH1,but,805.1,1600.6,2987.2,0.0794,1,F,D,212.338
t01219,S05,AH1,mud,736.8,1598.5,2963.6,0.0976,1,,P,181.233
t01220,S05,AH1,mud,802.0,1498.7,2807.1,0.0944,1,,P,245.917
t01221,S05,AH1,love,824.5,1529.6,2953.6,0.1233,1,K,,100.588
t01222,S05,AH1,love,748.1,1502.4,2820.4,0.1095,1,S,T,128.659
t01223,S05,AH1,sun,756.6,1625.6,2974.6,0.1049,1,K,,62.572
t01224,S05,AH1,but,740.2,1468.4,2711.0,0.0623,1,S,N,193.31
t01225,S05,AH1,but,799.0,1594.4,3100.8,0.1546,1,B,L,138.751
t01226,S05,ER1,learn,593.9,1561.3,2149.7,0.046,1,K,D,280.413
t01227,S05,ER1,bird,546.9,1750.4,2076.6,0.1413,1,F,T,106.379
t01228,S05,ER1,word,589.5,1612.1,2107.1,0.1182,1,,L,78.789
t01229,S05,ER1,her,619.5,1640.1,2030.0,0.0538,1,S,D,70.781
t01230,S05,ER1,learn,543.8,1529.3,2125.9,0.0954,1,K,P,19.143
t01231,S05,ER1,learn,552.2,1776.3,1867.2,0.0814,1,K,,175.782
t01232,S05,ER1,bird,573.4,1548.7,2198.7,0.1433,1,,T,54.227
t01233,S05,ER1,her,613.1,1623.2,2033.7,0.1216,1,S,T,291.139
t01234,S05,ER1,bird,531.0,1556.4,1915.2,0.1406,1,T,T,232.706
t01235,S05,ER1,word,572.6,1747.6,2193.5,0.0837,1,F,T,48.159
t01236,S05,ER1,bird,641.6,1667.2,2052.0,0.1478,1,S,,154.926
t01237,S05,ER1,hurt,574.9,1724.4,2215.8,0.1273,1,,T,287.829
t01238,S05,ER1,word,594.3,1741.7,2123.3,0.0905,1,K,D,152.348
t01239,S05,ER1,learn,532.7,1560.7,2043.1,0.0974,1,K,P,115.393
t01240,S05,ER1,learn,624.3,1529.4,2114.4,0.0939,1,F,T,23.302
t01241,S05,ER1,hurt,526.3,1765.6,2058.2,0.0884,1,S,N,220.801
t01242,S05,ER1,word,508.6,1488.9,2094.0,0.1222,1,,N,55.149
t01243,S05,ER1,learn,517.6,1667.2,2161.4,0.0689,1,T,T,265.579
t01244,S05,ER1,learn,584.0,1634.4,2065.8,0.0651,1,B,L,141.462
t01245,S05,ER1,word,577.0,1593.6,2082.1,0.1489,1,B,P,284.251
t01246,S05,ER1,word,559.8,1710.0,2197.2,0.1316,1,,,28.213
t01247,S05,ER1,learn,523.0,1561.6,2060.6,0.1149,1,F,T,36.123
t01248,S05,ER1,learn,558.4,1732.8,1947.5,0.082,1,,N,29.63
t01249,S05,ER1,her,661.0,1610.5,2111.5,0.1534,1,,T,242.668
t01250,S05,ER1,her,624.5,1774.3,2038.1,0.1042,1,S,T,289.934
t01251,S06,IY1,team,326.6,2704.2,3480.0,0.1596,1,F,,216.075
t01252,S06,IY1,keep,344.1,2899.8,3609.1,0.1118,1,B,P,298.75
t01253,S06,IY1,feed,352.8,2717.0,3498.2,0.1092,1,K,,72.238
t01254,S06,IY1,team,335.0,2956.5,3690.1,0.1026,1,,P,193.701
t01255,S06,IY1,team,396.6,2891.9,3636.1,0.162,1,T,P,45.586
t01256,S06,IY1,team,342.9,2580.4,3240.8,0.1583,1,T,L,136.013
t01257,S06,IY1,seat,356.3,2766.6,3497.9,0.1474,1,F,,35.972
t01258,S06,IY1,feed,349.5,2832.8,3584.4,0.1882,1,T,L,151.116
t01259,S06,IY1,seat,311.9,2612.2,3676.0,0.1472,1,S,N,86.747
t01260,S06,IY1,seat,298.3,2665.9,3451.1,0.0898,1,,N,6.085
t01261,S06,IY1,team,334.6,2564.8,3714.5,0.0966,1,,N,188.424
t01262,S06,IY1,team,358.9,2561.8,3232.4,0.1479,1,F,P,263.897
t01263,S06,IY1,seat,315.9,2508.5,3344.2,0.0899,1,F,D,30.074
t01264,S06,IY1,keep,350.4,2673.2,3654.3,0.1099,1,F,N,196.623
t01265,S06,IY1,feed,395.6,2400.5,3655.8,0.0994,1,K,T,54.514
t01266,S06,IY1,seat,361.7,2631.2,3624.5,0.0951,1,,P,85.978
t01267,S06,IY1,feed,347.4,2588.6,3231.6,0.1019,1,F,P,20.421
t01268,S06,IY1,beet,370.5,3133.1,3443.2,0.081,1,T,D,243.822
t01269,S06,IY1,seat,380.2,2583.0,3617.5,0.0788,1,,L,203.909
t01270,S06,IY1,keep,367.3,2677.5,3524.7,0.0897,1,T,P,155.097
t01271,S06,IY1,keep,328.6,2761.8,3711.7,0.1145,1,S,N,171.471
t01272,S06,IY1,beet,369.0,2818.2,3474.9,0.1111,1,,T,59.537
t01273,S06,IY1,team,331.4,2748.4,3453.3,0.0786,1,S,P,255.504
t01274,S06,IY1,feed,309.9,2871.4,3754.8,0.1351,1,F,D,109.82
t01275,S06,IY1,beet,346.9,2780.5,3460.8,0.1482,1,T,,50.772
t01276,S06,IH1,bit,530.6,2318.3,3258.6,0.1466,1,T,L,42.308
t01277,S06,IH1,fill,476.7,2413.3,3056.0,0.0685,1,T,,271.723
t01278,S06,IH1,fill,501.1,2210.3,3131.2,0.0786,1,K,D,99.419
t01279,S06,IH1,wind,510.7,2217.9,2976.2,0.1319,1,K,D,174.563
t01280,S06,IH1,bit,440.7,2397.5,2897.9,0.1571,1,T,P,43.538
t01281,S06,IH1,bit,469.6,2491.5,2962.2,0.1339,1,,L,83.815
t01282,S06,IH1,wind,533.0,2324.9,3084.5,0.0845,1,,N,5.359
t01283,S06,IH1,wind,465.5,2253.2,3124.3,0.0881,1,F,P,248.563
t01284,S06,IH1,kid,474.7,2361.2,2971.1,0.0997,1,B,D,205.802
t01285,S06,IH1,fill,543.7,2573.6,3023.7,0.0874,1,F,L,85.872
t01286,S06,IH1,kid,500.9,2347.9,2895.1,0.1751,1,K,N,243.605
t01287,S06,IH1,bit,488.1,2268.4,3205.0,0.1747,1,F,,191.464
t01288,S06,IH1,fill,499.5,2353.5,3193.9,0.2142,1,T,L,272.278
t01289,S06,IH1,wind,543.5,2244.6,2846.7,0.1544,1,T,N,135.643
t01290,S06,IH1,fill,505.8,2587.5,3265.7,0.0935,1,K,D,230.615
t01291,S06,IH1,fill,527.9,2289.7,2996.6,0.0922,1,F,L,133.954
t01292,S06,IH1,wind,509.8,2506.5,2807.2,0.1566,1,T,P,35.627
t01293,S06,IH1,fill,499.4,2410.6,2991.4,0.1589,1,S,P,130.544
t01294,S06,IH1,kid,471.5,2466.5,2866.1,0.0913,1,F,T,245.721
t01295,S06,IH1,bit,465.4,2233.3,3032.2,0.1245,1,,T,261.397
t01296,S06,IH1,kid,462.0,2052.2,2901.5,0.1289,1,F,P,221.175
t01297,S06,IH1,kid,487.5,2595.0,2682.4,0.1381,1,,N,263.329
t01298,S06,IH1,bit,507.4,2334.0,2803.2,0.1345,1,F,D,82.864
t01299,S06,IH1,wind,558.3,2179.5,3056.2,0.1375,1,T,D,57.23
t01300,S06,IH1,bit,505.1,2340.9,3122.4,0.1091,1,F,,83.505
t01301,S06,EH1,help,679.2,2250.6,2989.0,0.0818,1,S,L,58.23
t01302,S06,EH1,help,688.7,2084.8,2851.8,0.0772,1,,,217.237
t01303,S06,EH1,bed,750.2,2299.3,2953.8,0.1328,1,F,,274.196
t01304,S06,EH1,help,703.3,2229.2,2874.8,0.0742,1,,L,270.646
t01305,S06,EH1,set,842.5,1995.7,2802.8,0.1246,1,F,L,153.585
t01306,S06,EH1,help,702.2,2095.6,3091.9,0.1466,1,S,D,213.37
t01307,S06,EH1,bet,645.8,2064.1,3082.7,0.1267,1,K,P,282.213
t01308,S06,EH1,set,704.3,2309.0,3057.2,0.0854,1,B,,178.501
t01309,S06,EH1,then,795.2,2209.6,2987.3,0.0894,1,S,T,45.609
t01310,S06,EH1,bet,669.8,2207.8,3017.4,0.0846,1,F,L,191.652
t01311,S06,EH1,bet,589.2,2175.2,2965.5,0.0845,1,S,N,12.53
t01312,S06,EH1,set,691.4,2334.3,3161.3,0.0883,1,B,,242.63
t01313,S06,EH1,bed,721.9,2222.4,2821.4,0.0824,1,S,,126.236
t01314,S06,EH1,then,665.9,2216.7,2992.8,0.1041,1,,N,73.814
t01315,S06,EH1,bet,609.1,2158.7,3094.4,0.1054,1,F,T,9.246
t01316,S06,EH1,then,760.5,2200.7,3003.8,0.1367,1,B,L,74.719
t01317,S06,EH1,bed,754.9,2183.4,2990.8,0.1386,1,K,,241.508
t01318,S06,EH1,then,689.2,2273.3,2847.9,0.0528,1,T,D,60.486
t01319,S06,EH1,help,753.8,2107.3,2993.5,0.0917,1,T,D,203.319
t01320,S06,EH1,bed,776.0,2220.1,2978.6,0.0681,1,F,L,169.894
t01321,S06,EH1,bet,760.6,2216.5,2911.3,0.0969,1,,,243.269
t01322,S06,EH1,set,803.1,2139.5,2751.3,0.1076,1,K,N,282.669
t01323,S06,EH1,set,712.0,2211.1,3095.3,0.1742,1,,T,198.054
t01324,S06,EH1,then,741.7,2099.6,2761.5,0.0926,1,F,P,99.979
t01325,S06,EH1,bed,682.6,2179.0,2889.2,0.0972,1,,D,112.629
t01326,S06,AE1,man,954.2,2006.6,2834.6,0.1516,1,,N,238.763
t01327,S06,AE1,man,896.4,2157.0,2926.9,0.0903,1,T,D,93.703
t01328,S06,AE1,bad,819.9,2000.0,2670.4,0.1849,1,K,D,229.976
t01329,S06,AE1,man,847.5,2029.3,2837.3,0.1408,1,S,P,209.275
t01330,S06,AE1,bat,910.9,2243.6,2693.9,0.1496,1,K,T,201.928
t01331,S06,AE1,bat,841.3,2102.0,2909.0,0.1052,1,K,D,99.946
t01332,S06,AE1,back,821.9,1987.5,2922.2,0.0783,1,S,D,110.81
t01333,S06,AE1,sat,1013.6,2412.8,2955.3,0.0763,1,F,D,263.142
t01334,S06,AE1,bat,863.8,1957.9,2897.4,0.1558,1,B,L,151.757
t01335,S06,AE1,man,1003.1,2069.0,2870.6,0.073,1,B,D,175.345
t01336,S06,AE1,sat,850.6,2185.1,2894.3,0.0721,1,K,P,201.545
t01337,S06,AE1,bad,812.7,2142.9,2993.0,0.1117,1,,N,6.23
t01338,S06,AE1,sat,904.3,2057.3,2828.2,0.1116,1,K,D,29.609
t01339,S06,AE1,bad,841.6,1992.9,2885.7,0.1009,1,F,N,214.359
t01340,S06,AE1,bat,940.2,2230.1,2907.8,0.1638,1,F,,125.493
t01341,S06,AE1,bat,952.1,2007.7,2925.3,0.1616,1,F,L,5.478
t01342,S06,AE1,bat,807.2,2144.7,3072.1,0.1102,1,F,T,27.451
t01343,S06,AE1,man,811.3,2128.2,2762.9,0.1446,1,T,P,24.91
t01344,S06,AE1,sat,911.4,1902.4,3053.0,0.0673,1,S,N,4.392
t01345,S06,AE1,bad,921.8,2058.4,2979.3,0.0451,1,S,N,181.849
t01346,S06,AE1,sat,939.7,2069.3,2786.1,0.1178,1,T,T,57.809
t01347,S06,AE1,sat,773.0,2108.7,3092.4,0.0783,1,K,P,123.318
t01348,S06,AE1,sat,838.5,1996.7,2693.5,0.1548,1,S,T,27.495
t01349,S06,AE1,man,827.9,2277.8,2872.4,0.1314,1,,T,27.501
t01350,S06,AE1,bat,890.7,2076.0,2965.2,0.1495,1,B,,267.25
t01351,S06,AA1,father,812.7,1376.1,2922.2,0.1108,1,B,D,4.78
t01352,S06,AA1,lock,875.4,1423.9,2974.8,0.118,1,S,L,89.186
t01353,S06,AA1,cot,877.4,1209.3,3012.7,0.1689,1,,P,199.283
t01354,S06,AA1,pod,895.9,1455.8,2976.6,0.1149,1,,L,132.342
t01355,S06,AA1,pod,1024.9,1301.8,3123.3,0.0899,1,S,,202.299
t01356,S06,AA1,father,762.3,1301.2,2934.8,0.0955,1,B,N,280.133
t01357,S06,AA1,cot,930.8,1269.0,2818.3,0.0943,1,K,D,45.529
t01358,S06,AA1,bot,931.0,1360.2,2908.7,0.0944,1,,,145.586
t01359,S06,AA1,cot,882.2,1252.4,2923.2,0.092,1,K,P,8.822
t01360,S06,AA1,pod,974.9,1370.3,2934.5,0.082,1,B,D,225.709
t01361,S06,AA1,pod,949.1,1362.1,3024.1,0.059,1,,,129.991
t01362,S06,AA1,father,787.0,1336.9,2927.2,0.0578,1,S,,92.375
t01363,S06,AA1,bot,845.9,1243.1,3188.4,0.0812,1,S,T,30.269
t01364,S06,AA1,father,917.2,1462.5,2915.1,0.1106,1,B,P,21.394
t01365,S06,AA1,bot,852.3,1377.5,3073.2,0.1114,1,F,T,222.191
t01366,S06,AA1,lock,909.8,1521.6,2874.4,0.1669,1,B,,203.941
t01367,S06,AA1,father,931.2,1376.5,2875.7,0.0964,1,S,T,268.613
t01368,S06,AA1,bot,877.6,1405.5,2964.4,0.0856,1,S,L,194.885
t01369,S06,AA1,bot,948.5,1381.0,2990.4,0.1613,1,F,T,24.967
t01370,S06,AA1,pod,831.4,1337.8,3054.8,0.1285,1,K,,133.993
t01371,S06,AA1,bot,990.7,1350.8,2710.0,0.0856,1,,T,78.156
t01372,S06,AA1,cot,911.6,1509.7,2997.7,0.0954,1,K,L,33.073
t01373,S06,AA1,lock,887.2,1409.4,3140.5,0.0612,1,F,P,139.136
t01374,S06,AA1,cot,926.4,1460.4,2954.8,0.0863,1,F,N,225.624
t01375,S06,AA1,father,902.1,1434.9,3133.5,0.1018,1,B,,26.552
t01376,S06,AO1,law,786.1,1192.2,3130.8,0.1287,1,B,P,280.017
t01377,S06,AO1,talk,861.9,1086.8,3018.3,0.1723,1,,D,287.097
t01378,S06,AO1,caught,787.9,1162.6,2872.5,0.197,1,T,P,191.041
t01379,S06,AO1,talk,760.6,1238.3,2982.5,0.1837,1,S,,218.562
t01380,S06,AO1,bought,808.4,1160.3,3121.6,0.1511,1,F,T,172.531
t01381,S06,AO1,caught,710.4,1141.6,3026.1,0.1616,1,,T,11.319
t01382,S06,AO1,bought,742.0,1300.2,3094.7,0.141,1,F,,164.087
t01383,S06,AO1,dawn,930.2,1138.4,2807.0,0.09,1,B,,101.079
t01384,S06,AO1,caught,828.6,1029.1,3209.6,0.1183,1,S,D,122.548
t01385,S06,AO1,dawn,794.9,1093.5,3020.3,0.1126,1,T,L,80.638
t01386,S06,AO1,dawn,866.0,1133.7,3529.5,0.1044,1,B,N,146.708
t01387,S06,AO1,law,990.3,1212.8,3022.5,0.1641,1,S,D,8.614
t01388,S06,AO1,caught,786.6,1280.4,2963.6,0.0976,1,,T,162.284
t01389,S06,AO1,talk,779.4,1085.2,2970.3,0.0747,1,F,,30.945
t01390,S06,AO1,bought,774.5,1199.4,2862.3,0.1792,1,T,T,111.428
t01391,S06,AO1,dawn,771.3,1225.4,3237.8,0.1184,1,S,N,13.125
t01392,S06,AO1,law,868.5,1135.7,3112.7,0.1051,1,K,,214.143
t01393,S06,AO1,caught,799.3,1187.9,3081.7,0.0888,1,T,D,126.15
t01394,S06,AO1,talk,901.5,1256.1,3182.4,0.0981,1,S,,7.701
t01395,S06,AO1,law,832.5,1255.6,3173.4,0.0837,1,T,D,116.165
t01396,S06,AO1,dawn,769.4,1164.0,3231.8,0.0693,1,K,P,264.609
t01397,S06,AO1,law,794.3,1268.1,2872.5,0.0778,1,B,T,250.93
t01398,S06,AO1,caught,857.0,1110.8,3057.3,0.1084,1,B,,54.275
t01399,S06,AO1,talk,828.3,1130.8,3104.3,0.071,1,,,247.292
t01400,S06,AO1,law,722.5,1253.5,3053.5,0.1333,1,K,T,32.727
t01401,S06,OW1,goat,664.8,1283.2,3096.1,0.1302,1,F,,96.624
t01402,S06,OW1,boat,610.9,1189.9,2885.4,0.0709,1,,T,68.399
t01403,S06,OW1,boat,561.5,1141.5,2817.9,0.0398,1,F,T,106.92
t01404,S06,OW1,road,578.2,1168.4,2709.9,0.1447,1,,T,114.449
t01405,S06,OW1,code,576.9,1136.3,3005.7,0.1614,1,F,,62.589
t01406,S06,OW1,code,615.2,1252.8,2581.2,0.0868,1,K,,60.53
t01407,S06,OW1,goat,529.3,1166.2,2893.3,0.0635,1,S,D,81.071
t01408,S06,OW1,code,541.9,1200.5,2841.5,0.08,1,S,T,30.8
t01409,S06,OW1,know,654.0,1115.5,2830.7,0.1136,1,T,P,112.356
t01410,S06,OW1,boat,545.1,1119.4,2731.5,0.0979,1,T,T,58.167
t01411,S06,OW1,road,625.1,1180.7,2917.7,0.1864,1,,L,88.219
t01412,S06,OW1,boat,609.4,1155.0,2880.5,0.1301,1,,,111.003
t01413,S06,OW1,boat,631.5,1166.4,3014.4,0.0849,1,B,L,134.954
t01414,S06,OW1,road,555.4,1132.7,2627.7,0.1275,1,B,T,111.414
t01415,S06,OW1,goat,596.9,1171.2,2916.2,0.1049,1,F,P,294.363
t01416,S06,OW1,know,627.1,1163.1,2922.0,0.1115,1,,T,69.082
t01417,S06,OW1,code,602.5,1096.0,3037.5,0.1048,1,T,L,120.686
t01418,S06,OW1,know,607.4,1172.4,2926.2,0.1619,1,K,T,242.58
t01419,S06,OW1,know,584.8,1210.6,2709.3,0.0987,1,T,T,239.525
t01420,S06,OW1,road,631.3,1212.2,2942.9,0.1198,1,K,,102.517
t01421,S06,OW1,road,552.0,1338.4,2679.0,0.1257,1,K,P,174.336
t01422,S06,OW1,goat,622.1,1178.1,2914.2,0.084,1,,L,61.018
t01423,S06,OW1,road,597.3,1249.8,2766.5,0.104,1,K,P,6.93
t01424,S06,OW1,goat,562.7,1242.2,2969.7,0.1424,1,F,,66.996
t01425,S06,OW1,boat,484.6,1175.9,2750.3,0.1597,1,T,T,21.421
t01426,S06,UW1,moon,403.4,1607.2,2744.3,0.1134,1,S,P,125.436
t01427,S06,UW1,boot,428.9,1615.2,2818.4,0.1405,1,T,T,103.855
t01428,S06,UW1,moon,359.2,1583.5,2753.0,0.113,1,B,L,87.293
t01429,S06,UW1,food,430.1,1727.3,2754.4,0.0701,1,B,T,143.766
t01430,S06,UW1,suit,384.5,1688.3,2783.8,0.1187,1,B,P,20.942
t01431,S06,UW1,food,435.5,1586.3,2597.8,0.1028,1,,P,149.198
t01432,S06,UW1,food,479.5,1658.7,2873.8,0.107,1,S,,167.135
t01433,S06,UW1,food,383.1,1561.9,2748.6,0.0763,1,S,P,219.942
t01434,S06,UW1,food,454.6,1750.8,2668.1,0.0907,1,B,N,214.771
t01435,S06,UW1,suit,396.9,1709.0,2651.6,0.1355,1,K,L,89.277
t01436,S06,UW1,food,433.1,1616.0,2675.5,0.1448,1,F,T,177.235
t01437,S06,UW1,moon,463.5,1584.2,2947.2,0.104,1,K,L,66.712
t01438,S06,UW1,two,439.6,1497.0,2678.7,0.0778,1,,,281.163
t01439,S06,UW1,boot,487.2,1577.9,2933.4,0.1231,1,B,L,230.245
t01440,S06,UW1,two,379.2,1698.8,2873.8,0.1312,1,,N,163.781
t01441,S06,UW1,boot,386.1,1602.8,2807.1,0.1326,1,K,L,33.67
t01442,S06,UW1,two,412.6,1647.9,2743.1,0.0997,1,T,N,23.946
t01443,S06,UW1,two,389.3,1681.7,2637.1,0.1136,1,K,L,41.744
t01444,S06,UW1,suit,416.7,1658.7,2900.7,0.0982,1,K,T,299.284
t01445,S06,UW1,food,513.5,1753.0,2997.5,0.1547,1,,N,130.303
t01446,S06,UW1,food,486.4,1672.1,2754.7,0.1259,1,B,L,125.857
t01447,S06,UW1,suit,403.5,1730.5,2910.3,0.1406,1,,T,138.015
t01448,S06,UW1,food,423.0,1683.4,2779.7,0.0971,1,F,T,224.098
t01449,S06,UW1,suit,402.3,1425.8,2838.3,0.1392,1,S,L,121.884
t01450,S06,UW1,suit,410.7,1662.1,2939.7,0.1556,1,K,P,24.04
t01451,S06,AH1,cut,853.6,1540.0,2911.5,0.1187,1,F,,235.17
t01452,S06,AH1,sun,747.9,1457.2,2759.4,0.1384,1,S,D,67.055
t01453,S06,AH1,mud,739.7,1465.9,2842.1,0.1208,1,K,T,66.578
t01454,S06,AH1,cut,777.0,1440.1,2858.0,0.0849,1,K,P,76.166
t01455,S06,AH1,mud,849.8,1464.7,2733.0,0.0989,1,S,,293.806
t01456,S06,AH1,but,908.9,1568.2,2883.5,0.0882,1,S,T,23.636
t01457,S06,AH1,cut,785.4,1493.1,3133.2,0.0767,1,K,N,180.673
t01458,S06,AH1,sun,748.7,1454.7,2725.7,0.1345,1,B,,238.424
t01459,S06,AH1,sun,761.9,1444.0,2990.1,0.0735,1,,N,196.617
t01460,S06,AH1,love,728.2,1557.9,2809.3,0.0914,1,B,N,287.16
t01461,S06,AH1,but,781.6,1502.1,3097.9,0.126,1,B,P,33.577
t01462,S06,AH1,but,766.0,1486.0,2906.8,0.1328,1,F,P,257.748
t01463,S06,AH1,but,768.3,1456.4,3036.9,0.0565,1,F,,233.081
t01464,S06,AH1,love,704.5,1411.8,2756.7,0.1271,1,B,T,12.846
t01465,S06,AH1,cut,772.4,1424.8,2943.6,0.0644,1,,N,269.568
t01466,S06,AH1,mud,814.0,1550.6,2916.1,0.0602,1,T,N,188.481
t01467,S06,AH1,mud,676.3,1533.4,2688.3,0.112,1,,T,277.818
t01468,S06,AH1,cut,726.3,1543.9,2839.8,0.1099,1,F,,291.587
t01469,S06,AH1,but,787.4,1553.3,3007.2,0.122,1,B,T,239.753
t01470,S06,AH1,but,838.8,1591.1,3002.7,0.1091,1,F,N,216.771
t01471,S06,AH1,but,835.7,1446.3,2716.8,0.0976,1,,D,35.634
t01472,S06,AH1,love,788.2,1460.6,3235.1,0.161,1,T,L,157.836
t01473,S06,AH1,sun,794.8,1424.6,2938.5,0.0813,1,,L,57.188
t01474,S06,AH1,love,823.5,1491.2,2812.9,0.1034,1,K,D,142.38
t01475,S06,AH1,mud,918.2,1521.2,2730.4,0.1155,1,S,D,57.077
t01476,S06,ER1,hurt,600.7,1516.7,2063.2,0.1836,1,K,,199.175
t01477,S06,ER1,her,551.7,1613.6,2060.4,0.2248,1,F,,171.284
t01478,S06,ER1,bird,551.8,1491.4,1979.0,0.2575,1,,L,70.396
t01479,S06,ER1,learn,585.0,1505.0,1994.3,0.173,1,F,T,199.999
t01480,S06,ER1,hurt,628.5,1685.3,2111.5,0.0747,1,F,T,240.458
t01481,S06,ER1,her,572.8,1554.5,2146.5,0.1629,1,,T,29.875
t01482,S06,ER1,hurt,532.3,1544.7,2069.3,0.1723,1,F,N,203.481
t01483,S06,ER1,hurt,627.7,1620.5,2036.8,0.0938,1,,P,57.588
t01484,S06,ER1,bird,572.3,1699.9,2103.9,0.1266,1,,T,101.75
t01485,S06,ER1,bird,459.6,1652.5,2038.4,0.1127,1,,L,57.065
t01486,S06,ER1,word,630.3,1582.4,1973.8,0.1158,1,S,P,87.501
t01487,S06,ER1,bird,581.5,1552.8,2009.4,0.1571,1,,P,114.026
t01488,S06,ER1,her,578.0,1636.2,2139.4,0.098,1,T,L,254.296
t01489,S06,ER1,word,602.1,1741.9,2045.7,0.0846,1,T,,117.269
t01490,S06,ER1,bird,599.4,1660.5,2113.3,0.151,1,S,P,225.85
t01491,S06,ER1,word,594.9,1693.3,2043.6,0.1141,1,B,L,246.484
t01492,S06,ER1,hurt,606.2,1663.5,2061.3,0.1139,1,K,,136.89
t01493,S06,ER1,bird,581.2,1580.3,2028.8,0.1201,1,B,L,238.794
t01494,S06,ER1,learn,580.9,1513.3,2123.4,0.0976,1,S,L,51.824
t01495,S06,ER1,learn,586.5,1605.5,2068.0,0.0904,1,,D,2.412
t01496,S06,ER1,learn,525.3,1712.5,2185.5,0.0656,1,T,L,23.212
t01497,S06,ER1,hurt,610.9,1629.2,2135.1,0.1133,1,B,D,289.269
t01498,S06,ER1,her,642.3,1793.3,2204.4,0.0857,1,T,N,132.212
t01499,S06,ER1,her,504.8,1692.5,1940.6,0.0867,1,S,D,97.906
t01500,S06,ER1,learn,521.8,1656.5,2146.9,0.0908,1,T,D,216.112
t01501,S07,IY1,keep,349.1,2638.9,3528.0,0.0624,1,F,D,199.024
t01502,S07,IY1,seat,297.5,2578.7,3445.0,0.1065,1,F,L,287.362
t01503,S07,IY1,seat,294.0,2601.0,3410.8,0.0914,1,B,,95.39
t01504,S07,IY1,feed,377.5,2714.1,3447.7,0.0832,1,T,P,247.386
t01505,S07,IY1,team,343.9,2743.7,3488.6,0.1027,1,K,L,58.263
t01506,S07,IY1,seat,348.1,2549.8,3446.4,0.1067,1,B,N,96.244
t01507,S07,IY1,seat,328.5,2852.5,3331.0,0.0573,1,S,,41.569
t01508,S07,IY1,seat,342.7,2650.8,3602.2,0.1277,1,S,N,98.505
t01509,S07,IY1,team,362.0,2545.1,3576.1,0.202,1,T,D,258.272
t01510,S07,IY1,seat,332.4,2388.8,3287.0,0.0982,1,B,P,234.045
t01511,S07,IY1,team,330.2,2926.0,3521.0,0.0924,1,S,N,73.872
t01512,S07,IY1,keep,344.7,2680.5,3356.6,0.0898,1,S,N,154.556
t01513,S07,IY1,keep,351.8,2579.0,3338.3,0.1919,1,F,,111.986
t01514,S07,IY1,beet,320.4,2697.6,3372.0,0.0892,1,T,N,254.953
t01515,S07,IY1,seat,307.7,2405.0,3531.5,0.071,1,B,T,194.443
t01516,S07,IY1,keep,296.7,2841.4,3371.1,0.0698,1,F,P,14.476
t01517,S07,IY1,keep,325.3,2722.0,3181.5,0.1689,1,,D,106.471
t01518,S07,IY1,seat,340.1,2453.9,3298.1,0.1246,1,T,P,46.882
t01519,S07,IY1,team,334.4,2716.7,3542.8,0.0861,1,T,,286.935
t01520,S07,IY1,feed,308.0,2760.9,3488.2,0.1055,1,F,N,168.797
t01521,S07,IY1,beet,359.8,2524.4,3378.9,0.1196,1,F,,245.29
t01522,S07,IY1,feed,365.0,2745.8,3257.4,0.0731,1,B,D,111.048
t01523,S07,IY1,feed,326.8,2660.2,3328.5,0.1469,1,,,210.05
t01524,S07,IY1,team,359.3,2709.0,3655.5,0.1149,1,S,D,233.794
t01525,S07,IY1,keep,316.7,2500.4,3456.3,0.1126,1,,P,43.946
t01526,S07,IH1,kid,525.4,2420.1,3056.5,0.1777,1,F,T,116.502
t01527,S07,IH1,fill,434.1,2230.2,2658.7,0.1018,1,F,L,25.777
t01528,S07,IH1,bit,461.1,2403.1,2847.6,0.0843,1,S,P,29.456
t01529,S07,IH1,sit,486.2,2218.5,2895.8,0.1192,1,B,,288.456
t01530,S07,IH1,wind,459.1,2409.9,2969.6,0.0636,1,F,D,177.36
t01531,S07,IH1,kid,521.8,2113.0,2792.2,0.108,1,K,,225.561
t01532,S07,IH1,fill,490.5,2302.8,2824.1,0.1184,1,F,L,40.716
t01533,S07,IH1,bit,497.0,2058.9,2897.9,0.1262,1,F,,259.806
t01534,S07,IH1,kid,455.7,2158.5,2787.9,0.1165,1,K,D,221.031
t01535,S07,IH1,fill,509.9,2284.3,2842.1,0.1332,1,S,T,220.104
t01536,S07,IH1,sit,513.9,2367.1,2855.6,0.1669,1,,N,144.911
t01537,S07,IH1,wind,544.2,2128.7,2950.1,0.128,1,S,N,242.661
t01538,S07,IH1,kid,488.5,2166.6,2818.3,0.1014,1,T,L,16.91
t01539,S07,IH1,kid,530.7,2200.8,2798.0,0.0827,1,,,13.232
t01540,S07,IH1,fill,535.7,2162.3,3027.1,0.0633,1,,,23.342
t01541,S07,IH1,kid,535.6,2121.7,2874.0,0.1695,1,T,,164.845
t01542,S07,IH1,wind,477.2,2452.1,2711.9,0.0865,1,,P,197.117
t01543,S07,IH1,kid,486.7,2004.0,2961.3,0.0791,1,F,D,216.704
t01544,S07,IH1,bit,502.3,2307.9,2928.4,0.1496,1,,P,93.281
t01545,S07,IH1,kid,548.7,2005.1,2816.7,0.0842,1,S,N,157.635
t01546,S07,IH1,wind,545.5,2214.4,2935.4,0.1415,1,B,P,283.581
t01547,S07,IH1,wind,482.5,2193.1,2833.2,0.1516,1,K,D,253.92
t01548,S07,IH1,bit,442.0,2332.2,2843.4,0.0824,1,T,T,115.128
t01549,S07,IH1,fill,515.3,2291.9,2736.5,0.094,1,B,N,3.918
t01550,S07,IH1,bit,508.0,2409.5,2948.4,0.1269,1,,L,231.984
t01551,S07,EH1,then,652.3,2114.7,2701.5,0.0921,1,,P,282.888
t01552,S07,EH1,help,675.5,2073.2,2716.1,0.1275,1,K,T,263.166
t01553,S07,EH1,bet,681.9,2060.7,3080.5,0.0583,1,K,L,260.24
t01554,S07,EH1,set,788.1,2045.8,2948.9,0.0945,1,K,T,215.717
t01555,S07,EH1,help,628.0,2037.0,2753.3,0.097,1,B,T,29.238
t01556,S07,EH1,bet,637.4,1982.7,2870.2,0.0802,1,,,186.908
t01557,S07,EH1,bet,576.1,2019.9,2753.0,0.1054,1,B,P,153.144
t01558,S07,EH1,then,675.7,2240.3,2860.4,0.1048,1,S,D,253.249
t01559,S07,EH1,set,708.1,2113.3,2819.7,0.0882,1,B,L,213.013
t01560,S07,EH1,set,681.3,2093.2,2913.3,0.0796,1,K,N,113.142
t01561,S07,EH1,set,757.9,2147.8,2490.4,0.1568,1,,,196.326
t01562,S07,EH1,set,639.3,2150.7,2804.3,0.1527,1,S,T,293.16
t01563,S07,EH1,bet,750.8,2138.5,2909.7,0.1767,1,K,,20.81
t01564,S07,EH1,set,718.3,1860.4,2634.0,0.1073,1,,N,169.312
t01565,S07,EH1,set,712.4,1983.6,2961.7,0.1297,1,,L,182.526
t01566,S07,EH1,help,663.5,2088.9,2734.7,0.1425,1,B,P,38.753
t01567,S07,EH1,set,716.3,2251.6,2957.6,0.1405,1,S,,5.416
t01568,S07,EH1,bed,738.5,2096.3,3001.8,0.2051,1,F,,207.148
t01569,S07,EH1,set,698.7,1946.0,2918.3,0.1162,1,,L,127.985
t01570,S07,EH1,bet,706.7,2319.7,2829.5,0.0879,1,T,P,3.625
t01571,S07,EH1,help,662.8,2102.9,2880.6,0.0567,1,S,,143.805
t01572,S07,EH1,bet,671.3,2061.9,2917.0,0.1806,1,K,N,265.94
t01573,S07,EH1,help,652.3,1933.3,2855.0,0.0945,1,F,N,230.832
t01574,S07,EH1,bed,691.8,2277.2,2818.5,0.0992,1,K,,90.477
t01575,S07,EH1,then,713.6,1969.1,2807.6,0.0764,1,B,,191.063
t01576,S07,AE1,man,948.8,2055.1,2927.0,0.1738,1,B,N,215.892
t01577,S07,AE1,sat,801.5,2012.1,2729.6,0.1389,1,F,,190.068
t01578,S07,AE1,bad,827.9,2065.2,2652.4,0.0983,1,K,N,121.18
t01579,S07,AE1,bat,744.5,1950.3,2889.4,0.1348,1,F,P,113.91
t01580,S07,AE1,back,872.5,2128.8,2778.4,0.1418,1,,P,15.427
t01581,S07,AE1,man,873.1,2017.2,2834.5,0.0881,1,,N,194.872
t01582,S07,AE1,man,816.1,2090.8,2650.0,0.1059,1,F,,13.137
t01583,S07,AE1,bad,857.6,2004.2,3074.5,0.0929,1,T,D,147.733
t01584,S07,AE1,sat,855.8,2051.1,2789.0,0.0651,1,K,D,295.145
t01585,S07,AE1,back,856.6,1875.5,2579.6,0.1047,1,T,,97.742
t01586,S07,AE1,man,879.9,1968.8,2931.0,0.1895,1,,P,242.375
t01587,S07,AE1,man,786.3,1883.0,2825.3,0.2085,1,,P,277.826
t01588,S07,AE1,bat,871.7,1997.2,2865.6,0.1967,1,,L,228.195
t01589,S07,AE1,sat,887.3,1927.0,2725.8,0.0709,1,T,D,24.951
t01590,S07,AE1,man,827.4,2068.4,2895.1,0.1619,1,S,T,285.843
t01591,S07,AE1,bad,935.5,1996.5,2720.6,0.0744,1,F,D,211.759
t01592,S07,AE1,back,973.7,2083.2,2909.7,0.066,1,F,,199.721
t01593,S07,AE1,sat,870.3,1861.1,2604.5,0.0546,1,B,,121.801
t01594,S07,AE1,back,844.4,2025.4,3036.3,0.086,1,K,D,230.638
t01595,S07,AE1,bat,713.2,2036.7,2858.3,0.1014,1,K,D,275.047
t01596,S07,AE1,bat,823.9,2045.9,2761.7,0.0914,1,S,P,214.079
t01597,S07,AE1,man,827.9,1894.1,2710.3,0.1096,1,K,D,245.136
t01598,S07,AE1,back,790.9,1804.6,2701.9,0.1392,1,B,N,292.379
t01599,S07,AE1,bat,780.6,1964.5,2747.7,0.0842,1,K,L,280.405
t01600,S07,AE1,man,880.6,1844.4,2913.0,0.1464,1,K,,85.099
t01601,S07,AA1,lock,771.3,1348.8,2797.3,0.1244,1,K,,34.882
t01602,S07,AA1,lock,777.2,1275.7,2902.8,0.1105,1,B,L,266.945
t01603,S07,AA1,cot,809.0,1160.5,2936.0,0.1492,1,F,,70.467
t01604,S07,AA1,bot,864.1,1281.8,2960.6,0.0847,1,T,N,215.692
t01605,S07,AA1,father,877.7,1379.0,2864.4,0.0988,1,B,,103.708
t01606,S07,AA1,bot,844.1,1325.7,2864.6,0.1475,1,K,T,97.912
t01607,S07,AA1,lock,902.8,1178.4,2737.3,0.1234,1,S,P,288.844
t01608,S07,AA1,bot,805.4,1299.5,2864.6,0.169,1,F,D,151.562
t01609,S07,AA1,lock,883.8,1333.5,2920.0,0.0833,1,,,150.728
t01610,S07,AA1,pod,1034.4,1216.4,2923.1,0.1565,1,K,L,14.441
t01611,S07,AA1,cot,858.1,1304.0,3085.5,0.0894,1,F,P,98.995
t01612,S07,AA1,bot,808.6,1320.0,2996.0,0.116,1,S,L,62.809
t01613,S07,AA1,lock,822.2,1283.6,2994.7,0.0674,1,T,N,238.729
t01614,S07,AA1,bot,877.5,1333.9,2921.7,0.1358,1,T,P,227.517
t01615,S07,AA1,lock,768.5,1367.3,2687.5,0.1235,1,,,55.113
t01616,S07,AA1,father,964.1,1370.8,2769.9,0.1136,1,T,T,289.991
t01617,S07,AA1,lock,894.8,1279.6,2915.3,0.1256,1,T,P,258.932
t01618,S07,AA1,cot,848.0,1320.2,2911.6,0.13,1,K,,19.911
t01619,S07,AA1,cot,889.2,1272.3,3176.1,0.1425,1,T,T,106.271
t01620,S07,AA1,father,913.2,1382.7,2874.1,0.1578,1,K,P,297.881
t01621,S07,AA1,cot,924.4,1292.8,3038.7,0.0924,1,F,D,256.631
t01622,S07,AA1,bot,807.1,1255.7,2792.4,0.1173,1,T,P,76.089
t01623,S07,AA1,bot,715.8,1330.6,2913.6,0.0878,1,S,L,35.042
t01624,S07,AA1,pod,757.3,1297.9,2852.5,0.0926,1,K,P,298.976
t01625,S07,AA1,bot,954.0,1365.7,2932.9,0.1275,1,S,,102.244
t01626,S07,AO1,caught,955.1,1341.8,3056.6,0.1186,1,B,D,194.476
t01627,S07,AO1,law,862.6,1172.4,2774.9,0.1268,1,S,D,219.985
t01628,S07,AO1,law,879.4,1276.6,3131.5,0.0981,1,K,N,257.439
t01629,S07,AO1,dawn,938.5,1317.8,2952.3,0.0764,1,,L,19.117
t01630,S07,AO1,bought,863.2,1287.0,3084.5,0.1845,1,B,D,72.167
t01631,S07,AO1,dawn,840.0,1259.6,2937.9,0.1195,1,,,108.515
t01632,S07,AO1,dawn,847.9,1336.9,3008.8,0.1363,1,K,,141.897
t01633,S07,AO1,law,875.4,1304.3,2895.6,0.1336,1,B,D,20.719
t01634,S07,AO1,dawn,986.3,1343.2,3018.5,0.1384,1,F,,151.375
t01635,S07,AO1,law,784.6,1289.4,3029.0,0.0957,1,S,T,42.04
t01636,S07,AO1,bought,876.6,1246.6,3050.8,0.1143,1,F,D,116.666
t01637,S07,AO1,dawn,931.8,1292.4,2875.8,0.1213,1,T,,101.592
t01638,S07,AO1,bought,891.0,1304.4,2964.4,0.0994,1,K,N,235.55
t01639,S07,AO1,talk,807.3,1230.0,3031.1,0.1612,1,S,D,21.98
t01640,S07,AO1,dawn,804.3,1294.2,2942.7,0.1052,1,,T,170.976
t01641,S07,AO1,bought,826.6,1246.0,2961.6,0.0817,1,B,P,127.317
t01642,S07,AO1,dawn,781.7,1212.1,2879.3,0.1067,1,B,D,150.434
t01643,S07,AO1,caught,861.5,1295.0,2706.3,0.1193,1,T,L,229.226
t01644,S07,AO1,talk,847.4,1360.4,2878.5,0.1013,1,S,P,12.149
t01645,S07,AO1,law,809.7,1346.2,3212.6,0.0823,1,T,P,293.71
t01646,S07,AO1,law,845.2,1356.8,2986.1,0.0753,1,,P,8.0
t01647,S07,AO1,bought,796.0,1322.8,2828.8,0.0944,1,,D,30.727
t01648,S07,AO1,caught,779.3,1272.8,3071.6,0.0626,1,S,L,247.869
t01649,S07,AO1,caught,840.1,1375.3,2810.9,0.0693,1,K,N,75.911
t01650,S07,AO1,dawn,948.7,1227.3,3111.6,0.1746,1,,T,153.108
t01651,S07,OW1,know,599.9,1131.8,2898.2,0.0747,1,S,P,128.036
t01652,S07,OW1,boat,550.1,1122.9,2883.5,0.17,1,T,N,40.105
t01653,S07,OW1,know,539.6,1104.2,2916.4,0.0762,1,S,N,278.848
t01654,S07,OW1,goat,525.0,1234.4,2765.4,0.1501,1,,T,94.554
t01655,S07,OW1,road,607.4,1159.8,2752.7,0.0984,1,S,L,63.044
t01656,S07,OW1,boat,628.8,1241.5,2652.2,0.1021,1,,,48.804
t01657,S07,OW1,road,561.6,1161.3,2601.8,0.1865,1,S,N,4.369
t01658,S07,OW1,goat,556.5,1184.9,2721.4,0.1001,1,T,T,35.715
t01659,S07,OW1,goat,595.7,1101.0,2871.7,0.0903,1,F,L,180.61
t01660,S07,OW1,boat,593.3,1218.5,2925.1,0.1308,1,F,P,271.309
t01661,S07,OW1,boat,575.7,1230.2,2687.0,0.088,1,K,D,298.337
t01662,S07,OW1,know,568.0,1180.9,2828.1,0.093,1,T,P,281.526
t01663,S07,OW1,boat,559.9,1111.8,2731.6,0.1229,1,K,L,82.173
t01664,S07,OW1,road,636.7,1248.3,2788.9,0.1278,1,K,P,68.188
t01665,S07,OW1,know,610.8,1157.4,2657.0,0.0868,1,S,L,63.672
t01666,S07,OW1,goat,639.6,1250.9,2764.9,0.1184,1,T,P,64.707
t01667,S07,OW1,know,579.8,1144.5,2734.7,0.0937,1,B,,16.455
t01668,S07,OW1,code,551.0,1209.8,2515.4,0.1013,1,S,D,280.699
t01669,S07,OW1,know,575.0,1078.4,2970.6,0.0929,1,F,N,222.361
t01670,S07,OW1,goat,578.4,992.8,2765.4,0.09,1,B,N,182.465
t01671,S07,OW1,goat,596.6,1179.2,2995.1,0.0592,1,K,D,279.125
t01672,S07,OW1,goat,594.8,1152.0,2692.7,0.099,1,F,L,89.931
t01673,S07,OW1,code,551.1,1106.1,2839.5,0.1286,1,T,,134.908
t01674,S07,OW1,boat,537.2,1154.1,2927.0,0.1243,1,B,,271.644
t01675,S07,OW1,code,606.0,1189.4,2635.5,0.1074,1,F,N,56.61
t01676,S07,UW1,suit,387.6,1666.6,2697.9,0.2393,1,,L,274.47
t01677,S07,UW1,suit,460.8,1578.8,2797.4,0.1041,1,,D,209.821
t01678,S07,UW1,moon,380.7,1688.1,2778.3,0.1584,1,T,N,177.241
t01679,S07,UW1,suit,455.3,1752.7,2753.9,0.1413,1,,N,16.27
t01680,S07,UW1,suit,420.2,1441.7,2832.7,0.0777,1,B,P,227.537
t01681,S07,UW1,moon,376.3,1741.0,2754.0,0.0787,1,K,N,91.69
t01682,S07,UW1,boot,409.7,1552.8,2700.0,0.1178,1,F,,194.437
t01683,S07,UW1,two,395.3,1624.1,2714.3,0.1607,1,,P,48.327
t01684,S07,UW1,food,435.1,1694.1,2750.2,0.1073,1,T,N,21.502
t01685,S07,UW1,two,433.7,1741.6,2713.5,0.0929,1,K,P,14.11
t01686,S07,UW1,two,413.3,1630.2,2647.6,0.132,1,F,T,7.038
t01687,S07,UW1,food,419.6,1615.3,2473.4,0.1183,1,F,T,76.425
t01688,S07,UW1,food,406.4,1607.7,2593.2,0.118,1,T,T,138.325
t01689,S07,UW1,moon,401.7,1580.4,2698.1,0.1247,1,K,N,252.153
t01690,S07,UW1,food,436.0,1595.2,2727.5,0.0972,1,T,,18.819
t01691,S07,UW1,suit,392.1,1461.2,2537.4,0.1296,1,B,P,149.637
t01692,S07,UW1,two,374.3,1504.3,2584.4,0.1197,1,,,149.237
t01693,S07,UW1,two,453.0,1534.2,2756.7,0.1424,1,K,D,259.389
t01694,S07,UW1,food,435.3,1645.1,2756.5,0.0828,1,K,T,65.889
t01695,S07,UW1,food,349.5,1588.4,2753.7,0.0989,1,K,D,110.215
t01696,S07,UW1,suit,413.8,1685.9,2850.5,0.1275,1,,L,178.154
t01697,S07,UW1,food,463.4,1447.6,2723.2,0.151,1,F,T,155.032
t01698,S07,UW1,moon,392.8,1572.1,2433.1,0.1217,1,T,N,283.537
t01699,S07,UW1,boot,418.2,1536.8,2628.3,0.1347,1,,P,158.325
t01700,S07,UW1,boot,436.6,1588.2,2753.7,0.1407,1,T,L,31.118
t01701,S07,AH1,love,779.3,1549.7,2781.9,0.2104,1,,N,142.771
t01702,S07,AH1,but,842.0,1308.4,2751.4,0.106,1,T,P,199.669
t01703,S07,AH1,but,677.1,1377.9,2797.7,0.1041,1,K,P,235.042
t01704,S07,AH1,sun,769.5,1496.4,2726.4,0.1266,1,B,,147.766
t01705,S07,AH1,love,720.1,1499.1,2693.3,0.1737,1,F,N,174.562
t01706,S07,AH1,but,846.6,1509.0,2672.5,0.0884,1,T,T,5.05
t01707,S07,AH1,but,755.4,1458.7,2568.5,0.0662,1,F,N,222.565
t01708,S07,AH1,love,784.9,1397.1,3151.5,0.1094,1,T,L,2.174
t01709,S07,AH1,cut,707.3,1518.2,3020.8,0.1534,1,K,T,203.707
t01710,S07,AH1,cut,715.6,1422.0,2975.1,0.1291,1,T,D,147.977
t01711,S07,AH1,love,719.6,1662.2,2808.1,0.1225,1,,,129.918
t01712,S07,AH1,love,650.2,1492.8,2918.4,0.1232,1,B,P,270.55
t01713,S07,AH1,cut,658.1,1477.0,2883.2,0.069,1,F,P,221.178
t01714,S07,AH1,but,750.5,1598.4,2835.2,0.1173,1,T,N,130.861
t01715,S07,AH1,cut,786.5,1577.7,2725.6,0.1114,1,T,T,96.46
t01716,S07,AH1,love,851.4,1498.3,2924.8,0.1222,1,K,P,254.16
t01717,S07,AH1,mud,740.2,1624.5,2962.1,0.1148,1,B,N,88.556
t01718,S07,AH1,cut,831.2,1508.6,2981.1,0.1053,1,B,P,55.367
t01719,S07,AH1,mud,677.8,1671.1,2947.6,0.1302,1,B,T,29.821
t01720,S07,AH1,love,736.8,1337.4,3006.7,0.1213,1,,,278.595
t01721,S07,AH1,sun,697.8,1522.7,2704.8,0.0932,1,B,T,44.552
t01722,S07,AH1,but,843.5,1416.8,2888.2,0.0842,1,,,28.577
t01723,S07,AH1,cut,705.9,1519.4,2942.3,0.0922,1,T,D,28.204
t01724,S07,AH1,mud,742.2,1419.3,2856.6,0.152,1,,D,97.733
t01725,S07,AH1,mud,769.1,1490.8,2845.0,0.1625,1,,D,189.672
t01726,S07,ER1,word,617.2,1668.1,1991.6,0.1484,1,,,156.623
t01727,S07,ER1,hurt,590.3,1606.3,2072.3,0.1122,1,T,T,43.953
t01728,S07,ER1,bird,596.0,1744.7,2072.8,0.171,1,S,N,143.102
t01729,S07,ER1,hurt,575.9,1612.9,2069.7,0.087,1,S,,150.92
t01730,S07,ER1,bird,586.6,1618.4,1954.0,0.0906,1,T,D,39.774
t01731,S07,ER1,hurt,568.6,1744.5,2047.9,0.1149,1,B,D,59.325
t01732,S07,ER1,word,521.1,1375.8,2010.9,0.0796,1,K,T,29.155
t01733,S07,ER1,bird,587.6,1609.2,2053.9,0.1345,1,F,L,140.642
t01734,S07,ER1,bird,561.6,1621.7,2018.4,0.1196,1,T,D,143.466
t01735,S07,ER1,word,543.9,1660.8,2028.7,0.1409,1,T,D,220.128
t01736,S07,ER1,hurt,536.7,1560.2,2021.1,0.1542,1,T,T,209.268
t01737,S07,ER1,her,569.2,1720.8,2061.7,0.1898,1,K,P,25.843
t01738,S07,ER1,bird,572.0,1533.1,1920.6,0.1021,1,S,T,29.138
t01739,S07,ER1,word,561.2,1574.2,2024.5,0.1265,1,T,T,126.491
t01740,S07,ER1,her,519.3,1550.4,2065.9,0.1879,1,B,,193.093
t01741,S07,ER1,bird,576.5,1702.6,1928.5,0.1242,1,T,N,108.68
t01742,S07,ER1,word,583.5,1573.3,1910.9,0.0822,1,S,L,159.409
t01743,S07,ER1,word,690.6,1558.3,2016.2,0.2538,1,K,P,123.319
t01744,S07,ER1,word,548.5,1630.0,2057.5,0.0813,1,,,192.274
t01745,S07,ER1,her,531.2,1638.9,2010.6,0.1602,1,K,L,9.447
t01746,S07,ER1,word,570.4,1703.0,2050.0,0.0979,1,K,L,281.626
t01747,S07,ER1,hurt,557.4,1541.3,2005.0,0.0711,1,B,P,109.649
t01748,S07,ER1,learn,635.0,1606.5,1988.6,0.1787,1,K,P,106.904
t01749,S07,ER1,bird,520.9,1582.9,1969.1,0.1245,1,S,P,166.178
t01750,S07,ER1,learn,574.4,1598.2,1869.1,0.1198,1,B,P,58.198
t01751,S08,IY1,beet,344.4,2784.8,3152.7,0.1287,1,S,T,227.563
t01752,S08,IY1,keep,336.6,2560.3,3351.7,0.1541,1,B,L,282.506
t01753,S08,IY1,team,313.9,2461.1,3426.0,0.1467,1,,,211.341
t01754,S08,IY1,team,326.7,2547.3,3352.5,0.0894,1,F,L,271.914
t01755,S08,IY1,keep,365.2,2479.2,3335.4,0.1507,1,K,D,17.156
t01756,S08,IY1,keep,327.4,2513.4,3430.4,0.1586,1,B,P,44.809
t01757,S08,IY1,keep,376.5,2762.5,3354.8,0.1001,1,K,L,89.469
t01758,S08,IY1,team,348.1,2708.1,3402.8,0.1073,1,F,,160.455
t01759,S08,IY1,beet,382.9,2564.8,3315.5,0.0942,1,K,T,17.939
t01760,S08,IY1,seat,342.3,2470.8,3159.9,0.0517,1,B,P,126.317
t01761,S08,IY1,seat,330.4,2767.0,3348.7,0.0849,1,F,D,207.95
t01762,S08,IY1,feed,339.4,2518.9,3235.4,0.0781,1,B,T,224.509
t01763,S08,IY1,keep,296.4,2386.6,3318.0,0.1838,1,B,D,128.369
t01764,S08,IY1,seat,365.4,2469.3,3413.6,0.0858,1,B,L,292.072
t01765,S08,IY1,keep,284.8,2665.6,3138.1,0.0807,1,S,,221.24
t01766,S08,IY1,seat,342.5,2565.6,3331.8,0.1087,1,F,,172.947
t01767,S08,IY1,keep,321.6,2686.1,3316.3,0.1175,1,S,T,144.578
t01768,S08,IY1,keep,318.3,2254.6,3226.8,0.077,1,T,D,225.954
t01769,S08,IY1,keep,308.9,2638.4,3575.4,0.155,1,T,D,116.165
t01770,S08,IY1,beet,312.3,2460.5,3390.0,0.0608,1,,D,280.677
t01771,S08,IY1,team,308.0,2463.0,3299.0,0.1174,1,B,N,168.133
t01772,S08,IY1,team,356.1,2451.6,3345.4,0.0863,1,B,P,68.499
t01773,S08,IY1,beet,350.6,2541.4,3478.8,0.0914,1,,L,57.869
t01774,S08,IY1,feed,302.3,2449.6,3354.1,0.1136,1,F,T,133.024
t01775,S08,IY1,beet,357.1,2503.1,3485.6,0.0884,1,K,,231.753
t01776,S08,IH1,bit,527.4,2247.7,2928.9,0.1036,1,,N,253.262
t01777,S08,IH1,fill,538.8,2222.2,2987.4,0.1836,1,,L,246.259
t01778,S08,IH1,kid,440.6,2139.2,2934.2,0.0832,1,T,P,238.932
t01779,S08,IH1,kid,445.4,2356.0,2767.6,0.1505,1,B,L,82.548
t01780,S08,IH1,wind,450.8,2109.3,2843.5,0.0715,1,,D,236.792
t01781,S08,IH1,sit,488.7,2318.8,2968.2,0.0857,1,B,D,252.066
t01782,S08,IH1,sit,445.2,2411.2,3172.0,0.0629,1,F,L,189.744
t01783,S08,IH1,kid,528.4,2350.7,2859.0,0.1324,1,S,T,155.146
t01784,S08,IH1,fill,465.6,2388.5,2894.6,0.0944,1,,L,197.286
t01785,S08,IH1,bit,408.8,2094.8,2761.8,0.1119,1,F,,267.633
t01786,S08,IH1,sit,512.9,2232.0,2883.3,0.0923,1,S,,105.666
t01787,S08,IH1,fill,521.9,2377.4,2753.8,0.2092,1,K,D,95.682
t01788,S08,IH1,sit,472.9,2082.6,2885.8,0.1347,1,K,L,292.537
t01789,S08,IH1,sit,517.5,2207.8,2857.8,0.093,1,S,P,61.354
t01790,S08,IH1,fill,504.2,2273.2,2991.6,0.0624,1,T,L,230.801
t01791,S08,IH1,wind,462.0,2282.7,2888.1,0.1608,1,S,L,60.049
t01792,S08,IH1,sit,510.2,2201.5,2790.0,0.0821,1,B,,196.183
t01793,S08,IH1,fill,496.6,2234.5,2914.8,0.1168,1,T,P,190.116
t01794,S08,IH1,wind,513.9,2219.6,2884.7,0.1817,1,F,P,178.512
t01795,S08,IH1,fill,503.0,2143.1,2817.8,0.1041,1,F,P,287.641
t01796,S08,IH1,sit,531.9,2105.2,3032.0,0.0972,1,B,P,135.832
t01797,S08,IH1,sit,479.1,2201.1,2772.9,0.115,1,B,L,147.416
t01798,S08,IH1,fill,492.7,2173.9,2822.8,0.1675,1,T,D,148.704
t01799,S08,IH1,fill,484.4,1923.2,2878.4,0.1117,1,T,N,171.308
t01800,S08,IH1,fill,523.3,2255.4,2900.9,0.1066,1,F,,236.365
t01801,S08,EH1,then,646.9,2114.7,2882.4,0.0906,1,K,,29.361
t01802,S08,EH1,bed,620.8,2036.4,2579.4,0.1547,1,K,P,31.673
t01803,S08,EH1,set,674.9,1872.5,2762.6,0.0945,1,,T,225.387
t01804,S08,EH1,bet,671.7,1970.1,2916.4,0.0681,1,F,T,88.657
t01805,S08,EH1,help,731.6,2066.6,2993.3,0.0793,1,S,N,232.431
t01806,S08,EH1,bet,794.6,2092.2,2674.9,0.0752,1,,T,77.21
t01807,S08,EH1,bet,662.2,1978.0,3007.8,0.0585,1,S,N,8.627
t01808,S08,EH1,help,646.9,2084.2,2868.3,0.1425,1,F,,87.452
t01809,S08,EH1,bet,735.0,1807.1,2649.2,0.1496,1,B,,93.554
t01810,S08,EH1,set,617.1,1920.4,2845.6,0.117,1,T,T,104.167
t01811,S08,EH1,help,753.4,2090.0,3123.8,0.0542,1,F,D,94.581
t01812,S08,EH1,then,670.1,2278.9,2725.8,0.2389,1,B,T,279.366
t01813,S08,EH1,bet,660.9,2061.0,3026.8,0.1194,1,,L,100.495
t01814,S08,EH1,set,638.5,1989.2,2577.0,0.1875,1,,P,214.692
t01815,S08,EH1,then,767.5,2014.9,2669.8,0.1282,1,K,N,200.625
t01816,S08,EH1,bet,717.1,2029.7,2890.4,0.1004,1,T,T,136.396
t01817,S08,EH1,bet,635.4,2198.0,2685.6,0.1148,1,K,D,213.035
t01818,S08,EH1,then,675.1,2098.6,2868.5,0.1385,1,F,,15.914
t01819,S08,EH1,bed,666.8,1994.5,2932.7,0.1061,1,F,D,228.37
t01820,S08,EH1,help,688.6,2097.5,2756.7,0.0678,1,S,L,60.132
t01821,S08,EH1,help,716.0,2203.5,2885.1,0.1202,1,F,L,123.777
t01822,S08,EH1,bed,635.7,2081.0,2671.5,0.1062,1,F,P,86.396
t01823,S08,EH1,help,667.3,1999.1,2747.6,0.1032,1,T,T,169.275
t01824,S08,EH1,bet,723.1,2069.4,2698.0,0.1189,1,K,N,207.338
t01825,S08,EH1,bet,690.1,1922.2,2839.2,0.1075,1,T,N,189.262
t01826,S08,AE1,sat,810.5,2038.4,2561.3,0.0756,1,S,D,276.898
t01827,S08,AE1,back,920.2,2156.0,3010.5,0.1211,1,T,P,240.402
t01828,S08,AE1,back,898.9,1890.4,2701.3,0.1341,1,B,T,230.936
t01829,S08,AE1,bad,841.8,1930.5,2776.0,0.1128,1,,N,43.758
t01830,S08,AE1,back,875.2,1967.8,2661.6,0.158,1,B,L,174.068
t01831,S08,AE1,back,861.2,1801.6,2608.1,0.0916,1,S,T,247.146
t01832,S08,AE1,back,841.2,1868.4,2722.6,0.1494,1,S,P,10.703
t01833,S08,AE1,bad,909.1,1989.0,2702.8,0.0897,1,F,D,63.26
t01834,S08,AE1,back,803.2,2032.5,2804.3,0.0961,1,T,N,298.851
t01835,S08,AE1,bat,836.3,1892.6,2893.6,0.1231,1,T,,107.359
t01836,S08,AE1,bat,802.3,1996.1,2690.1,0.1583,1,T,P,32.606
t01837,S08,AE1,bat,917.7,1908.9,2517.6,0.0808,1,,T,79.693
t01838,S08,AE1,bad,964.9,1991.4,2596.9,0.0962,1,T,,184.265
t01839,S08,AE1,back,800.6,1987.1,2891.3,0.1184,1,F,L,149.176
t01840,S08,AE1,back,912.7,1893.5,2791.9,0.0864,1,T,L,289.026
t01841,S08,AE1,sat,875.8,2000.7,2839.2,0.1401,1,,T,7.029
t01842,S08,AE1,man,807.6,1956.5,2900.8,0.0837,1,B,N,27.49
t01843,S08,AE1,man,916.9,1969.5,2831.2,0.1211,1,,D,126.423
t01844,S08,AE1,bat,788.3,2112.8,2742.8,0.1014,1,T,,98.442
t01845,S08,AE1,bad,728.3,1978.0,2755.5,0.124,1,S,,57.857
t01846,S08,AE1,bat,905.4,2047.2,2877.0,0.1303,1,S,T,110.297
t01847,S08,AE1,bad,795.3,1850.4,2864.5,0.155,1,T,L,170.705
t01848,S08,AE1,man,825.4,1958.0,2628.1,0.1573,1,F,N,275.847
t01849,S08,AE1,back,939.1,2020.6,2501.2,0.1782,1,,P,100.187
t01850,S08,AE1,man,764.5,1845.0,2661.4,0.0719,1,S,D,63.069
t01851,S08,AA1,father,858.7,1340.7,2733.7,0.0837,1,F,N,136.847
t01852,S08,AA1,lock,864.5,1359.3,2859.4,0.0839,1,B,,284.526
t01853,S08,AA1,pod,1009.2,1272.2,2775.7,0.1205,1,S,D,1.739
t01854,S08,AA1,father,850.4,1206.8,2939.8,0.1227,1,T,,261.948
t01855,S08,AA1,lock,879.7,1331.6,2992.2,0.1204,1,,T,288.932
t01856,S08,AA1,lock,806.7,1279.1,2824.5,0.1169,1,T,N,188.883
t01857,S08,AA1,father,847.5,1280.3,2761.0,0.1939,1,B,P,30.35
t01858,S08,AA1,pod,873.5,1335.2,2831.4,0.1122,1,K,L,292.089
t01859,S08,AA1,pod,946.0,1153.9,2894.5,0.1034,1,B,T,220.997
t01860,S08,AA1,father,813.6,1436.5,2984.0,0.1586,1,B,D,24.303
t01861,S08,AA1,bot,831.7,1204.7,2787.2,0.0714,1,K,P,242.781
t01862,S08,AA1,cot,821.7,1224.6,2765.3,0.1274,1,K,D,66.729
t01863,S08,AA1,lock,863.4,1334.6,2938.1,0.1491,1,,P,56.54
t01864,S08,AA1,cot,936.7,1322.3,2769.3,0.0505,1,S,D,234.068
t01865,S08,AA1,lock,868.4,1381.1,2895.6,0.0668,1,,N,5.749
t01866,S08,AA1,bot,812.3,1231.2,2829.3,0.1318,1,F,,184.03
t01867,S08,AA1,father,825.6,1343.4,2636.1,0.1244,1,T,L,232.329
t01868,S08,AA1,father,939.6,1265.4,3006.5,0.1341,1,S,L,146.256
t01869,S08,AA1,pod,1011.2,1283.5,2794.5,0.1258,1,K,N,297.439
t01870,S08,AA1,father,947.8,1294.8,2815.7,0.1152,1,K,L,148.816
t01871,S08,AA1,lock,923.2,1322.0,2755.5,0.1149,1,,P,41.813
t01872,S08,AA1,father,812.9,1369.4,2827.7,0.1388,1,S,N,40.083
t01873,S08,AA1,lock,814.2,1268.7,2632.2,0.1133,1,K,T,53.503
t01874,S08,AA1,cot,899.2,1265.3,2846.4,0.0755,1,,T,297.063
t01875,S08,AA1,pod,929.3,1317.8,2706.2,0.0766,1,F,L,10.592
t01876,S08,AO1,bought,738.7,1327.4,2745.0,0.2495,1,,D,117.262
t01877,S08,AO1,bought,814.7,1192.1,2879.1,0.1514,1,T,T,60.999
t01878,S08,AO1,caught,876.5,1281.1,2992.1,0.1712,1,T,L,284.561
t01879,S08,AO1,caught,687.1,1205.8,2786.7,0.0801,1,B,T,28.125
t01880,S08,AO1,caught,874.7,1304.6,2889.3,0.0671,1,,T,27.198
t01881,S08,AO1,law,798.3,1321.2,2960.8,0.1661,1,T,L,108.402
t01882,S08,AO1,talk,805.7,1287.8,3054.0,0.0759,1,,N,57.2
t01883,S08,AO1,caught,793.4,1281.6,2975.1,0.176,1,S,L,60.492
t01884,S08,AO1,talk,858.4,1218.1,2953.6,0.0782,1,F,L,89.557
t01885,S08,AO1,talk,868.4,1236.3,3131.7,0.1586,1,S,N,145.037
t01886,S08,AO1,caught,796.5,1287.3,2804.8,0.0793,1,K,N,163.761
t01887,S08,AO1,talk,872.1,1171.5,3095.0,0.117,1,,N,51.436
t01888,S08,AO1,caught,992.3,1266.6,2968.0,0.1679,1,,P,273.899
t01889,S08,AO1,talk,744.3,1330.1,2998.8,0.0684,1,F,N,255.238
t01890,S08,AO1,caught,739.7,1165.1,2794.6,0.1061,1,F,,212.342
t01891,S08,AO1,caught,866.7,1300.1,2899.8,0.0901,1,F,D,138.237
t01892,S08,AO1,caught,949.4,1142.8,2960.3,0.1721,1,F,N,229.783
t01893,S08,AO1,caught,889.6,1250.9,3014.7,0.1502,1,S,T,136.622
t01894,S08,AO1,caught,789.4,1335.3,2753.4,0.1074,1,F,D,89.012
t01895,S08,AO1,caught,797.9,1269.8,3021.8,0.1128,1,K,D,83.762
t01896,S08,AO1,law,819.0,1165.6,2923.8,0.1825,1,F,T,110.412
t01897,S08,AO1,talk,861.3,1312.3,2840.5,0.0927,1,,L,195.342
t01898,S08,AO1,dawn,857.2,1315.3,2962.9,0.0845,1,,D,219.936
t01899,S08,AO1,law,775.4,1302.8,3058.2,0.1534,1,F,T,193.377
t01900,S08,AO1,bought,834.1,1318.4,3017.4,0.0819,1,B,,0.714
t01901,S08,OW1,know,605.8,1208.9,2646.1,0.1178,1,,N,138.474
t01902,S08,OW1,code,539.1,1127.8,2537.6,0.0832,1,K,T,21.404
t01903,S08,OW1,goat,525.3,993.7,2744.7,0.0669,1,B,D,44.817
t01904,S08,OW1,code,580.8,1219.1,2520.3,0.17,1,,L,149.594
t01905,S08,OW1,know,525.9,1102.4,2887.4,0.1168,1,B,T,171.071
t01906,S08,OW1,code,574.4,1193.0,2612.2,0.0927,1,F,T,185.756
t01907,S08,OW1,road,502.5,1052.9,2680.2,0.1112,1,F,N,161.777
t01908,S08,OW1,road,528.4,1101.8,2601.2,0.1056,1,,T,159.942
t01909,S08,OW1,code,522.2,1004.4,2860.5,0.0867,1,T,D,254.534
t01910,S08,OW1,know,634.2,1042.8,2823.8,0.0856,1,S,,163.455
t01911,S08,OW1,goat,511.1,1118.5,2757.0,0.1175,1,B,N,136.981
t01912,S08,OW1,code,510.2,995.4,2683.5,0.1026,1,F,D,63.646
t01913,S08,OW1,road,531.8,1242.6,2877.2,0.0841,1,T,L,149.452
t01914,S08,OW1,know,532.4,1131.8,2913.4,0.1205,1,T,D,208.183
t01915,S08,OW1,know,554.3,1213.4,2721.8,0.117,1,K,T,291.422
t01916,S08,OW1,know,591.7,1129.0,2725.2,0.0728,1,K,T,54.215
t01917,S08,OW1,know,531.6,1083.0,2730.3,0.101,1,B,N,127.653
t01918,S08,OW1,goat,605.5,1049.2,2737.3,0.1069,1,F,L,266.565
t01919,S08,OW1,boat,514.8,1059.7,2853.7,0.1125,1,F,N,46.827
t01920,S08,OW1,boat,585.2,1141.7,2690.7,0.1092,1,B,P,192.773
t01921,S08,OW1,boat,593.5,1182.4,2723.1,0.0852,1,,T,191.721
t01922,S08,OW1,boat,559.8,1188.8,2738.7,0.0611,1,T,D,139.873
t01923,S08,OW1,code,559.5,1117.1,2691.2,0.1426,1,B,P,104.721
t01924,S08,OW1,code,536.8,1170.9,2582.7,0.1384,1,S,,282.476
t01925,S08,OW1,code,565.1,1147.9,2730.4,0.0899,1,T,P,214.452
t01926,S08,UW1,suit,398.3,1598.0,2798.4,0.1023,1,,N,15.97
t01927,S08,UW1,moon,401.5,1546.3,2638.9,0.0982,1,T,T,240.244
t01928,S08,UW1,two,402.8,1660.1,2743.3,0.0919,1,T,N,3.505
t01929,S08,UW1,food,424.7,1568.6,2753.7,0.1094,1,T,T,71.058
t01930,S08,UW1,boot,379.8,1530.6,2803.6,0.0732,1,T,N,209.208
t01931,S08,UW1,boot,423.5,1496.7,2667.0,0.157,1,K,P,87.618
t01932,S08,UW1,food,390.6,1544.1,2798.5,0.0796,1,T,,218.713
t01933,S08,UW1,moon,414.2,1576.1,2566.6,0.1313,1,F,D,69.501
t01934,S08,UW1,suit,417.3,1568.7,2486.4,0.1979,1,T,N,245.093
t01935,S08,UW1,moon,455.3,1659.3,2814.7,0.1646,1,T,T,96.834
t01936,S08,UW1,moon,405.3,1696.6,2589.1,0.1195,1,S,N,228.532
t01937,S08,UW1,food,436.9,1556.9,2936.1,0.1497,1,S,L,20.29
t01938,S08,UW1,suit,434.8,1587.0,2624.1,0.1754,1,B,,259.001
t01939,S08,UW1,food,389.4,1712.0,2606.0,0.1752,1,T,N,208.926
t01940,S08,UW1,boot,424.8,1628.1,2470.4,0.0665,1,,P,190.811
t01941,S08,UW1,two,407.5,1637.1,2695.2,0.1344,1,F,P,31.753
t01942,S08,UW1,suit,386.2,1600.4,2639.9,0.1963,1,S,D,90.269
t01943,S08,UW1,moon,374.0,1512.9,2430.5,0.105,1,S,N,262.308
t01944,S08,UW1,suit,422.0,1506.7,2660.3,0.1547,1,B,,149.005
t01945,S08,UW1,two,376.1,1528.0,2628.7,0.0824,1,K,D,250.156
t01946,S08,UW1,suit,407.1,1464.0,2640.4,0.0955,1,S,,108.692
t01947,S08,UW1,food,424.7,1724.7,2810.6,0.123,1,F,L,279.644
t01948,S08,UW1,moon,402.2,1569.3,2761.0,0.1009,1,,,144.897
t01949,S08,UW1,boot,459.3,1506.0,2656.1,0.1526,1,,T,27.68
t01950,S08,UW1,boot,383.8,1311.3,2633.9,0.0879,1,F,,50.27
t01951,S08,AH1,but,679.2,1566.3,2834.4,0.1203,1,B,D,273.551
t01952,S08,AH1,love,737.2,1378.6,2760.1,0.1333,1,,T,253.813
t01953,S08,AH1,love,716.0,1457.9,2864.7,0.1631,1,K,P,219.012
t01954,S08,AH1,but,785.0,1462.4,2638.7,0.0941,1,T,D,44.124
t01955,S08,AH1,mud,796.0,1522.2,2817.2,0.0777,1,S,,263.835
t01956,S08,AH1,love,904.5,1516.3,2724.1,0.1397,1,F,P,166.384
t01957,S08,AH1,cut,808.6,1432.4,2751.6,0.1077,1,T,L,252.628
t01958,S08,AH1,but,785.9,1479.1,2808.7,0.2083,1,,N,219.659
t01959,S08,AH1,but,740.8,1451.8,2885.4,0.1211,1,T,,100.747
t01960,S08,AH1,love,795.3,1447.1,2619.0,0.1196,1,K,N,203.59
t01961,S08,AH1,but,829.9,1460.2,2835.0,0.1408,1,,T,172.619
t01962,S08,AH1,mud,747.1,1444.8,2663.6,0.0927,1,,T,27.928
t01963,S08,AH1,mud,707.9,1446.1,2723.7,0.1066,1,F,P,207.998
t01964,S08,AH1,cut,694.2,1447.5,2855.0,0.0912,1,B,,10.023
t01965,S08,AH1,love,680.7,1387.3,2836.6,0.101,1,S,L,7.791
t01966,S08,AH1,love,804.2,1663.5,2991.8,0.1141,1,,D,120.705
t01967,S08,AH1,but,744.2,1480.8,2789.2,0.0926,1,K,D,282.465
t01968,S08,AH1,mud,766.1,1508.8,2776.8,0.0818,1,K,T,158.233
t01969,S08,AH1,sun,701.7,1503.7,2824.5,0.1765,1,T,N,210.88
t01970,S08,AH1,sun,771.8,1407.7,2691.4,0.1729,1,T,P,178.508
t01971,S08,AH1,sun,800.4,1465.5,2598.3,0.0925,1,F,P,251.866
t01972,S08,AH1,cut,842.4,1568.3,2866.2,0.0943,1,K,P,87.39
t01973,S08,AH1,cut,826.3,1567.4,2918.8,0.1397,1,F,L,57.043
t01974,S08,AH1,but,718.4,1526.8,2917.6,0.0709,1,,T,3.324
t01975,S08,AH1,sun,749.6,1329.4,2649.7,0.1272,1,,N,96.111
t01976,S08,ER1,her,610.0,1570.1,1834.8,0.1895,1,,D,56.432
t01977,S08,ER1,bird,580.8,1690.0,1978.9,0.1258,1,,T,267.329
t01978,S08,ER1,word,594.5,1519.4,2110.6,0.1041,1,K,N,217.793
t01979,S08,ER1,bird,556.1,1476.0,2130.4,0.1123,1,S,P,251.494
t01980,S08,ER1,word,584.8,1671.9,1896.5,0.0691,1,S,,252.096
t01981,S08,ER1,learn,614.1,1406.6,1863.4,0.0694,1,F,,174.476
t01982,S08,ER1,hurt,636.5,1560.2,1995.2,0.1178,1,S,T,65.871
t01983,S08,ER1,her,584.0,1609.2,1874.1,0.0851,1,S,L,251.448
t01984,S08,ER1,bird,549.9,1564.2,1960.0,0.1132,1,T,D,83.255
t01985,S08,ER1,bird,516.4,1542.6,1993.3,0.1102,1,F,L,279.01
t01986,S08,ER1,word,490.3,1557.6,1951.5,0.1218,1,T,D,59.254
t01987,S08,ER1,learn,545.0,1506.7,2101.5,0.1091,1,K,T,144.186
t01988,S08,ER1,hurt,584.7,1734.6,1947.6,0.0597,1,K,D,217.015
t01989,S08,ER1,hurt,580.6,1599.3,1979.3,0.2151,1,B,D,35.058
t01990,S08,ER1,learn,543.2,1599.4,1911.7,0.0991,1,T,P,76.39
t01991,S08,ER1,hurt,562.4,1518.6,2135.3,0.1148,1,B,,292.717
t01992,S08,ER1,learn,539.8,1656.8,2007.2,0.1166,1,T,T,91.026
t01993,S08,ER1,word,551.1,1396.1,1929.9,0.0866,1,K,D,236.546
t01994,S08,ER1,hurt,637.1,1630.0,1941.9,0.1004,1,B,D,168.357
t01995,S08,ER1,hurt,605.5,1599.5,2044.2,0.0993,1,,L,249.067
t01996,S08,ER1,her,578.8,1601.5,2070.7,0.1007,1,K,P,160.041
t01997,S08,ER1,bird,497.0,1406.1,1970.8,0.1284,1,,D,285.424
t01998,S08,ER1,learn,502.5,1537.6,1959.5,0.15,1,S,D,265.047
t01999,S08,ER1,hurt,522.0,1542.3,2008.4,0.1752,1,,,202.991
t02000,S08,ER1,her,560.4,1459.2,1944.4,0.126,1,B,L,85.711
t02001,S09,IY1,keep,361.5,2384.7,3220.6,0.0946,1,S,N,203.085
t02002,S09,IY1,feed,340.1,2811.7,3217.1,0.0796,1,F,N,259.491
t02003,S09,IY1,feed,381.3,2829.2,3543.8,0.113,1,,L,158.826
t02004,S09,IY1,beet,327.7,2615.0,3537.6,0.0707,1,F,N,23.29
t02005,S09,IY1,beet,342.7,2528.7,3481.5,0.1059,1,B,T,142.325
t02006,S09,IY1,beet,369.0,2538.0,3461.1,0.143,1,F,P,201.41
t02007,S09,IY1,team,338.6,2637.1,3372.1,0.2431,1,F,T,57.287
t02008,S09,IY1,keep,365.2,2600.2,3655.7,0.0997,1,B,N,171.868
t02009,S09,IY1,beet,337.4,2736.5,3621.3,0.0963,1,,,40.348
t02010,S09,IY1,seat,340.4,2668.9,3686.1,0.0716,1,B,D,43.011
t02011,S09,IY1,team,392.5,2692.4,3528.5,0.0486,1,K,N,94.354
t02012,S09,IY1,team,376.5,2791.2,3618.7,0.1058,1,B,L,105.652
t02013,S09,IY1,keep,318.1,2669.0,3675.9,0.1053,1,,,110.37
t02014,S09,IY1,team,350.8,3029.9,3514.3,0.0496,1,S,D,48.219
t02015,S09,IY1,team,326.3,2645.5,3395.8,0.1483,1,T,,239.029
t02016,S09,IY1,feed,366.7,2654.6,3460.2,0.0941,1,F,N,175.738
t02017,S09,IY1,team,332.5,2746.4,3667.7,0.0855,1,K,,195.274
t02018,S09,IY1,team,333.4,2805.0,3857.0,0.1589,1,,N,83.472
t02019,S09,IY1,keep,382.5,2694.8,3509.4,0.1306,1,T,L,125.692
t02020,S09,IY1,team,332.5,2724.0,3510.8,0.1905,1,F,D,123.314
t02021,S09,IY1,keep,374.5,2516.6,3465.9,0.0901,1,K,N,161.639
t02022,S09,IY1,keep,271.6,2548.3,3479.9,0.1025,1,,P,240.32
t02023,S09,IY1,team,349.1,2742.3,3672.0,0.1361,1,F,T,34.852
t02024,S09,IY1,seat,330.5,2568.2,3863.7,0.098,1,S,P,85.666
t02025,S09,IY1,beet,317.6,2844.5,3513.7,0.0925,1,B,,101.561
t02026,S09,IH1,kid,555.8,2279.7,2908.7,0.142,1,S,,245.553
t02027,S09,IH1,fill,494.7,2211.9,2766.7,0.1087,1,B,D,19.174
t02028,S09,IH1,sit,490.3,2352.8,2921.7,0.0775,1,F,,64.889
t02029,S09,IH1,fill,463.8,2167.8,2959.5,0.2055,1,S,P,209.864
t02030,S09,IH1,fill,521.2,2398.6,3101.2,0.1551,1,F,N,238.082
t02031,S09,IH1,fill,537.0,2332.8,2972.7,0.1771,1,,L,39.026
t02032,S09,IH1,bit,529.0,2236.0,3135.7,0.0965,1,B,D,168.176
t02033,S09,IH1,fill,487.6,2045.3,3005.1,0.0563,1,B,P,87.276
t02034,S09,IH1,kid,507.1,2402.0,2941.0,0.1028,1,,,237.32
t02035,S09,IH1,sit,501.1,2398.9,2979.7,0.1026,1,,L,49.657
t02036,S09,IH1,wind,530.4,2086.0,3110.6,0.129,1,,N,96.253
t02037,S09,IH1,fill,478.2,2254.9,3058.1,0.1922,1,F,P,295.492
t02038,S09,IH1,kid,547.7,2387.1,2962.6,0.1011,1,T,L,151.241
t02039,S09,IH1,bit,492.7,2155.5,2951.0,0.0951,1,K,T,174.597
t02040,S09,IH1,fill,512.6,2508.2,2627.3,0.0888,1,F,P,219.155
t02041,S09,IH1,bit,610.3,2309.3,3155.4,0.1098,1,T,N,275.606
t02042,S09,IH1,sit,471.4,2255.1,2829.4,0.0574,1,F,,120.794
t02043,S09,IH1,kid,447.9,2527.5,3135.7,0.1334,1,K,D,28.529
t02044,S09,IH1,fill,511.6,2301.0,2779.9,0.1177,1,K,L,123.838
t02045,S09,IH1,kid,521.3,2357.3,3059.1,0.101,1,,T,63.097
t02046,S09,IH1,fill,470.3,2302.8,3003.9,0.1289,1,S,P,292.885
t02047,S09,IH1,sit,487.1,2214.9,3065.1,0.1334,1,K,T,228.615
t02048,S09,IH1,fill,524.4,2488.9,2984.2,0.1083,1,S,D,273.431
t02049,S09,IH1,wind,493.2,2117.4,2878.2,0.0895,1,K,P,199.662
t02050,S09,IH1,fill,494.8,2345.6,2794.2,0.2396,1,F,P,252.392
t02051,S09,EH1,set,747.9,2259.9,2737.1,0.0836,1,S,P,98.833
t02052,S09,EH1,bed,677.0,2009.3,3132.1,0.1211,1,B,T,50.931
t02053,S09,EH1,bed,808.8,2151.0,3142.1,0.168,1,S,N,105.897
t02054,S09,EH1,help,686.9,2141.6,2968.9,0.0875,1,B,P,266.436
t02055,S09,EH1,bed,684.3,2166.0,2830.1,0.103,1,S,P,135.207
t02056,S09,EH1,bed,682.6,2076.1,2858.7,0.0992,1,S,N,195.371
t02057,S09,EH1,help,689.6,2172.4,2895.7,0.1541,1,,P,194.943
t02058,S09,EH1,bed,743.6,2113.8,2900.1,0.1646,1,T,L,94.155
t02059,S09,EH1,then,734.8,2178.4,3022.7,0.125,1,K,T,255.971
t02060,S09,EH1,help,758.9,2236.5,2884.5,0.1889,1,B,T,23.02
t02061,S09,EH1,help,709.5,2074.8,2826.6,0.0797,1,,L,85.15
t02062,S09,EH1,bed,654.8,2163.7,2838.3,0.0707,1,B,P,243.905
t02063,S09,EH1,set,766.5,1924.8,2835.6,0.0818,1,B,P,203.229
t02064,S09,EH1,bed,660.2,2226.2,2895.6,0.1194,1,S,,206.784
t02065,S09,EH1,then,625.0,2037.3,2833.0,0.1432,1,,T,53.595
t02066,S09,EH1,then,652.8,2174.2,2971.6,0.0888,1,K,P,175.95
t02067,S09,EH1,then,744.8,2055.7,3003.8,0.0856,1,K,D,21.567
t02068,S09,EH1,bet,735.8,2191.0,2846.0,0.1145,1,K,L,75.284
t02069,S09,EH1,set,709.0,2168.1,2997.2,0.0668,1,T,N,155.333
t02070,S09,EH1,bed,727.3,2002.1,2893.8,0.1051,1,F,P,49.613
t02071,S09,EH1,then,770.0,2090.0,3043.9,0.1851,1,F,N,104.367
t02072,S09,EH1,bed,600.7,2138.3,2926.6,0.1078,1,K,D,117.055
t02073,S09,EH1,set,625.5,2008.9,2892.2,0.0982,1,T,P,88.94
t02074,S09,EH1,help,734.9,1968.2,2952.2,0.2307,1,,T,96.057
t02075,S09,EH1,help,755.8,2013.6,2846.9,0.0867,1,F,P,16.523
t02076,S09,AE1,bad,845.5,2038.5,2816.9,0.1265,1,B,N,206.538
t02077,S09,AE1,bad,934.2,2101.0,2929.1,0.1002,1,F,,223.746
t02078,S09,AE1,man,984.4,2126.8,2876.4,0.0655,1,K,P,192.751
t02079,S09,AE1,back,895.4,2188.3,2961.0,0.1298,1,S,T,89.241
t02080,S09,AE1,bad,866.3,2019.4,2968.8,0.076,1,,L,95.488
t02081,S09,AE1,man,768.7,2104.1,2935.4,0.0763,1,B,,48.975
t02082,S09,AE1,bad,885.9,2057.3,2773.4,0.0583,1,S,L,48.699
t02083,S09,AE1,back,882.6,1859.0,3127.1,0.0926,1,B,P,112.254
t02084,S09,AE1,back,911.1,2091.4,2842.2,0.1138,1,,T,211.164
t02085,S09,AE1,bat,855.9,2110.3,2940.1,0.1188,1,B,,195.832
t02086,S09,AE1,sat,831.6,1920.7,2925.7,0.1557,1,K,T,96.675
t02087,S09,AE1,back,885.3,1955.5,2811.2,0.139,1,,,203.756
t02088,S09,AE1,bad,795.3,2127.8,2962.2,0.0921,1,K,N,43.103
t02089,S09,AE1,bad,976.2,1973.8,2618.8,0.117,1,F,D,231.647
t02090,S09,AE1,man,899.7,2128.0,2877.5,0.1222,1,S,D,212.004
t02091,S09,AE1,bat,950.2,1983.8,2805.4,0.0621,1,,P,111.831
t02092,S09,AE1,man,973.6,2114.3,2639.5,0.1043,1,S,L,113.763
t02093,S09,AE1,sat,873.8,2110.0,2694.0,0.1379,1,T,T,144.344
t02094,S09,AE1,man,895.4,1829.8,2788.0,0.1083,1,F,L,169.847
t02095,S09,AE1,sat,799.9,2141.0,2894.1,0.0846,1,F,T,97.976
t02096,S09,AE1,sat,861.4,1922.9,2821.1,0.1485,1,,N,7.484
t02097,S09,AE1,man,910.2,2049.2,2911.9,0.0914,1,,L,211.239
t02098,S09,AE1,bat,863.7,2004.7,2651.4,0.205,1,F,L,142.15
t02099,S09,AE1,back,870.5,2054.5,2723.7,0.1155,1,K,T,3.26
t02100,S09,AE1,man,913.4,2032.8,2670.0,0.0913,1,S,,58.359
t02101,S09,AA1,pod,845.6,1375.8,3066.8,0.0985,1,T,T,27.707
t02102,S09,AA1,pod,971.7,1395.1,2948.9,0.0869,1,,D,193.937
t02103,S09,AA1,lock,871.2,1321.6,2753.5,0.1666,1,K,D,63.173
t02104,S09,AA1,lock,813.9,1338.9,3043.4,0.0992,1,F,P,211.184
t02105,S09,AA1,pod,864.5,1325.7,2839.8,0.1141,1,S,N,37.759
t02106,S09,AA1,bot,874.3,1339.0,3104.1,0.1462,1,K,P,66.783
t02107,S09,AA1,lock,851.9,1347.0,3135.3,0.0831,1,F,L,166.736
t02108,S09,AA1,father,904.8,1270.9,3133.8,0.1277,1,K,,185.517
t02109,S09,AA1,lock,1039.4,1181.2,2906.8,0.0719,1,F,P,285.498
t02110,S09,AA1,pod,936.9,1555.3,3116.1,0.1009,1,B,,244.943
t02111,S09,AA1,father,849.8,1420.7,3123.9,0.1359,1,T,L,179.18
t02112,S09,AA1,bot,933.1,1453.8,3026.5,0.0833,1,S,L,197.322
t02113,S09,AA1,father,903.0,1248.7,2892.4,0.0994,1,B,P,173.964
t02114,S09,AA1,lock,878.7,1352.9,3080.5,0.1493,1,B,P,273.788
t02115,S09,AA1,bot,914.6,1275.4,2900.2,0.0659,1,,P,286.949
t02116,S09,AA1,father,749.8,1383.8,3004.2,0.1104,1,B,L,151.767
t02117,S09,AA1,cot,863.5,1401.7,2953.2,0.1561,1,,,261.791
t02118,S09,AA1,cot,921.7,1311.6,2858.9,0.0775,1,,D,38.212
t02119,S09,AA1,bot,963.0,1314.1,3183.7,0.1671,1,T,L,271.515
t02120,S09,AA1,cot,900.8,1332.7,3025.4,0.0727,1,K,,185.095
t02121,S09,AA1,bot,797.8,1375.0,3011.6,0.1272,1,B,T,216.823
t02122,S09,AA1,father,772.0,1496.1,3116.7,0.1176,1,F,P,93.669
t02123,S09,AA1,cot,823.8,1422.9,3057.8,0.1578,1,T,P,200.127
t02124,S09,AA1,lock,707.3,1310.0,2919.9,0.093,1,B,T,4.558
t02125,S09,AA1,cot,934.6,1309.3,2953.7,0.1284,1,B,L,293.879
t02126,S09,AO1,dawn,905.7,1285.5,3073.0,0.1207,1,T,L,120.832
t02127,S09,AO1,dawn,888.8,1273.8,2865.2,0.1318,1,F,L,142.0
t02128,S09,AO1,caught,908.3,1373.4,3047.7,0.1135,1,T,D,86.738
t02129,S09,AO1,bought,726.5,1289.5,3222.9,0.1815,1,K,,56.661
t02130,S09,AO1,bought,867.9,1317.5,2906.7,0.1092,1,T,D,107.899
t02131,S09,AO1,caught,893.0,1381.7,2915.7,0.1057,1,S,N,22.456
t02132,S09,AO1,bought,818.3,1261.3,3038.1,0.1065,1,K,,168.55
t02133,S09,AO1,talk,820.1,1331.6,3046.2,0.1884,1,,,183.36
t02134,S09,AO1,law,804.3,1280.2,2789.3,0.0963,1,T,,210.238
t02135,S09,AO1,law,852.3,1361.2,3069.6,0.1173,1,B,L,111.807
t02136,S09,AO1,law,821.9,1307.0,3019.8,0.1253,1,F,P,91.171
t02137,S09,AO1,dawn,975.2,1235.0,3213.5,0.1241,1,F,L,281.458
t02138,S09,AO1,dawn,831.2,1228.4,2995.1,0.1357,1,F,P,221.602
t02139,S09,AO1,dawn,873.3,1234.5,2876.8,0.0959,1,T,D,233.349
t02140,S09,AO1,law,828.8,1383.8,2948.4,0.0862,1,B,L,119.054
t02141,S09,AO1,bought,843.8,1227.3,3073.1,0.1011,1,B,L,39.98
t02142,S09,AO1,talk,887.8,1307.3,3000.3,0.1461,1,S,L,1.512
t02143,S09,AO1,bought,823.0,1293.8,3017.9,0.0781,1,,L,66.176
t02144,S09,AO1,talk,846.2,1354.8,3044.9,0.0915,1,F,P,139.795
t02145,S09,AO1,talk,790.0,1354.6,2758.2,0.0923,1,,L,173.682
t02146,S09,AO1,talk,866.1,1396.3,2913.8,0.1397,1,K,D,171.189
t02147,S09,AO1,caught,908.6,1266.9,3064.7,0.12,1,S,P,105.15
t02148,S09,AO1,law,978.2,1367.3,3082.4,0.1101,1,,D,47.215
t02149,S09,AO1,talk,880.9,1401.2,3111.0,0.0717,1,B,,65.189
t02150,S09,AO1,talk,876.0,1273.3,2931.1,0.1382,1,B,T,100.271
t02151,S09,OW1,code,571.5,1179.6,2689.7,0.1136,1,B,D,173.24
t02152,S09,OW1,boat,510.7,1114.1,2822.5,0.0877,1,F,L,271.106
t02153,S09,OW1,goat,494.5,1181.5,3228.8,0.1011,1,,N,170.546
t02154,S09,OW1,boat,617.8,1147.4,2742.4,0.136,1,K,T,20.918
t02155,S09,OW1,know,508.9,1191.4,2606.5,0.1374,1,,,241.927
t02156,S09,OW1,know,599.4,1232.0,2823.5,0.1592,1,F,P,230.152
t02157,S09,OW1,know,626.0,1212.4,2807.8,0.1719,1,K,P,92.394
t02158,S09,OW1,code,603.3,1175.0,2764.1,0.0994,1,K,N,149.336
t02159,S09,OW1,goat,539.3,1149.4,3007.4,0.1134,1,,,168.544
t02160,S09,OW1,boat,586.9,1199.9,3064.4,0.0517,1,,T,57.262
t02161,S09,OW1,goat,568.0,1114.8,2907.6,0.1815,1,F,D,269.062
t02162,S09,OW1,boat,639.0,1165.0,2806.5,0.1344,1,,T,166.604
t02163,S09,OW1,goat,556.9,1173.4,2937.3,0.1172,1,,D,1.844
t02164,S09,OW1,road,598.3,1173.3,2800.2,0.1703,1,T,D,150.277
t02165,S09,OW1,road,563.9,1077.8,2757.5,0.1478,1,T,N,255.495
t02166,S09,OW1,goat,573.8,1095.5,2768.3,0.0794,1,F,L,162.645
t02167,S09,OW1,code,648.5,1162.1,3025.3,0.1329,1,S,D,80.047
t02168,S09,OW1,code,664.4,1117.1,2725.5,0.1224,1,S,L,140.026
t02169,S09,OW1,code,570.4,1124.3,2824.6,0.0938,1,,N,161.551
t02170,S09,OW1,know,555.3,1156.7,2888.4,0.0786,1,K,L,29.393
t02171,S09,OW1,boat,453.7,1091.8,2975.6,0.128,1,K,,225.609
t02172,S09,OW1,code,579.1,1241.8,2919.6,0.1363,1,S,L,242.441
t02173,S09,OW1,know,526.7,1258.3,2862.8,0.1806,1,B,P,223.85
t02174,S09,OW1,boat,542.5,1217.4,2779.4,0.1399,1,B,N,202.706
t02175,S09,OW1,goat,640.3,1187.3,2955.6,0.1309,1,B,,225.307
t02176,S09,UW1,moon,432.5,1666.8,2426.9,0.1587,1,K,L,49.746
t02177,S09,UW1,moon,431.7,1568.6,2546.3,0.0945,1,K,P,197.57
t02178,S09,UW1,food,450.5,1592.0,2819.9,0.1108,1,S,D,214.854
t02179,S09,UW1,two,430.7,1627.6,2828.4,0.1234,1,F,P,155.328
t02180,S09,UW1,food,375.4,1565.7,2890.1,0.106,1,K,N,162.954
t02181,S09,UW1,two,400.3,1626.4,2855.7,0.1511,1,K,L,292.161
t02182,S09,UW1,boot,397.7,1692.4,2836.4,0.1905,1,,P,90.166
t02183,S09,UW1,food,419.4,1636.0,2848.5,0.1036,1,,L,149.856
t02184,S09,UW1,food,409.3,1528.8,2764.7,0.1334,1,F,N,79.202
t02185,S09,UW1,moon,465.9,1658.6,2719.6,0.1094,1,T,P,73.763
t02186,S09,UW1,moon,416.3,1684.3,2777.3,0.1164,1,S,D,67.831
t02187,S09,UW1,suit,424.8,1818.3,2776.4,0.071,1,S,T,82.624
t02188,S09,UW1,food,464.3,1632.6,2674.4,0.103,1,,L,284.434
t02189,S09,UW1,food,455.6,1640.2,2816.8,0.1008,1,K,N,211.504
t02190,S09,UW1,food,411.0,1568.6,2550.2,0.2044,1,,L,52.254
t02191,S09,UW1,boot,385.4,1645.9,2935.4,0.1449,1,B,T,293.755
t02192,S09,UW1,moon,453.1,1564.7,2767.3,0.1735,1,,T,130.363
t02193,S09,UW1,suit,439.8,1569.2,2946.9,0.1453,1,B,D,194.057
t02194,S09,UW1,two,445.6,1569.8,2618.7,0.1538,1,B,,121.494
t02195,S09,UW1,boot,423.1,1666.5,2594.1,0.1655,1,,D,242.753
t02196,S09,UW1,suit,399.2,1623.2,2913.7,0.1085,1,T,T,14.627
t02197,S09,UW1,suit,437.0,1603.4,2895.0,0.0846,1,,P,152.733
t02198,S09,UW1,two,405.9,1501.6,2746.3,0.1073,1,F,D,99.01
t02199,S09,UW1,food,416.6,1602.3,2675.7,0.0866,1,T,D,48.289
t02200,S09,UW1,boot,454.4,1628.7,2789.7,0.1194,1,T,L,212.354
t02201,S09,AH1,love,869.3,1554.3,2847.6,0.1013,1,F,T,66.677
t02202,S09,AH1,love,836.9,1498.9,2906.7,0.1116,1,B,L,193.47
t02203,S09,AH1,love,768.4,1541.4,2939.9,0.0897,1,B,L,92.814
t02204,S09,AH1,but,759.8,1411.1,2883.1,0.1331,1,T,T,295.812
t02205,S09,AH1,love,777.4,1398.3,2995.4,0.0742,1,K,,220.311
t02206,S09,AH1,but,828.8,1358.8,2835.0,0.1058,1,B,,113.988
t02207,S09,AH1,sun,784.5,1488.8,2963.0,0.1323,1,T,P,214.51
t02208,S09,AH1,sun,786.3,1417.9,2875.1,0.1117,1,S,P,130.299
t02209,S09,AH1,but,753.3,1562.8,2859.4,0.0707,1,S,L,218.701
t02210,S09,AH1,sun,836.8,1580.6,2906.4,0.119,1,B,P,139.953
t02211,S09,AH1,love,784.5,1441.5,2787.3,0.0958,1,B,,280.231
t02212,S09,AH1,but,720.3,1484.7,2944.5,0.095,1,B,N,103.704
t02213,S09,AH1,sun,741.7,1517.7,2878.8,0.0948,1,K,L,196.228
t02214,S09,AH1,cut,686.9,1499.3,2743.3,0.0993,1,T,P,168.329
t02215,S09,AH1,mud,766.6,1297.1,2809.4,0.079,1,S,D,61.317
t02216,S09,AH1,cut,755.8,1567.4,3064.4,0.1473,1,B,N,185.366
t02217,S09,AH1,mud,894.9,1450.0,3181.4,0.0676,1,S,P,33.769
t02218,S09,AH1,but,834.6,1497.9,2552.6,0.1179,1,T,N,152.841
t02219,S09,AH1,love,717.3,1446.2,2899.6,0.1007,1,T,T,212.3
t02220,S09,AH1,cut,719.5,1496.9,2785.2,0.1347,1,T,L,96.738
t02221,S09,AH1,sun,870.3,1449.8,2671.8,0.1481,1,B,D,265.474
t02222,S09,AH1,love,715.7,1589.4,2926.1,0.132,1,B,N,1.234
t02223,S09,AH1,mud,751.8,1649.1,2994.4,0.1901,1,,L,183.992
t02224,S09,AH1,cut,799.1,1516.5,2837.3,0.0998,1,T,,54.376
t02225,S09,AH1,cut,762.1,1576.3,2953.4,0.128,1,F,D,50.085
t02226,S09,ER1,bird,642.1,1485.3,1937.3,0.1028,1,B,P,253.039
t02227,S09,ER1,bird,596.3,1659.7,1895.4,0.1285,1,T,T,14.388
t02228,S09,ER1,word,614.8,1601.8,2090.2,0.066,1,F,N,89.973
t02229,S09,ER1,word,600.7,1620.0,2039.7,0.1151,1,K,T,68.644
t02230,S09,ER1,her,604.7,1626.0,2190.9,0.0975,1,,T,243.106
t02231,S09,ER1,her,533.8,1685.3,2099.8,0.0594,1,T,N,183.153
t02232,S09,ER1,hurt,569.1,1610.0,2036.8,0.0721,1,T,N,39.506
t02233,S09,ER1,hurt,589.4,1516.8,2116.7,0.0844,1,S,D,212.141
t02234,S09,ER1,hurt,517.0,1645.3,2020.6,0.1147,1,,,250.948
t02235,S09,ER1,word,627.0,1651.6,1971.0,0.0843,1,K,L,296.176
t02236,S09,ER1,learn,559.0,1631.0,2060.7,0.1439,1,T,L,237.918
t02237,S09,ER1,word,579.1,1580.6,1998.6,0.0704,1,K,P,233.603
t02238,S09,ER1,her,599.5,1615.7,2056.0,0.1986,1,K,T,90.464
t02239,S09,ER1,bird,531.7,1654.5,1962.6,0.0979,1,B,D,72.624
t02240,S09,ER1,learn,550.7,1637.8,2157.0,0.1174,1,,,158.686
t02241,S09,ER1,hurt,574.3,1758.4,2056.9,0.1135,1,K,P,132.752
t02242,S09,ER1,word,562.5,1701.7,2171.1,0.0889,1,B,N,205.516
t02243,S09,ER1,her,567.6,1588.5,1983.0,0.1318,1,K,D,149.044
t02244,S09,ER1,hurt,641.9,1636.2,1970.1,0.097,1,,D,116.573
t02245,S09,ER1,bird,516.9,1774.6,1901.0,0.1618,1,K,D,188.891
t02246,S09,ER1,word,613.7,1749.8,2070.0,0.0711,1,T,,236.594
t02247,S09,ER1,hurt,616.9,1722.5,2094.4,0.0883,1,K,P,288.555
t02248,S09,ER1,word,593.3,1483.6,2129.3,0.1267,1,F,P,38.189
t02249,S09,ER1,word,602.3,1726.2,2049.1,0.1318,1,B,T,69.954
t02250,S09,ER1,bird,625.3,1623.8,2079.3,0.1222,1,F,D,10.414
t02251,S10,IY1,seat,289.0,2285.9,2918.2,0.1373,1,F,L,30.344
t02252,S10,IY1,team,292.2,2122.5,2782.8,0.1094,1,K,L,263.692
t02253,S10,IY1,feed,268.4,2287.3,2799.3,0.0832,1,B,,144.249
t02254,S10,IY1,seat,311.0,2319.3,3132.6,0.1245,1,S,N,81.765
t02255,S10,IY1,feed,278.0,2224.0,2806.3,0.0932,1,K,P,66.252
t02256,S10,IY1,keep,293.0,2178.3,3144.9,0.1188,1,B,N,194.082
t02257,S10,IY1,team,328.2,2299.3,2830.1,0.0883,1,K,T,205.029
t02258,S10,IY1,seat,291.7,2427.9,2856.6,0.1181,1,B,P,121.103
t02259,S10,IY1,seat,302.4,2307.5,3122.1,0.059,1,T,D,149.215
t02260,S10,IY1,feed,302.2,2284.0,3013.3,0.0872,1,S,D,258.076
t02261,S10,IY1,team,271.6,2445.3,2989.0,0.0813,1,F,T,287.716
t02262,S10,IY1,feed,305.3,2136.2,2940.0,0.0756,1,,N,104.787
t02263,S10,IY1,beet,308.4,2168.0,2950.8,0.0748,1,K,L,276.415
t02264,S10,IY1,feed,303.9,2223.0,2762.8,0.0872,1,S,D,221.386
t02265,S10,IY1,team,289.2,2387.8,2881.1,0.0673,1,K,,242.907
t02266,S10,IY1,feed,292.7,2185.4,2796.1,0.1413,1,F,P,239.845
t02267,S10,IY1,seat,356.3,2176.2,2944.9,0.132,1,,L,35.894
t02268,S10,IY1,feed,318.7,2265.6,2843.2,0.0856,1,S,P,264.163
t02269,S10,IY1,feed,312.0,2120.2,2907.4,0.0963,1,,,192.242
t02270,S10,IY1,seat,316.6,2111.4,2987.9,0.0775,1,B,D,57.611
t02271,S10,IY1,team,285.4,2290.5,2824.3,0.1847,1,S,L,203.445
t02272,S10,IY1,feed,302.2,2359.6,2794.9,0.1159,1,T,L,52.409
t02273,S10,IY1,team,261.0,2256.5,2719.6,0.1611,1,K,N,277.657
t02274,S10,IY1,keep,322.8,2442.1,2862.4,0.0821,1,F,L,91.87
t02275,S10,IY1,keep,285.9,2215.1,2848.5,0.1134,1,K,T,292.964
t02276,S10,IH1,kid,396.1,1939.4,2580.3,0.1166,1,F,,202.979
t02277,S10,IH1,kid,342.4,1945.3,2510.5,0.0987,1,B,L,101.447
t02278,S10,IH1,kid,404.9,1889.1,2361.4,0.1478,1,F,N,13.269
t02279,S10,IH1,fill,396.3,1836.3,2437.3,0.0799,1,S,D,151.773
t02280,S10,IH1,fill,390.6,2075.6,2449.4,0.1426,1,S,T,174.256
t02281,S10,IH1,bit,427.8,1931.8,2362.7,0.0793,1,K,T,179.035
t02282,S10,IH1,kid,402.7,1877.6,2547.5,0.0819,1,S,L,219.159
t02283,S10,IH1,bit,416.5,1885.7,2466.3,0.1015,1,,T,130.884
t02284,S10,IH1,bit,445.6,2054.9,2465.4,0.118,1,B,N,183.488
t02285,S10,IH1,sit,403.6,1904.5,2450.7,0.0967,1,S,T,156.85
t02286,S10,IH1,wind,393.0,1934.7,2425.8,0.1157,1,T,P,192.303
t02287,S10,IH1,wind,430.7,1990.1,2522.8,0.1182,1,S,N,75.298
t02288,S10,IH1,fill,392.2,2012.8,2567.3,0.1051,1,K,N,61.907
t02289,S10,IH1,kid,411.4,1923.9,2433.5,0.0453,1,K,T,71.196
t02290,S10,IH1,bit,403.4,1948.1,2550.6,0.1383,1,T,N,193.291
t02291,S10,IH1,bit,403.7,2033.4,2476.0,0.1128,1,F,D,82.197
t02292,S10,IH1,kid,383.9,1911.3,2515.2,0.1358,1,K,D,291.018
t02293,S10,IH1,bit,440.4,1862.8,2470.1,0.1385,1,S,T,295.473
t02294,S10,IH1,kid,366.4,1848.6,2445.2,0.1223,1,,T,52.058
t02295,S10,IH1,wind,384.5,1982.1,2469.0,0.0785,1,T,N,12.072
t02296,S10,IH1,kid,418.5,1964.7,2398.9,0.08,1,K,,147.291
t02297,S10,IH1,fill,439.7,2036.8,2376.7,0.1339,1,S,,293.09
t02298,S10,IH1,kid,482.0,2024.1,2429.9,0.1256,1,K,P,131.355
t02299,S10,IH1,bit,377.0,2156.7,2600.1,0.0866,1,F,T,99.293
t02300,S10,IH1,fill,457.4,1868.3,2454.2,0.1269,1,K,P,280.814
t02301,S10,EH1,bet,570.2,1748.1,2514.3,0.1016,1,,T,17.947
t02302,S10,EH1,then,564.4,1707.1,2360.3,0.1188,1,S,T,269.543
t02303,S10,EH1,bet,608.3,1682.5,2372.5,0.2002,1,K,N,179.152
t02304,S10,EH1,bet,574.7,1664.0,2305.2,0.1019,1,,D,122.671
t02305,S10,EH1,set,577.0,1790.4,2298.2,0.1471,1,,T,188.304
t02306,S10,EH1,then,530.7,1873.9,2621.0,0.1401,1,S,D,123.515
t02307,S10,EH1,set,537.9,1896.4,2393.7,0.1337,1,B,L,90.92
t02308,S10,EH1,then,561.2,1836.4,2216.8,0.0659,1,,,27.119
t02309,S10,EH1,bet,641.9,1863.0,2385.3,0.0645,1,,T,28.35
t02310,S10,EH1,set,571.0,1836.7,2556.9,0.0943,1,K,T,211.143
t02311,S10,EH1,bet,520.6,1904.3,2437.2,0.1566,1,K,D,222.052
t02312,S10,EH1,help,657.0,1752.4,2481.5,0.1738,1,B,N,36.958
t02313,S10,EH1,help,532.1,1875.1,2455.2,0.1228,1,S,D,132.422
t02314,S10,EH1,then,481.4,1844.1,2583.9,0.0801,1,S,D,267.408
t02315,S10,EH1,bed,543.9,1924.9,2342.2,0.1282,1,B,L,57.244
t02316,S10,EH1,set,613.7,1763.6,2578.2,0.0609,1,F,N,262.448
t02317,S10,EH1,set,594.6,1583.1,2524.6,0.0579,1,F,L,265.515
t02318,S10,EH1,help,564.8,1867.8,2416.3,0.0829,1,S,L,193.119
t02319,S10,EH1,help,627.2,1770.7,2604.5,0.1385,1,S,P,20.139
t02320,S10,EH1,bed,578.7,1757.9,2541.0,0.1019,1,S,,111.442
t02321,S10,EH1,bet,598.3,1695.5,2338.3,0.115,1,K,T,136.027
t02322,S10,EH1,set,679.5,1769.6,2568.5,0.116,1,S,,119.733
t02323,S10,EH1,bet,600.3,1644.4,2459.5,0.0611,1,S,D,5.654
t02324,S10,EH1,bed,581.9,1870.2,2490.1,0.0695,1,T,L,238.198
t02325,S10,EH1,set,596.2,1888.3,2546.0,0.1598,1,F,L,33.746
t02326,S10,AE1,man,737.8,1667.4,2386.6,0.0973,1,B,T,226.472
t02327,S10,AE1,back,720.5,1537.7,2436.6,0.2028,1,B,N,205.743
t02328,S10,AE1,bad,717.5,1759.2,2521.9,0.0644,1,S,,194.404
t02329,S10,AE1,back,669.6,1767.7,2447.4,0.0958,1,T,T,8.808
t02330,S10,AE1,man,694.7,1732.6,2328.6,0.1223,1,B,D,138.557
t02331,S10,AE1,back,692.5,1710.0,2502.6,0.089,1,K,L,52.122
t02332,S10,AE1,bat,826.2,1833.5,2410.7,0.1442,1,S,D,99.529
t02333,S10,AE1,sat,712.9,1770.7,2335.5,0.1114,1,T,T,273.087
t02334,S10,AE1,sat,761.5,1764.7,2309.8,0.0767,1,S,N,19.413
t02335,S10,AE1,sat,647.9,1718.0,2208.5,0.0766,1,K,T,291.242
t02336,S10,AE1,bat,761.4,1675.8,2559.5,0.0928,1,K,T,81.446
t02337,S10,AE1,man,712.8,1703.6,2461.8,0.1731,1,F,D,131.098
t02338,S10,AE1,man,749.0,1642.2,2420.5,0.1154,1,K,T,226.606
t02339,S10,AE1,bad,762.5,1755.1,2444.7,0.116,1,F,,255.03
t02340,S10,AE1,back,782.8,1653.6,2469.7,0.1441,1,,,133.75
t02341,S10,AE1,sat,767.8,1566.9,2459.4,0.1411,1,T,N,189.684
t02342,S10,AE1,back,727.4,1751.4,2386.8,0.14,1,,N,36.627
t02343,S10,AE1,sat,742.9,1736.7,2280.9,0.0787,1,S,,168.577
t02344,S10,AE1,bad,743.8,1656.5,2384.4,0.1456,1,,T,132.357
t02345,S10,AE1,bat,726.3,1853.2,2408.1,0.1704,1,T,D,213.41
t02346,S10,AE1,back,701.0,1814.4,2685.3,0.1739,1,,N,215.001
t02347,S10,AE1,sat,719.7,1929.7,2395.0,0.118,1,S,,260.648
t02348,S10,AE1,bad,813.5,1563.9,2408.8,0.0908,1,,N,124.411
t02349,S10,AE1,bad,790.6,1669.4,2417.7,0.1162,1,B,N,220.929
t02350,S10,AE1,bat,749.4,1735.3,2371.3,0.1319,1,S,L,239.276
t02351,S10,AA1,bot,811.6,1082.4,2513.9,0.1488,1,,T,275.96
t02352,S10,AA1,pod,651.7,1122.0,2468.3,0.0876,1,B,D,285.134
t02353,S10,AA1,bot,676.0,1106.1,2327.0,0.0989,1,B,,26.178
t02354,S10,AA1,father,777.5,1171.4,2471.9,0.1049,1,F,N,139.038
t02355,S10,AA1,bot,698.9,1138.9,2467.1,0.1445,1,T,T,117.0
t02356,S10,AA1,bot,742.3,1061.9,2535.4,0.1086,1,S,D,161.32
t02357,S10,AA1,cot,658.6,1150.2,2440.8,0.0462,1,K,P,233.042
t02358,S10,AA1,father,735.7,1219.2,2483.1,0.0998,1,B,P,27.157
t02359,S10,AA1,cot,702.3,1080.1,2270.9,0.1282,1,S,,50.218
t02360,S10,AA1,lock,738.6,1095.1,2491.8,0.1515,1,,T,205.305
t02361,S10,AA1,father,719.3,1160.3,2299.0,0.1048,1,,P,68.436
t02362,S10,AA1,bot,738.7,1135.5,2686.1,0.0907,1,K,T,75.322
t02363,S10,AA1,father,762.3,1108.8,2564.5,0.1475,1,T,D,288.202
t02364,S10,AA1,bot,643.8,1177.6,2575.4,0.1117,1,T,L,230.303
t02365,S10,AA1,pod,683.0,1172.9,2623.2,0.0993,1,K,D,49.854
t02366,S10,AA1,lock,740.4,1007.9,2640.2,0.0791,1,K,T,178.744
t02367,S10,AA1,father,852.0,1080.0,2625.9,0.0982,1,,,126.449
t02368,S10,AA1,cot,728.0,1086.8,2611.6,0.09,1,B,,11.377
t02369,S10,AA1,bot,690.0,1179.8,2659.4,0.0672,1,F,T,232.144
t02370,S10,AA1,pod,784.8,1114.5,2491.2,0.0832,1,K,L,8.028
t02371,S10,AA1,cot,774.8,1199.0,2417.5,0.1917,1,F,D,99.669
t02372,S10,AA1,father,686.5,1129.5,2433.2,0.1089,1,K,L,124.182
t02373,S10,AA1,father,769.2,1023.1,2524.2,0.1234,1,B,N,138.545
t02374,S10,AA1,father,740.2,1208.7,2543.2,0.1878,1,S,,170.489
t02375,S10,AA1,cot,693.5,1192.7,2513.7,0.061,1,K,D,102.416
t02376,S10,AO1,caught,627.3,873.2,2557.6,0.076,1,B,D,66.574
t02377,S10,AO1,talk,649.8,825.8,2532.8,0.0999,1,T,T,93.488
t02378,S10,AO1,bought,649.8,878.5,2597.7,0.1142,1,,,56.235
t02379,S10,AO1,bought,717.4,905.6,2651.7,0.1308,1,,,265.18
t02380,S10,AO1,talk,590.0,905.3,2451.7,0.1098,1,T,L,9.472
t02381,S10,AO1,bought,617.2,873.2,2702.4,0.1411,1,B,N,74.365
t02382,S10,AO1,caught,636.3,897.8,2476.5,0.1703,1,K,,82.011
t02383,S10,AO1,dawn,648.9,821.2,2475.9,0.099,1,F,D,184.02
t02384,S10,AO1,dawn,655.8,951.8,2553.4,0.1222,1,F,,130.086
t02385,S10,AO1,law,634.0,919.5,2471.9,0.11,1,K,D,141.416
t02386,S10,AO1,caught,595.3,960.5,2432.9,0.125,1,F,L,288.487
t02387,S10,AO1,talk,620.1,886.1,2634.7,0.1022,1,S,N,280.304
t02388,S10,AO1,bought,622.6,950.1,2748.8,0.1,1,S,D,124.012
t02389,S10,AO1,caught,619.1,843.1,2530.8,0.1351,1,T,N,168.975
t02390,S10,AO1,talk,604.7,868.9,2620.1,0.1177,1,S,P,23.031
t02391,S10,AO1,talk,573.7,876.9,2476.5,0.0546,1,T,L,8.402
t02392,S10,AO1,law,603.0,927.2,2605.7,0.0638,1,T,T,97.127
t02393,S10,AO1,caught,603.2,914.1,2435.7,0.1433,1,K,L,25.795
t02394,S10,AO1,dawn,622.2,935.0,2398.4,0.2479,1,T,,203.041
t02395,S10,AO1,talk,645.9,813.6,2623.1,0.0678,1,K,T,256.844
t02396,S10,AO1,dawn,632.9,930.5,2604.0,0.0742,1,K,N,119.196
t02397,S10,AO1,dawn,628.5,912.6,2560.6,0.128,1,,D,120.043
t02398,S10,AO1,talk,638.1,950.4,2591.7,0.1131,1,B,N,94.942
t02399,S10,AO1,bought,592.0,947.3,2548.0,0.101,1,B,P,171.731
t02400,S10,AO1,talk,589.5,828.7,2723.8,0.1175,1,,P,181.953
t02401,S10,OW1,road,476.6,861.5,2364.7,0.0774,1,K,T,233.727
t02402,S10,OW1,road,501.1,978.0,2533.5,0.1014,1,K,D,238.704
t02403,S10,OW1,code,504.6,953.0,2545.7,0.1349,1,B,L,123.408
t02404,S10,OW1,code,455.7,998.7,2481.6,0.1982,1,T,L,60.262
t02405,S10,OW1,boat,455.5,970.6,2304.4,0.098,1,,D,10.444
t02406,S10,OW1,code,541.8,930.8,2298.0,0.0948,1,,L,20.5
t02407,S10,OW1,boat,529.9,959.1,2475.0,0.0759,1,K,L,202.406
t02408,S10,OW1,boat,520.1,974.5,2437.9,0.1518,1,,N,72.599
t02409,S10,OW1,boat,530.4,911.7,2385.4,0.1183,1,T,T,40.844
t02410,S10,OW1,goat,514.4,998.3,2511.2,0.0712,1,T,L,90.201
t02411,S10,OW1,know,468.7,1014.3,2329.9,0.1467,1,S,N,156.757
t02412,S10,OW1,goat,476.8,978.3,2292.0,0.1093,1,F,L,75.063
t02413,S10,OW1,goat,513.2,1071.1,2459.6,0.1121,1,F,L,250.072
t02414,S10,OW1,code,483.1,949.9,2279.5,0.0663,1,,N,222.388
t02415,S10,OW1,know,521.9,976.8,2327.6,0.08,1,B,P,118.622
t02416,S10,OW1,road,538.8,921.9,2413.3,0.0951,1,,D,205.374
t02417,S10,OW1,know,485.3,944.8,2459.7,0.14,1,S,P,81.101
t02418,S10,OW1,road,465.3,981.1,2530.4,0.1026,1,,L,119.946
t02419,S10,OW1,code,471.9,971.6,2218.2,0.0613,1,T,D,272.038
t02420,S10,OW1,boat,509.4,939.2,2205.5,0.053,1,S,N,241.654
t02421,S10,OW1,goat,465.6,979.6,2500.5,0.0462,1,,P,71.374
t02422,S10,OW1,road,460.5,981.0,2565.4,0.1036,1,T,D,98.299
t02423,S10,OW1,road,469.0,1021.6,2568.9,0.1035,1,,D,75.766
t02424,S10,OW1,code,478.3,989.5,2284.9,0.0782,1,K,,143.661
t02425,S10,OW1,road,524.7,909.1,2231.8,0.1238,1,F,N,16.592
t02426,S10,UW1,boot,354.0,1308.8,2442.8,0.0948,1,,T,22.403
t02427,S10,UW1,two,327.4,1348.3,2432.3,0.0968,1,K,N,20.209
t02428,S10,UW1,moon,321.9,1148.3,2277.1,0.1512,1,B,D,282.026
t02429,S10,UW1,suit,405.0,1368.3,2501.8,0.0551,1,K,,182.794
t02430,S10,UW1,food,381.1,1382.2,2151.8,0.1292,1,T,P,121.351
t02431,S10,UW1,suit,382.2,1362.0,2473.2,0.1079,1,T,P,192.271
t02432,S10,UW1,food,326.0,1314.1,2403.0,0.1326,1,,D,165.327
t02433,S10,UW1,two,362.2,1414.0,2292.8,0.1148,1,,N,123.596
t02434,S10,UW1,boot,331.2,1354.7,2517.5,0.1379,1,B,D,109.254
t02435,S10,UW1,suit,359.2,1358.2,2438.7,0.1348,1,K,P,273.719
t02436,S10,UW1,suit,360.8,1316.9,2364.2,0.1598,1,B,L,55.991
t02437,S10,UW1,two,404.2,1332.6,2164.7,0.0509,1,B,T,11.376
t02438,S10,UW1,moon,339.0,1376.3,2373.6,0.0619,1,T,D,298.425
t02439,S10,UW1,food,332.5,1509.5,2421.5,0.0851,1,,,37.732
t02440,S10,UW1,moon,304.8,1336.9,2435.7,0.1014,1,F,P,61.9
t02441,S10,UW1,suit,369.2,1346.6,2361.4,0.093,1,T,,179.615
t02442,S10,UW1,two,374.9,1289.2,2323.2,0.0599,1,B,D,178.064
t02443,S10,UW1,food,345.0,1371.8,2287.8,0.1805,1,T,L,79.941
t02444,S10,UW1,boot,356.8,1346.5,2277.8,0.1464,1,B,L,93.036
t02445,S10,UW1,food,354.5,1428.7,2332.3,0.1309,1,,N,258.163
t02446,S10,UW1,moon,336.6,1487.8,2169.8,0.0802,1,F,,158.996
t02447,S10,UW1,moon,332.4,1408.6,2429.5,0.0992,1,T,N,173.102
t02448,S10,UW1,boot,341.2,1398.5,2180.4,0.0577,1,S,T,178.203
t02449,S10,UW1,boot,316.7,1359.6,2440.4,0.0976,1,T,T,65.659
t02450,S10,UW1,two,347.6,1298.3,2217.3,0.1188,1,K,L,3.12
t02451,S10,AH1,sun,661.4,1272.0,2471.6,0.0644,1,S,T,126.978
t02452,S10,AH1,love,622.7,1251.1,2345.8,0.1222,1,T,T,154.417
t02453,S10,AH1,love,638.5,1261.7,2378.7,0.1388,1,T,T,236.05
t02454,S10,AH1,mud,701.8,1250.8,2505.1,0.1103,1,T,,227.839
t02455,S10,AH1,sun,658.3,1246.3,2605.5,0.1347,1,F,D,99.598
t02456,S10,AH1,but,689.9,1257.4,2533.0,0.0939,1,K,L,239.236
t02457,S10,AH1,cut,664.7,1283.7,2421.0,0.1064,1,B,N,239.966
t02458,S10,AH1,cut,669.1,1166.1,2340.4,0.1436,1,,N,38.146
t02459,S10,AH1,sun,717.6,1238.5,2362.1,0.131,1,,N,127.314
t02460,S10,AH1,love,641.2,1283.2,2362.7,0.0644,1,B,D,52.062
t02461,S10,AH1,cut,637.8,1282.7,2398.2,0.1348,1,B,P,152.246
t02462,S10,AH1,but,714.7,1315.0,2306.4,0.1358,1,F,,150.222
t02463,S10,AH1,but,665.9,1209.5,2378.2,0.1663,1,S,L,90.42
t02464,S10,AH1,but,605.3,1323.6,2409.8,0.1326,1,B,L,148.89
t02465,S10,AH1,mud,662.8,1270.8,2291.7,0.0942,1,B,N,258.845
t02466,S10,AH1,but,714.4,1296.9,2289.8,0.1372,1,S,D,271.606
t02467,S10,AH1,cut,663.5,1288.1,2378.6,0.1395,1,T,,195.858
t02468,S10,AH1,love,615.9,1200.3,2554.7,0.056,1,F,N,218.201
t02469,S10,AH1,cut,704.5,1255.5,2444.5,0.1018,1,,D,284.276
t02470,S10,AH1,but,665.8,1196.7,2297.8,0.1061,1,B,L,145.912
t02471,S10,AH1,but,688.5,1255.1,2434.8,0.1727,1,K,L,289.978
t02472,S10,AH1,mud,671.3,1298.1,2463.5,0.1028,1,S,,188.827
t02473,S10,AH1,mud,723.5,1229.2,2393.7,0.0968,1,K,P,136.305
t02474,S10,AH1,sun,671.6,1290.8,2422.8,0.0539,1,K,L,184.647
t02475,S10,AH1,sun,730.9,1250.0,2344.1,0.1529,1,,P,75.844
t02476,S10,ER1,her,405.6,1301.6,1671.4,0.0817,1,T,P,16.018
t02477,S10,ER1,learn,469.5,1337.1,1690.6,0.1032,1,F,D,267.168
t02478,S10,ER1,her,575.6,1306.3,1678.8,0.0648,1,B,P,62.954
t02479,S10,ER1,hurt,518.6,1409.7,1706.1,0.0991,1,B,P,240.241
t02480,S10,ER1,learn,530.0,1189.8,1771.9,0.1583,1,F,D,114.217
t02481,S10,ER1,hurt,519.1,1280.5,1822.9,0.0959,1,S,P,166.673
t02482,S10,ER1,hurt,449.5,1382.9,1687.1,0.092,1,S,L,131.885
t02483,S10,ER1,word,522.9,1304.1,1813.1,0.119,1,F,P,144.219
t02484,S10,ER1,learn,509.5,1419.6,1675.5,0.2139,1,,N,90.151
t02485,S10,ER1,word,540.4,1260.1,1713.5,0.0985,1,T,L,112.986
t02486,S10,ER1,learn,473.6,1310.2,1743.4,0.1245,1,B,D,14.226
t02487,S10,ER1,bird,531.5,1332.2,1743.9,0.2251,1,,T,4.003
t02488,S10,ER1,her,503.8,1407.7,1806.0,0.0954,1,T,,7.64
t02489,S10,ER1,word,411.5,1336.4,1886.3,0.1229,1,K,P,125.709
t02490,S10,ER1,learn,464.2,1392.4,1732.1,0.0852,1,T,P,122.0
t02491,S10,ER1,hurt,464.6,1316.4,1705.8,0.1524,1,S,L,29.65
t02492,S10,ER1,learn,531.3,1337.2,1738.2,0.188,1,B,P,180.34
t02493,S10,ER1,bird,494.1,1276.8,1705.6,0.1328,1,,,103.924
t02494,S10,ER1,bird,497.8,1478.0,1723.2,0.1143,1,B,N,282.588
t02495,S10,ER1,bird,521.5,1377.1,1919.0,0.1109,1,K,L,83.322
t02496,S10,ER1,her,462.1,1434.4,1721.4,0.0763,1,,P,145.593
t02497,S10,ER1,hurt,463.9,1424.7,1731.2,0.1022,1,B,N,101.065
t02498,S10,ER1,learn,521.4,1324.9,1702.6,0.0861,1,K,P,192.134
t02499,S10,ER1,hurt,512.6,1270.1,1679.0,0.0589,1,T,P,242.816
t02500,S10,ER1,bird,517.7,1367.8,1807.7,0.1553,1,F,N,257.732
t02501,S11,IY1,feed,295.8,2095.3,3027.6,0.172,1,F,N,73.232
t02502,S11,IY1,keep,307.0,2179.7,3063.8,0.055,1,B,T,143.428
t02503,S11,IY1,team,343.0,2380.3,3178.7,0.1552,1,K,N,46.915
t02504,S11,IY1,team,289.5,2265.7,3195.7,0.0812,1,T,N,139.532
t02505,S11,IY1,team,313.1,2338.3,2875.0,0.1171,1,K,D,56.102
t02506,S11,IY1,team,283.0,2263.4,3030.4,0.1047,1,F,P,19.06
t02507,S11,IY1,seat,276.7,2331.0,2961.5,0.0778,1,K,T,284.805
t02508,S11,IY1,seat,295.9,2467.3,2962.6,0.1584,1,K,N,40.998
t02509,S11,IY1,beet,290.5,2148.2,3109.3,0.1819,1,,T,277.798
t02510,S11,IY1,keep,289.1,2200.4,3175.9,0.1449,1,K,P,101.221
t02511,S11,IY1,feed,320.6,2403.9,2933.0,0.1733,1,,,199.463
t02512,S11,IY1,team,301.9,2191.4,2865.0,0.0983,1,S,T,73.01
t02513,S11,IY1,beet,328.2,2320.0,3161.3,0.1105,1,T,L,122.66
t02514,S11,IY1,team,301.8,2314.6,3064.1,0.1044,1,B,N,67.742
t02515,S11,IY1,seat,259.3,2289.1,2878.6,0.1143,1,F,N,265.436
t02516,S11,IY1,feed,291.6,2326.1,3056.7,0.1951,1,B,,9.602
t02517,S11,IY1,seat,356.7,2354.5,3105.9,0.0997,1,T,T,220.43
t02518,S11,IY1,feed,308.5,2231.0,3018.7,0.0689,1,F,N,98.655
t02519,S11,IY1,beet,285.1,2278.5,3097.2,0.0916,1,S,L,109.348
t02520,S11,IY1,beet,309.3,2486.0,3219.6,0.0705,1,S,P,20.428
t02521,S11,IY1,keep,299.0,2336.2,2731.0,0.1134,1,T,P,220.451
t02522,S11,IY1,team,291.6,2489.6,3061.7,0.1493,1,K,L,230.336
t02523,S11,IY1,keep,294.3,2308.0,2975.5,0.1142,1,F,D,92.153
t02524,S11,IY1,beet,293.5,2264.8,2996.3,0.0955,1,B,P,129.342
t02525,S11,IY1,seat,292.7,2470.5,2960.8,0.1496,1,S,P,169.31
t02526,S11,IH1,bit,424.6,2019.8,2588.1,0.2147,1,,P,69.359
t02527,S11,IH1,wind,420.7,2058.5,2476.4,0.1145,1,B,N,149.38
t02528,S11,IH1,sit,419.3,2116.1,2494.6,0.1017,1,T,,145.098
t02529,S11,IH1,sit,362.1,1926.6,2565.1,0.1808,1,K,T,174.607
t02530,S11,IH1,sit,372.3,1978.4,2606.7,0.0543,1,T,T,165.957
t02531,S11,IH1,wind,395.8,2080.5,2401.4,0.0847,1,K,P,238.697
t02532,S11,IH1,wind,413.1,1865.3,2416.4,0.117,1,S,L,117.334
t02533,S11,IH1,fill,470.6,1882.0,2400.6,0.0922,1,T,N,266.586
t02534,S11,IH1,sit,463.7,2031.4,2713.3,0.2562,1,S,P,264.191
t02535,S11,IH1,wind,444.7,2022.3,2534.6,0.0961,1,S,D,186.52
t02536,S11,IH1,kid,484.4,2076.9,2515.1,0.1398,1,F,T,37.415
t02537,S11,IH1,kid,461.7,1859.1,2468.3,0.086,1,B,N,250.084
t02538,S11,IH1,sit,437.8,1931.9,2741.5,0.1599,1,B,N,293.742
t02539,S11,IH1,sit,458.9,1910.5,2689.8,0.0878,1,F,,152.33
t02540,S11,IH1,fill,448.6,2014.5,2638.2,0.1055,1,B,P,127.407
t02541,S11,IH1,bit,445.9,2002.4,2542.8,0.1126,1,S,D,133.226
t02542,S11,IH1,fill,401.9,2214.9,2596.4,0.0623,1,,P,73.822
t02543,S11,IH1,fill,445.6,1925.6,2497.1,0.1496,1,B,N,12.021
t02544,S11,IH1,kid,469.7,2068.1,2451.3,0.1324,1,K,,212.208
t02545,S11,IH1,kid,467.1,1977.2,2593.1,0.0714,1,S,D,15.665
t02546,S11,IH1,wind,461.0,1963.9,2712.3,0.0797,1,K,P,125.98
t02547,S11,IH1,fill,431.2,2174.4,2658.2,0.1751,1,F,N,245.037
t02548,S11,IH1,fill,404.7,2087.8,2592.0,0.1365,1,F,L,217.597
t02549,S11,IH1,sit,458.6,2006.1,2611.4,0.167,1,K,,212.673
t02550,S11,IH1,sit,437.1,2014.3,2504.7,0.0621,1,K,T,140.129
t02551,S11,EH1,bet,589.5,1915.9,2682.6,0.1067,1,S,D,94.961
t02552,S11,EH1,bed,564.3,1792.5,2416.2,0.0681,1,B,N,48.514
t02553,S11,EH1,help,576.0,1872.6,2532.2,0.0776,1,K,,202.09
t02554,S11,EH1,bet,687.1,1948.3,2496.6,0.0848,1,S,D,59.624
t02555,S11,EH1,bed,605.4,1764.1,2621.5,0.0944,1,S,N,115.806
t02556,S11,EH1,bed,667.2,1992.7,2588.2,0.0826,1,F,P,185.751
t02557,S11,EH1,set,601.7,1819.0,2729.4,0.1606,1,B,P,206.449
t02558,S11,EH1,help,602.2,1997.8,2478.2,0.1179,1,T,L,292.169
t02559,S11,EH1,bet,541.4,1731.1,2455.5,0.092,1,B,T,242.459
t02560,S11,EH1,then,596.9,1796.4,2613.4,0.1744,1,F,,246.188
t02561,S11,EH1,set,576.0,1821.0,2336.4,0.1167,1,B,N,48.37
t02562,S11,EH1,then,624.8,2022.6,2484.8,0.0701,1,B,L,95.261
t02563,S11,EH1,then,602.2,1765.5,2353.3,0.0882,1,K,T,56.918
t02564,S11,EH1,then,574.8,1830.4,2353.6,0.1338,1,S,L,104.277
t02565,S11,EH1,help,605.6,1921.1,2473.6,0.1082,1,T,,297.3
t02566,S11,EH1,then,668.3,1857.4,2306.0,0.1382,1,T,T,279.815
t02567,S11,EH1,then,606.6,1863.4,2602.2,0.1648,1,T,N,184.273
t02568,S11,EH1,help,615.6,1836.7,2576.8,0.0867,1,F,P,180.785
t02569,S11,EH1,help,588.5,1812.2,2558.1,0.124,1,,L,164.448
t02570,S11,EH1,bed,649.4,1883.9,2365.5,0.1464,1,F,,263.409
t02571,S11,EH1,then,560.7,1958.7,2443.0,0.0875,1,,L,161.211
t02572,S11,EH1,bet,632.2,1975.5,2426.9,0.1771,1,,D,216.336
t02573,S11,EH1,bet,615.1,1678.6,2341.1,0.0994,1,S,N,207.564
t02574,S11,EH1,bet,601.0,2131.7,2429.6,0.0971,1,T,N,184.877
t02575,S11,EH1,help,632.1,1883.7,2580.1,0.1366,1,F,,286.271
t02576,S11,AE1,bat,770.1,1679.4,2277.9,0.1289,1,K,,53.84
t02577,S11,AE1,bad,673.0,1675.7,2601.8,0.1623,1,F,L,95.354
t02578,S11,AE1,back,825.0,1733.2,2521.4,0.1165,1,F,T,75.083
t02579,S11,AE1,sat,779.6,1843.1,2380.4,0.1053,1,,D,142.303
t02580,S11,AE1,back,840.7,1585.7,2612.6,0.1198,1,B,L,255.181
t02581,S11,AE1,man,686.8,1778.8,2489.1,0.0957,1,S,,27.697
t02582,S11,AE1,man,720.0,1696.4,2256.3,0.0727,1,S,,0.688
t02583,S11,AE1,man,773.5,1789.9,2571.7,0.0879,1,T,L,16.501
t02584,S11,AE1,bat,782.5,1851.6,2546.6,0.1481,1,T,L,35.646
t02585,S11,AE1,back,780.7,1739.8,2428.7,0.1554,1,T,D,252.859
t02586,S11,AE1,bad,705.4,1755.8,2410.7,0.0807,1,K,T,264.629
t02587,S11,AE1,back,781.3,1770.6,2466.1,0.1533,1,F,L,238.885
t02588,S11,AE1,bad,750.3,1728.2,2621.4,0.1148,1,S,,151.679
t02589,S11,AE1,bad,777.8,1686.0,2282.0,0.1095,1,F,,145.899
t02590,S11,AE1,bad,708.3,1636.3,2422.1,0.1481,1,F,N,48.492
t02591,S11,AE1,man,779.3,1815.7,2361.4,0.0799,1,,D,130.556
t02592,S11,AE1,bad,855.0,1743.2,2521.8,0.1432,1,K,,99.712
t02593,S11,AE1,bat,746.1,1835.1,2418.8,0.0685,1,S,N,191.067
t02594,S11,AE1,man,782.2,1790.5,2391.8,0.0921,1,T,D,76.712
t02595,S11,AE1,bad,712.3,1814.3,2532.9,0.1016,1,,N,227.736
t02596,S11,AE1,bad,777.7,1797.7,2505.9,0.0699,1,,D,109.263
t02597,S11,AE1,back,812.3,1778.1,2362.3,0.0688,1,F,N,166.366
t02598,S11,AE1,man,778.1,1800.4,2462.4,0.1808,1,B,T,282.343
t02599,S11,AE1,man,730.3,1707.7,2534.5,0.1419,1,,L,282.081
t02600,S11,AE1,back,762.6,1682.0,2361.6,0.0677,1,K,N,251.297
t02601,S11,AA1,father,769.5,1131.2,2642.2,0.0965,1,K,L,136.118
t02602,S11,AA1,pod,759.3,1307.6,2694.1,0.1085,1,S,N,161.942
t02603,S11,AA1,father,754.2,1191.3,2548.3,0.1208,1,K,D,187.027
t02604,S11,AA1,cot,746.3,1207.8,2687.6,0.1226,1,S,T,70.48
t02605,S11,AA1,pod,709.7,1166.4,2728.2,0.1004,1,B,N,259.628
t02606,S11,AA1,lock,733.4,1160.1,2610.6,0.1421,1,K,T,60.397
t02607,S11,AA1,father,829.9,1267.9,2642.0,0.1008,1,,,164.426
t02608,S11,AA1,cot,793.5,1102.6,2621.9,0.1124,1,T,D,172.711
t02609,S11,AA1,bot,732.6,1115.1,2549.8,0.1171,1,,P,3.66
t02610,S11,AA1,pod,648.1,1106.7,2556.9,0.1078,1,T,P,229.26
t02611,S11,AA1,bot,830.5,983.6,2499.2,0.1665,1,F,P,67.328
t02612,S11,AA1,lock,802.8,1217.8,2542.5,0.1396,1,K,N,29.895
t02613,S11,AA1,bot,695.7,1199.7,2676.7,0.087,1,K,L,250.463
t02614,S11,AA1,lock,744.8,1230.6,2479.5,0.1033,1,S,N,47.092
t02615,S11,AA1,pod,756.9,1126.7,2637.2,0.1344,1,,D,208.309
t02616,S11,AA1,lock,715.9,1158.4,2657.5,0.1518,1,,D,88.971
t02617,S11,AA1,father,811.2,1212.2,2558.8,0.2031,1,S,T,86.819
t02618,S11,AA1,bot,840.7,996.4,2648.8,0.1096,1,,N,24.837
t02619,S11,AA1,father,829.4,1087.2,2505.2,0.1121,1,K,,20.497
t02620,S11,AA1,lock,779.1,1136.6,2483.7,0.1659,1,K,,172.144
t02621,S11,AA1,father,711.3,1195.4,2324.5,0.1487,1,B,N,219.613
t02622,S11,AA1,father,723.4,1303.5,2476.7,0.0895,1,F,N,51.2
t02623,S11,AA1,cot,749.0,1127.9,2645.2,0.1713,1,T,L,14.323
t02624,S11,AA1,father,736.2,1039.5,2541.6,0.1917,1,T,N,41.279
t02625,S11,AA1,bot,792.0,1106.1,2418.8,0.128,1,K,T,274.605
t02626,S11,AO1,talk,677.9,979.1,2677.4,0.1528,1,T,T,115.722
t02627,S11,AO1,talk,684.3,943.9,2763.2,0.114,1,,D,10.565
t02628,S11,AO1,dawn,605.8,775.2,2636.9,0.1709,1,,L,103.204
t02629,S11,AO1,caught,706.5,860.6,2610.8,0.1397,1,T,D,35.12
t02630,S11,AO1,talk,623.6,965.8,2624.9,0.1177,1,T,P,283.578
t02631,S11,AO1,dawn,688.6,856.9,2622.0,0.0771,1,K,P,205.783
t02632,S11,AO1,law,614.3,997.9,2555.5,0.1213,1,,D,107.957
t02633,S11,AO1,law,661.6,964.9,2689.3,0.1364,1,K,T,210.562
t02634,S11,AO1,talk,582.9,939.0,2570.7,0.0937,1,S,,33.97
t02635,S11,AO1,dawn,708.6,869.4,2595.8,0.1097,1,B,N,85.175
t02636,S11,AO1,law,558.7,849.0,2605.1,0.083,1,S,T,176.985
t02637,S11,AO1,caught,620.3,865.5,2548.2,0.1274,1,B,L,150.451
t02638,S11,AO1,dawn,653.7,916.8,2537.9,0.0737,1,S,,186.985
t02639,S11,AO1,talk,589.1,915.1,2626.0,0.1232,1,K,N,27.446
t02640,S11,AO1,caught,627.1,967.9,2673.4,0.1042,1,F,D,231.812
t02641,S11,AO1,talk,542.4,892.6,2486.2,0.1522,1,T,D,179.916
t02642,S11,AO1,talk,639.2,996.8,2655.1,0.0608,1,K,P,20.386
t02643,S11,AO1,talk,615.6,898.1,2688.0,0.096,1,F,N,91.728
t02644,S11,AO1,law,565.7,855.8,2875.7,0.0938,1,S,D,228.608
t02645,S11,AO1,caught,665.5,884.7,2692.4,0.1146,1,K,L,296.477
t02646,S11,AO1,caught,632.1,828.9,2639.3,0.1283,1,K,L,135.423
t02647,S11,AO1,talk,600.1,925.5,2769.7,0.121,1,S,N,255.403
t02648,S11,AO1,caught,657.3,908.0,2722.4,0.0913,1,T,N,127.222
t02649,S11,AO1,dawn,602.7,883.1,2500.8,0.1367,1,T,,22.861
t02650,S11,AO1,law,655.6,983.2,2662.1,0.0822,1,,N,145.948
t02651,S11,OW1,goat,453.1,1009.2,2554.7,0.1811,1,K,,33.06
t02652,S11,OW1,goat,502.5,960.8,2435.9,0.1833,1,K,D,35.981
t02653,S11,OW1,goat,451.6,1032.7,2452.0,0.143,1,,N,232.556
t02654,S11,OW1,goat,544.7,1093.6,2438.9,0.1245,1,S,N,226.894
t02655,S11,OW1,code,495.7,1078.0,2422.3,0.1101,1,T,D,272.837
t02656,S11,OW1,boat,506.4,1052.0,2593.0,0.0629,1,S,N,81.887
t02657,S11,OW1,code,447.5,985.5,2420.7,0.0902,1,F,N,82.373
t02658,S11,OW1,road,546.0,936.2,2441.0,0.0739,1,T,,106.856
t02659,S11,OW1,road,474.5,965.8,2526.8,0.1414,1,B,D,95.515
t02660,S11,OW1,road,471.6,1015.3,2690.1,0.1125,1,K,L,235.664
t02661,S11,OW1,goat,527.5,934.7,2248.3,0.0951,1,K,,29.795
t02662,S11,OW1,goat,511.9,1067.7,2138.9,0.0843,1,K,D,26.643
t02663,S11,OW1,goat,471.3,904.0,2335.2,0.1355,1,T,N,27.955
t02664,S11,OW1,know,501.6,1022.3,2593.6,0.1326,1,F,,94.913
t02665,S11,OW1,road,509.6,1022.5,2362.2,0.139,1,K,,75.202
t02666,S11,OW1,know,492.3,999.7,2488.2,0.0685,1,S,,104.284
t02667,S11,OW1,know,522.8,982.3,2309.6,0.098,1,F,P,114.763
t02668,S11,OW1,goat,509.4,998.8,2453.3,0.0849,1,T,P,225.81
t02669,S11,OW1,boat,537.5,971.4,2493.1,0.1166,1,,N,298.633
t02670,S11,OW1,road,458.9,993.1,2544.8,0.1188,1,B,,208.828
t02671,S11,OW1,code,484.4,1047.5,2567.4,0.0829,1,B,N,233.227
t02672,S11,OW1,boat,474.7,947.4,2435.3,0.0796,1,B,T,12.658
t02673,S11,OW1,road,529.4,997.2,2438.3,0.1013,1,B,,139.807
t02674,S11,OW1,road,524.5,934.9,2612.8,0.0886,1,B,D,86.077
t02675,S11,OW1,goat,569.4,964.6,2443.3,0.0671,1,K,L,297.402
t02676,S11,UW1,boot,397.5,1530.4,2229.8,0.0805,1,K,,205.708
t02677,S11,UW1,suit,357.0,1396.2,2452.6,0.1188,1,S,N,153.64
t02678,S11,UW1,food,317.6,1524.7,2540.9,0.1111,1,K,T,120.578
t02679,S11,UW1,two,355.8,1426.9,2199.3,0.0784,1,K,P,5.362
t02680,S11,UW1,moon,377.9,1340.7,2323.7,0.1437,1,B,,243.937
t02681,S11,UW1,moon,333.9,1360.8,2404.1,0.1348,1,T,,131.006
t02682,S11,UW1,food,346.1,1441.7,2282.5,0.2458,1,S,T,175.768
t02683,S11,UW1,two,358.3,1300.9,2208.9,0.067,1,B,P,119.493
t02684,S11,UW1,suit,381.5,1382.0,2328.2,0.0922,1,F,N,104.368
t02685,S11,UW1,moon,378.2,1317.4,2517.1,0.133,1,K,D,208.671
t02686,S11,UW1,food,338.3,1381.9,2309.1,0.0884,1,,L,245.207
t02687,S11,UW1,suit,342.9,1404.5,2559.8,0.1003,1,F,T,37.973
t02688,S11,UW1,two,368.5,1290.6,2556.3,0.0745,1,T,T,13.55
t02689,S11,UW1,boot,374.3,1452.1,2492.5,0.1083,1,B,N,286.988
t02690,S11,UW1,moon,376.6,1462.6,2367.6,0.1291,1,K,P,206.525
t02691,S11,UW1,two,341.6,1405.2,2294.9,0.1522,1,B,L,252.229
t02692,S11,UW1,suit,378.7,1364.2,2397.1,0.0993,1,F,L,266.312
t02693,S11,UW1,moon,350.4,1398.1,2489.4,0.1067,1,,,206.08
t02694,S11,UW1,suit,384.9,1394.4,2531.6,0.1267,1,B,D,237.784
t02695,S11,UW1,suit,396.4,1522.1,2258.3,0.1382,1,B,P,277.44
t02696,S11,UW1,boot,341.1,1353.6,2353.1,0.1669,1,,D,260.139
t02697,S11,UW1,two,333.2,1444.7,2362.8,0.1104,1,F,D,288.198
t02698,S11,UW1,suit,367.3,1377.5,2493.2,0.1339,1,T,P,222.417
t02699,S11,UW1,food,389.2,1395.4,2395.4,0.1278,1,K,P,37.443
t02700,S11,UW1,moon,383.5,1321.6,2325.9,0.0842,1,T,T,71.634
t02701,S11,AH1,sun,669.3,1310.2,2409.9,0.1182,1,K,T,136.086
t02702,S11,AH1,cut,674.0,1230.3,2494.0,0.1022,1,F,P,16.324
t02703,S11,AH1,love,651.1,1278.9,2367.7,0.1009,1,F,D,168.307
t02704,S11,AH1,love,648.8,1285.9,2519.4,0.1327,1,K,P,283.626
t02705,S11,AH1,love,740.6,1402.3,2467.0,0.0703,1,,D,135.634
t02706,S11,AH1,mud,685.9,1344.6,2281.1,0.0708,1,K,T,96.225
t02707,S11,AH1,sun,750.5,1294.8,2615.2,0.1254,1,,P,150.622
t02708,S11,AH1,cut,533.0,1290.0,2397.5,0.0994,1,,T,217.537
t02709,S11,AH1,cut,732.0,1392.2,2591.3,0.3313,1,T,D,121.864
t02710,S11,AH1,sun,661.6,1294.0,2539.3,0.1584,1,T,T,224.588
t02711,S11,AH1,sun,736.4,1312.4,2409.2,0.1116,1,,L,116.946
t02712,S11,AH1,cut,668.3,1221.7,2372.8,0.1194,1,,,8.204
t02713,S11,AH1,love,685.6,1227.5,2409.3,0.1077,1,K,T,272.048
t02714,S11,AH1,sun,704.5,1203.2,2497.5,0.1379,1,S,P,70.622
t02715,S11,AH1,but,703.6,1354.3,2357.5,0.1421,1,T,N,184.703
t02716,S11,AH1,but,735.5,1239.4,2547.4,0.1079,1,,D,197.91
t02717,S11,AH1,but,695.5,1341.9,2418.8,0.1195,1,,P,22.542
t02718,S11,AH1,love,688.3,1346.8,2586.9,0.1966,1,F,,43.337
t02719,S11,AH1,but,748.2,1347.9,2485.8,0.0921,1,T,,24.526
t02720,S11,AH1,cut,723.3,1295.6,2272.5,0.1332,1,S,T,114.949
t02721,S11,AH1,but,590.4,1341.5,2387.2,0.072,1,T,L,223.009
t02722,S11,AH1,mud,654.5,1203.7,2471.4,0.1326,1,F,N,225.502
t02723,S11,AH1,mud,716.5,1302.5,2534.5,0.1219,1,K,N,287.699
t02724,S11,AH1,mud,635.5,1372.8,2582.5,0.1023,1,F,N,19.94
t02725,S11,AH1,mud,694.2,1194.1,2476.7,0.0928,1,F,T,171.369
t02726,S11,ER1,her,508.4,1420.8,1604.7,0.0643,1,,T,236.154
t02727,S11,ER1,bird,496.5,1385.9,1663.6,0.1131,1,F,L,277.931
t02728,S11,ER1,word,500.6,1459.9,1787.9,0.1145,1,T,T,2.448
t02729,S11,ER1,her,470.4,1443.9,1635.8,0.0903,1,T,N,61.777
t02730,S11,ER1,word,556.1,1516.9,1693.0,0.1728,1,K,D,211.971
t02731,S11,ER1,learn,493.2,1558.9,1844.6,0.0734,1,S,T,194.294
t02732,S11,ER1,hurt,468.7,1416.3,1660.5,0.1151,1,B,N,32.503
t02733,S11,ER1,her,469.2,1575.4,1634.0,0.0805,1,S,,231.108
t02734,S11,ER1,her,513.4,1338.2,1716.4,0.1272,1,S,D,133.768
t02735,S11,ER1,her,519.2,1358.8,1740.1,0.2595,1,F,P,99.545
t02736,S11,ER1,learn,490.8,1332.9,1757.1,0.1411,1,,D,241.716
t02737,S11,ER1,her,499.1,1470.1,1608.3,0.138,1,S,N,96.353
t02738,S11,ER1,learn,537.0,1470.3,1742.2,0.1834,1,B,N,13.936
t02739,S11,ER1,her,421.3,1530.0,1738.6,0.0842,1,T,L,17.622
t02740,S11,ER1,her,457.0,1523.3,1666.9,0.0949,1,F,T,224.588
t02741,S11,ER1,learn,478.0,1334.7,1765.8,0.12,1,,L,156.619
t02742,S11,ER1,word,477.4,1473.2,1690.2,0.1125,1,S,D,223.0
t02743,S11,ER1,learn,491.9,1343.2,1784.7,0.1101,1,S,N,254.556
t02744,S11,ER1,bird,491.5,1514.5,1729.2,0.1022,1,,D,194.189
t02745,S11,ER1,bird,520.6,1368.6,1751.5,0.1152,1,,N,224.285
t02746,S11,ER1,learn,526.2,1348.8,1677.9,0.1013,1,K,D,74.645
t02747,S11,ER1,word,542.5,1443.5,1709.7,0.1533,1,,P,19.183
t02748,S11,ER1,her,505.4,1221.0,1820.2,0.1092,1,,T,152.984
t02749,S11,ER1,word,497.3,1386.6,1836.1,0.0861,1,T,N,70.447
t02750,S11,ER1,hurt,452.2,1336.2,1878.1,0.0787,1,K,P,208.252
t02751,S12,IY1,feed,322.0,2275.8,3015.4,0.0806,1,F,D,142.166
t02752,S12,IY1,keep,280.1,2314.2,3027.3,0.1002,1,K,P,44.115
t02753,S12,IY1,seat,327.3,2163.7,2911.1,0.1339,1,F,,144.923
t02754,S12,IY1,seat,315.1,2028.2,3057.5,0.103,1,K,,30.084
t02755,S12,IY1,feed,285.3,2335.3,2954.5,0.0919,1,S,P,159.305
t02756,S12,IY1,seat,299.5,2516.6,3083.2,0.1031,1,T,N,75.194
t02757,S12,IY1,seat,288.4,2250.0,3119.1,0.1228,1,S,P,242.962
t02758,S12,IY1,keep,309.1,2281.9,2881.6,0.1096,1,B,N,71.671
t02759,S12,IY1,beet,332.6,2441.6,3148.0,0.1325,1,S,N,209.715
t02760,S12,IY1,seat,318.1,2303.9,3031.7,0.1324,1,T,N,67.968
t02761,S12,IY1,beet,277.4,2341.7,2942.1,0.1194,1,K,D,67.552
t02762,S12,IY1,seat,308.8,2517.4,2999.7,0.133,1,S,P,179.691
t02763,S12,IY1,keep,327.0,2060.0,2953.1,0.0855,1,F,P,153.843
t02764,S12,IY1,team,330.2,2308.6,3050.2,0.1433,1,S,P,68.558
t02765,S12,IY1,keep,333.7,2248.5,2818.1,0.1035,1,B,,261.865
t02766,S12,IY1,seat,311.0,2324.0,3143.6,0.1012,1,T,N,14.017
t02767,S12,IY1,seat,323.5,2192.3,3063.8,0.1344,1,S,,298.996
t02768,S12,IY1,feed,289.9,2289.7,3119.0,0.1384,1,S,P,128.82
t02769,S12,IY1,seat,308.8,2078.4,3059.7,0.074,1,,,22.346
t02770,S12,IY1,team,287.3,2228.3,3040.1,0.08,1,B,D,239.043
t02771,S12,IY1,beet,319.8,2330.4,3114.2,0.0481,1,T,,15.614
t02772,S12,IY1,feed,286.5,2505.2,3020.0,0.1268,1,,L,83.188
t02773,S12,IY1,keep,308.8,2378.9,2863.0,0.161,1,,,296.232
t02774,S12,IY1,seat,308.0,2256.8,3138.0,0.0883,1,,D,144.447
t02775,S12,IY1,team,260.9,2118.2,3070.9,0.1072,1,S,N,166.015
t02776,S12,IH1,bit,468.1,2189.4,2387.0,0.0889,1,B,T,134.939
t02777,S12,IH1,kid,406.2,1952.0,2232.0,0.1288,1,K,T,137.473
t02778,S12,IH1,bit,440.7,1880.2,2679.6,0.098,1,S,T,166.545
t02779,S12,IH1,kid,362.0,1961.2,2766.2,0.1239,1,,D,80.231
t02780,S12,IH1,bit,442.2,2001.0,2362.9,0.165,1,B,D,186.519
t02781,S12,IH1,wind,444.1,2038.5,2456.5,0.1164,1,,P,89.341
t02782,S12,IH1,bit,407.8,2012.2,2632.7,0.1314,1,T,P,165.166
t02783,S12,IH1,wind,451.1,1876.9,2289.6,0.082,1,B,,26.942
t02784,S12,IH1,wind,411.8,2262.2,2683.7,0.0812,1,,P,197.485
t02785,S12,IH1,bit,389.7,1799.5,2633.9,0.0705,1,S,D,158.088
t02786,S12,IH1,kid,373.6,2044.3,2602.8,0.1233,1,S,L,289.638
t02787,S12,IH1,kid,417.5,2020.6,2842.8,0.0628,1,K,N,21.879
t02788,S12,IH1,kid,511.2,1940.3,2487.0,0.1139,1,B,,68.472
t02789,S12,IH1,wind,432.7,2013.6,2543.3,0.1113,1,F,D,110.366
t02790,S12,IH1,wind,441.0,1983.0,2618.4,0.1059,1,F,T,92.757
t02791,S12,IH1,wind,423.9,1853.5,2659.2,0.0603,1,T,L,66.965
t02792,S12,IH1,bit,426.5,1913.4,2673.3,0.1506,1,S,,263.759
t02793,S12,IH1,wind,457.3,2036.3,2672.2,0.0746,1,B,L,230.557
t02794,S12,IH1,fill,417.7,1922.0,2528.8,0.1271,1,B,,193.037
t02795,S12,IH1,fill,412.0,2027.3,2599.6,0.0982,1,F,D,170.214
t02796,S12,IH1,sit,476.6,2154.8,2670.2,0.1202,1,T,N,181.439
t02797,S12,IH1,wind,401.5,2180.2,2594.9,0.0521,1,B,D,157.251
t02798,S12,IH1,wind,469.3,1933.7,2564.0,0.0734,1,F,D,71.906
t02799,S12,IH1,wind,413.8,1821.6,2540.8,0.0698,1,T,L,38.513
t02800,S12,IH1,wind,449.5,1938.9,2462.4,0.0892,1,,P,88.687
t02801,S12,EH1,bed,589.9,1863.5,2596.2,0.0912,1,K,T,252.598
t02802,S12,EH1,set,579.1,1816.0,2450.3,0.1454,1,K,,276.59
t02803,S12,EH1,then,577.5,1783.7,2576.5,0.0877,1,B,T,223.254
t02804,S12,EH1,bet,558.6,1833.6,2378.3,0.1627,1,F,,214.119
t02805,S12,EH1,bet,610.3,1966.0,2452.0,0.0841,1,F,L,95.972
t02806,S12,EH1,then,566.8,1771.1,2657.4,0.071,1,B,N,297.378
t02807,S12,EH1,bet,583.2,1778.3,2590.2,0.1105,1,,N,197.923
t02808,S12,EH1,bet,665.7,1782.1,2566.6,0.1089,1,B,T,94.769
t02809,S12,EH1,bet,640.1,1905.1,2434.0,0.1157,1,B,P,150.536
t02810,S12,EH1,bed,619.1,1961.6,2484.2,0.0791,1,S,D,98.912
t02811,S12,EH1,bed,610.2,1848.5,2510.0,0.0859,1,K,,292.298
t02812,S12,EH1,bet,582.7,1844.6,2580.6,0.1105,1,,T,186.008
t02813,S12,EH1,then,491.6,1776.7,2406.5,0.1148,1,B,N,226.643
t02814,S12,EH1,bet,549.7,1859.3,2519.0,0.1453,1,T,P,23.695
t02815,S12,EH1,set,513.9,1760.0,2656.4,0.171,1,,N,122.25
t02816,S12,EH1,bed,616.0,1928.6,2627.4,0.1738,1,B,,40.803
t02817,S12,EH1,then,657.9,1949.7,2446.9,0.1177,1,S,,53.931
t02818,S12,EH1,set,620.0,1833.1,2473.8,0.123,1,S,,152.352
t02819,S12,EH1,bet,546.1,1778.6,2621.2,0.1521,1,S,,113.485
t02820,S12,EH1,help,631.6,2031.3,2458.7,0.0908,1,K,P,154.962
t02821,S12,EH1,bet,542.1,1809.4,2416.5,0.1345,1,B,L,24.358
t02822,S12,EH1,help,506.8,1899.4,2552.9,0.0829,1,B,P,173.837
t02823,S12,EH1,bet,621.5,1982.7,2388.1,0.0579,1,F,P,191.665
t02824,S12,EH1,set,616.9,1716.9,2584.3,0.0541,1,B,P,244.934
t02825,S12,EH1,help,608.9,2140.6,2429.4,0.0864,1,S,T,274.695
t02826,S12,AE1,back,690.8,1754.5,2580.6,0.1176,1,K,T,25.952
t02827,S12,AE1,man,630.3,1695.7,2675.2,0.1302,1,S,,180.385
t02828,S12,AE1,sat,771.2,1867.0,2588.2,0.1094,1,B,P,289.745
t02829,S12,AE1,man,787.7,1754.9,2525.7,0.0699,1,B,D,49.716
t02830,S12,AE1,sat,672.9,1676.7,2419.5,0.1228,1,T,P,249.193
t02831,S12,AE1,back,621.4,1812.6,2492.4,0.1256,1,K,,45.626
t02832,S12,AE1,bad,813.1,1659.6,2434.2,0.0847,1,K,N,257.217
t02833,S12,AE1,back,789.8,1776.7,2494.4,0.1361,1,K,N,228.673
t02834,S12,AE1,sat,795.1,1755.5,2419.5,0.118,1,,N,82.385
t02835,S12,AE1,sat,760.6,1691.0,2404.5,0.1284,1,K,L,33.947
t02836,S12,AE1,sat,744.6,1774.3,2358.4,0.1423,1,T,P,119.023
t02837,S12,AE1,back,738.0,1795.5,2452.3,0.1033,1,,P,159.927
t02838,S12,AE1,back,832.5,1685.8,2235.8,0.105,1,F,N,230.584
t02839,S12,AE1,back,802.0,1820.4,2539.7,0.0712,1,,T,105.524
t02840,S12,AE1,sat,757.2,1827.0,2427.1,0.1738,1,T,P,68.435
t02841,S12,AE1,back,814.0,1675.6,2392.9,0.0898,1,F,L,209.793
t02842,S12,AE1,bat,718.9,1898.6,2280.6,0.0792,1,,D,7.395
t02843,S12,AE1,sat,718.7,1746.9,2460.6,0.0684,1,B,D,132.551
t02844,S12,AE1,man,794.1,1742.0,2433.6,0.0848,1,K,T,283.032
t02845,S12,AE1,bat,771.7,1773.8,2502.7,0.1724,1,T,N,154.239
t02846,S12,AE1,bad,745.5,1536.8,2391.5,0.1461,1,S,L,54.746
t02847,S12,AE1,sat,735.6,1667.2,2541.6,0.099,1,F,T,75.16
t02848,S12,AE1,back,740.6,1706.2,2507.3,0.101,1,T,T,121.157
t02849,S12,AE1,back,815.2,1721.3,2447.9,0.0934,1,K,P,141.478
t02850,S12,AE1,back,769.2,1826.3,2475.1,0.1195,1,K,P,8.246
t02851,S12,AA1,bot,711.7,1124.5,2507.4,0.1422,1,B,P,210.907
t02852,S12,AA1,cot,740.6,1103.2,2477.8,0.1152,1,T,T,236.055
t02853,S12,AA1,father,769.4,1070.7,2588.6,0.1141,1,B,T,168.415
t02854,S12,AA1,bot,831.2,1187.5,2557.4,0.1533,1,F,L,49.834
t02855,S12,AA1,pod,778.0,1131.8,2601.1,0.1943,1,B,D,76.384
t02856,S12,AA1,lock,756.5,1113.7,2596.3,0.0705,1,K,L,127.848
t02857,S12,AA1,lock,785.2,1116.8,2531.9,0.1794,1,T,D,197.442
t02858,S12,AA1,cot,727.1,1095.8,2519.2,0.0899,1,T,T,255.551
t02859,S12,AA1,pod,793.1,1160.6,2713.5,0.1573,1,F,L,100.159
t02860,S12,AA1,pod,787.2,1140.2,2703.1,0.1814,1,B,N,46.329
t02861,S12,AA1,pod,845.1,1204.0,2723.4,0.1091,1,S,,109.351
t02862,S12,AA1,father,811.7,1101.5,2587.8,0.0671,1,T,,211.963
t02863,S12,AA1,pod,740.2,1198.2,2396.0,0.0799,1,F,D,121.325
t02864,S12,AA1,cot,773.7,1193.0,2448.1,0.1366,1,K,D,96.956
t02865,S12,AA1,bot,648.6,1209.2,2628.4,0.2042,1,,D,234.84
t02866,S12,AA1,pod,823.8,1124.2,2551.4,0.1441,1,T,P,35.145
t02867,S12,AA1,cot,812.3,1163.7,2443.7,0.1129,1,B,D,7.828
t02868,S12,AA1,cot,741.1,1171.8,2598.5,0.2042,1,T,T,70.506
t02869,S12,AA1,bot,801.9,1197.6,2517.8,0.0662,1,S,T,131.063
t02870,S12,AA1,father,716.0,1248.9,2608.3,0.1087,1,K,L,228.635
t02871,S12,AA1,father,718.9,1116.7,2640.8,0.1334,1,F,P,294.726
t02872,S12,AA1,pod,706.4,1019.4,2559.5,0.0915,1,T,N,240.384
t02873,S12,AA1,pod,853.2,1246.5,2650.7,0.0911,1,,,153.869
t02874,S12,AA1,pod,778.4,1091.1,2600.6,0.1155,1,B,T,100.397
t02875,S12,AA1,father,745.6,1159.7,2456.2,0.1547,1,,T,145.306
t02876,S12,AO1,dawn,685.1,969.8,2693.1,0.074,1,,D,143.366
t02877,S12,AO1,law,677.2,945.5,2816.5,0.1439,1,F,T,21.448
t02878,S12,AO1,dawn,642.9,926.3,2665.3,0.1378,1,S,,173.1
t02879,S12,AO1,dawn,561.4,956.0,2589.2,0.0767,1,T,N,28.132
t02880,S12,AO1,talk,596.9,947.7,2557.2,0.0943,1,,,135.715
t02881,S12,AO1,bought,667.8,916.4,2754.0,0.1247,1,B,D,147.672
t02882,S12,AO1,bought,660.5,920.3,2425.9,0.1393,1,T,L,236.043
t02883,S12,AO1,dawn,612.0,957.2,2802.0,0.2291,1,T,T,161.839
t02884,S12,AO1,talk,650.2,947.9,2774.2,0.1605,1,S,D,299.889
t02885,S12,AO1,bought,644.8,891.1,2529.2,0.1087,1,B,,289.974
t02886,S12,AO1,dawn,619.1,872.0,2721.2,0.0626,1,B,P,190.308
t02887,S12,AO1,caught,624.2,923.4,2573.9,0.124,1,T,P,10.814
t02888,S12,AO1,law,609.3,1003.4,2606.2,0.1092,1,,,90.605
t02889,S12,AO1,caught,689.8,958.1,2551.7,0.1131,1,F,N,299.225
t02890,S12,AO1,bought,719.1,960.6,2823.6,0.167,1,K,T,167.733
t02891,S12,AO1,law,670.3,885.0,2823.0,0.0691,1,F,L,96.649
t02892,S12,AO1,caught,672.3,892.4,2716.4,0.1041,1,K,T,163.468
t02893,S12,AO1,bought,551.0,978.8,2622.3,0.1457,1,S,,195.097
t02894,S12,AO1,bought,732.3,920.7,2599.8,0.0798,1,K,,171.462
t02895,S12,AO1,dawn,585.9,843.5,2513.1,0.1014,1,K,N,269.427
t02896,S12,AO1,talk,703.4,950.2,2494.9,0.0915,1,F,N,36.565
t02897,S12,AO1,law,675.6,936.1,2676.0,0.1317,1,K,N,36.196
t02898,S12,AO1,talk,686.0,948.7,2601.0,0.1719,1,B,L,142.244
t02899,S12,AO1,caught,654.8,943.0,2739.0,0.168,1,B,N,217.624
t02900,S12,AO1,bought,688.1,921.7,2707.9,0.1229,1,K,P,275.048
t02901,S12,OW1,know,520.9,996.4,2426.3,0.0738,1,B,D,144.505
t02902,S12,OW1,boat,437.0,1096.4,2696.5,0.1504,1,T,T,212.859
t02903,S12,OW1,code,474.0,1082.7,2584.9,0.1147,1,B,P,120.298
t02904,S12,OW1,code,537.8,966.4,2464.2,0.1246,1,,N,270.92
t02905,S12,OW1,road,497.2,1015.7,2642.5,0.0742,1,,,177.082
t02906,S12,OW1,road,513.5,934.1,2381.5,0.1435,1,F,L,228.68
t02907,S12,OW1,goat,563.8,988.6,2428.2,0.0986,1,T,,28.91
t02908,S12,OW1,know,485.6,1022.5,2564.4,0.1191,1,T,N,178.557
t02909,S12,OW1,road,498.6,990.2,2431.0,0.0823,1,,P,282.858
t02910,S12,OW1,goat,488.0,1078.7,2453.9,0.1182,1,S,D,222.12
t02911,S12,OW1,boat,479.6,941.6,2325.1,0.1164,1,F,L,26.2
t02912,S12,OW1,code,465.6,1061.0,2550.5,0.1137,1,B,T,37.732
t02913,S12,OW1,goat,486.0,990.7,2548.7,0.1133,1,F,,47.083
t02914,S12,OW1,know,454.5,954.3,2338.4,0.137,1,S,N,215.33
t02915,S12,OW1,know,461.7,1111.0,2747.5,0.0939,1,K,P,105.849
t02916,S12,OW1,goat,542.6,930.3,2420.0,0.0866,1,T,,240.121
t02917,S12,OW1,know,473.4,1020.7,2534.5,0.1417,1,,,287.225
t02918,S12,OW1,road,499.7,950.0,2505.9,0.1422,1,B,D,270.137
t02919,S12,OW1,road,458.5,981.1,2509.6,0.1041,1,B,,129.675
t02920,S12,OW1,know,463.8,1037.5,2478.9,0.0814,1,T,P,144.265
t02921,S12,OW1,road,461.6,980.7,2324.0,0.1029,1,S,D,100.485
t02922,S12,OW1,code,531.9,1008.3,2509.9,0.0878,1,,N,158.558
t02923,S12,OW1,road,461.3,1058.6,2518.6,0.0806,1,B,T,236.824
t02924,S12,OW1,goat,490.7,1002.8,2374.6,0.1003,1,B,P,198.729
t02925,S12,OW1,code,520.7,1012.2,2606.0,0.1639,1,B,,35.942
t02926,S12,UW1,suit,356.9,1466.4,2485.3,0.0693,1,,D,16.43
t02927,S12,UW1,suit,377.7,1368.1,2514.1,0.0787,1,B,,36.124
t02928,S12,UW1,moon,385.2,1416.0,2422.5,0.1352,1,K,P,126.588
t02929,S12,UW1,two,385.4,1437.0,2293.5,0.1049,1,K,,231.095
t02930,S12,UW1,boot,339.5,1441.2,2315.5,0.0612,1,S,,79.953
t02931,S12,UW1,moon,401.4,1541.4,2362.1,0.0958,1,B,L,169.763
t02932,S12,UW1,boot,363.8,1527.9,2511.2,0.0992,1,T,N,225.14
t02933,S12,UW1,suit,350.2,1274.0,2546.9,0.1489,1,F,D,128.024
t02934,S12,UW1,boot,367.5,1450.9,2435.0,0.1237,1,K,D,226.765
t02935,S12,UW1,suit,358.7,1439.0,2300.2,0.1056,1,K,,273.112
t02936,S12,UW1,moon,364.3,1394.3,2516.5,0.0644,1,T,N,159.829
t02937,S12,UW1,two,349.8,1358.6,2363.0,0.106,1,T,,296.507
t02938,S12,UW1,moon,409.9,1409.8,2356.3,0.1072,1,B,D,201.705
t02939,S12,UW1,moon,340.9,1497.8,2382.7,0.1228,1,S,D,0.769
t02940,S12,UW1,suit,352.8,1532.2,2419.1,0.1143,1,T,D,165.791
t02941,S12,UW1,boot,368.1,1503.3,2484.2,0.1133,1,F,D,215.655
t02942,S12,UW1,moon,369.4,1522.8,2337.1,0.0901,1,S,,124.322
t02943,S12,UW1,boot,367.9,1375.0,2451.6,0.1245,1,F,,181.48
t02944,S12,UW1,boot,326.7,1394.6,2515.7,0.0582,1,S,P,27.336
t02945,S12,UW1,food,388.8,1368.7,2560.2,0.1153,1,,L,115.579
t02946,S12,UW1,boot,371.3,1386.0,2447.3,0.099,1,F,,254.968
t02947,S12,UW1,boot,374.3,1401.8,2427.5,0.0869,1,K,,119.263
t02948,S12,UW1,boot,356.2,1290.2,2313.8,0.1549,1,,,77.571
t02949,S12,UW1,food,383.0,1437.0,2549.1,0.0967,1,S,P,259.442
t02950,S12,UW1,boot,360.2,1376.2,2344.2,0.0733,1,K,N,147.531
t02951,S12,AH1,sun,808.9,1254.2,2538.0,0.1342,1,K,,224.486
t02952,S12,AH1,but,714.4,1347.0,2627.7,0.1102,1,K,L,252.923
t02953,S12,AH1,love,689.1,1304.5,2408.4,0.1493,1,B,,148.838
t02954,S12,AH1,cut,588.0,1355.9,2489.2,0.1519,1,,,144.812
t02955,S12,AH1,but,770.0,1295.3,2589.6,0.0678,1,F,D,12.426
t02956,S12,AH1,but,683.2,1392.4,2543.1,0.1507,1,S,,256.487
t02957,S12,AH1,love,768.7,1212.8,2477.4,0.1076,1,F,L,164.19
t02958,S12,AH1,but,658.2,1265.9,2507.0,0.084,1,F,T,165.02
t02959,S12,AH1,love,674.9,1311.8,2508.0,0.1216,1,F,P,88.605
t02960,S12,AH1,sun,725.2,1300.0,2546.2,0.1387,1,S,T,275.06
t02961,S12,AH1,love,699.7,1253.6,2548.1,0.0862,1,F,T,146.926
t02962,S12,AH1,sun,701.3,1368.4,2462.1,0.1298,1,B,P,245.82
t02963,S12,AH1,sun,716.1,1278.1,2451.7,0.0886,1,T,P,244.435
t02964,S12,AH1,cut,735.8,1376.8,2410.7,0.0866,1,,T,9.495
t02965,S12,AH1,love,681.4,1237.6,2589.0,0.1317,1,F,,161.662
t02966,S12,AH1,sun,735.2,1316.6,2415.3,0.0808,1,S,T,56.552
t02967,S12,AH1,but,675.0,1256.3,2297.5,0.2402,1,T,P,145.622
t02968,S12,AH1,sun,716.0,1321.9,2601.1,0.185,1,B,,2.261
t02969,S12,AH1,but,718.4,1404.1,2723.7,0.0844,1,B,T,248.047
t02970,S12,AH1,love,751.6,1303.2,2598.8,0.135,1,F,N,241.687
t02971,S12,AH1,mud,682.8,1331.5,2514.6,0.1217,1,K,N,222.34
t02972,S12,AH1,love,689.1,1405.6,2413.7,0.0883,1,T,,65.289
t02973,S12,AH1,sun,713.6,1421.3,2585.0,0.1465,1,F,D,50.212
t02974,S12,AH1,cut,675.2,1289.5,2566.5,0.1228,1,,D,7.671
t02975,S12,AH1,but,730.4,1297.5,2787.8,0.1155,1,T,L,87.081
t02976,S12,ER1,bird,492.4,1422.2,1798.9,0.1013,1,,N,242.42
t02977,S12,ER1,hurt,534.6,1393.3,1783.1,0.0923,1,B,P,148.61
t02978,S12,ER1,learn,531.5,1451.4,1758.4,0.1236,1,K,N,183.91
t02979,S12,ER1,hurt,512.2,1493.9,1693.4,0.1033,1,K,T,180.616
t02980,S12,ER1,word,547.8,1439.3,1677.8,0.1723,1,,P,290.88
t02981,S12,ER1,her,529.0,1453.3,1777.1,0.0974,1,T,T,117.172
t02982,S12,ER1,hurt,517.7,1363.4,1730.5,0.1136,1,S,,170.068
t02983,S12,ER1,hurt,506.7,1447.3,1781.4,0.0964,1,,L,227.523
t02984,S12,ER1,hurt,498.8,1308.1,1795.6,0.1543,1,T,N,142.895
t02985,S12,ER1,bird,511.1,1431.9,1831.3,0.1117,1,K,P,6.701
t02986,S12,ER1,her,593.2,1525.6,1887.4,0.0881,1,B,D,16.272
t02987,S12,ER1,hurt,479.2,1338.4,1789.9,0.0863,1,K,N,66.369
t02988,S12,ER1,her,530.4,1422.5,1673.9,0.1554,1,K,N,55.135
t02989,S12,ER1,hurt,554.0,1295.7,1772.1,0.1249,1,T,D,153.315
t02990,S12,ER1,bird,476.9,1462.2,1663.3,0.0961,1,T,,139.511
t02991,S12,ER1,learn,535.2,1383.5,1902.4,0.0554,1,S,T,109.955
t02992,S12,ER1,hurt,479.4,1456.2,1890.8,0.0756,1,,N,220.618
t02993,S12,ER1,her,532.5,1426.6,1814.2,0.1028,1,K,N,12.89
t02994,S12,ER1,learn,546.8,1377.2,1683.1,0.1596,1,B,D,77.993
t02995,S12,ER1,word,536.3,1388.1,1775.6,0.2594,1,F,P,50.148
t02996,S12,ER1,her,487.9,1300.7,1721.0,0.1327,1,,P,163.731
t02997,S12,ER1,hurt,482.1,1501.4,1757.5,0.1028,1,F,T,138.552
t02998,S12,ER1,her,534.5,1396.8,1699.8,0.1191,1,B,T,174.756
t02999,S12,ER1,hurt,462.1,1464.0,1792.8,0.1163,1,B,P,257.619
t03000,S12,ER1,hurt,566.2,1509.5,1674.9,0.1122,1,T,P,167.812
t03001,S13,IY1,feed,275.0,2182.7,2924.0,0.0906,1,F,P,75.102
t03002,S13,IY1,beet,227.2,2216.1,2756.0,0.0886,1,B,N,139.032
t03003,S13,IY1,seat,279.8,2182.9,3135.6,0.1067,1,S,P,110.024
t03004,S13,IY1,seat,318.8,2506.6,2966.9,0.1095,1,T,L,240.333
t03005,S13,IY1,feed,301.3,2279.4,2953.3,0.138,1,,D,289.358
t03006,S13,IY1,team,295.3,2213.6,2975.1,0.066,1,S,L,20.405
t03007,S13,IY1,seat,323.8,2229.8,2873.9,0.1391,1,T,T,42.62
t03008,S13,IY1,beet,290.1,2153.5,2825.2,0.0926,1,T,N,162.663
t03009,S13,IY1,beet,303.5,2177.4,2879.0,0.1363,1,T,D,275.132
t03010,S13,IY1,keep,302.8,2241.7,2766.9,0.0581,1,B,L,195.291
t03011,S13,IY1,keep,328.7,2044.9,3003.0,0.1479,1,B,L,192.324
t03012,S13,IY1,seat,294.5,2265.6,2826.1,0.1737,1,K,T,183.128
t03013,S13,IY1,seat,288.9,2205.3,2902.9,0.1518,1,T,D,224.61
t03014,S13,IY1,feed,284.4,2232.4,2698.1,0.1357,1,,L,50.521
t03015,S13,IY1,keep,278.0,2099.8,2948.4,0.1186,1,,N,246.743
t03016,S13,IY1,feed,304.6,1973.2,2939.1,0.1345,1,B,P,0.717
t03017,S13,IY1,beet,301.4,2367.7,2958.0,0.1177,1,F,,64.737
t03018,S13,IY1,feed,280.0,2273.1,3070.2,0.0779,1,T,,253.544
t03019,S13,IY1,seat,270.1,2294.3,2800.6,0.1367,1,S,N,68.835
t03020,S13,IY1,keep,299.0,2174.7,2888.4,0.126,1,F,N,196.426
t03021,S13,IY1,team,294.5,2130.2,2989.8,0.0692,1,S,T,161.153
t03022,S13,IY1,keep,273.6,2175.1,2835.4,0.1419,1,F,N,91.684
t03023,S13,IY1,team,313.9,2214.0,2973.5,0.1208,1,F,N,90.771
t03024,S13,IY1,team,291.7,2396.0,2796.5,0.0941,1,T,T,162.539
t03025,S13,IY1,feed,297.2,2168.2,2864.4,0.0874,1,B,,88.039
t03026,S13,IH1,fill,417.7,2080.8,2493.3,0.0754,1,S,D,69.945
t03027,S13,IH1,kid,403.7,1892.7,2592.7,0.0987,1,,P,65.773
t03028,S13,IH1,bit,387.1,1986.1,2602.2,0.1344,1,,T,154.714
t03029,S13,IH1,sit,460.6,1981.7,2580.1,0.0672,1,S,N,194.094
t03030,S13,IH1,bit,434.9,1875.3,2580.3,0.148,1,,P,230.989
t03031,S13,IH1,fill,371.6,1998.7,2350.8,0.1567,1,K,,245.659
t03032,S13,IH1,bit,425.8,1837.8,2465.4,0.1017,1,,L,254.697
t03033,S13,IH1,kid,408.2,1825.1,2439.3,0.1477,1,B,T,122.756
t03034,S13,IH1,wind,458.1,1891.9,2572.2,0.0976,1,F,T,164.915
t03035,S13,IH1,wind,422.9,1727.3,2377.6,0.143,1,,D,218.069
t03036,S13,IH1,kid,449.2,1967.3,2503.0,0.0931,1,F,L,276.665
t03037,S13,IH1,kid,415.0,1645.9,2464.6,0.1199,1,,T,184.863
t03038,S13,IH1,kid,423.4,1928.3,2711.0,0.1197,1,,N,65.671
t03039,S13,IH1,kid,418.3,1923.8,2464.0,0.0888,1,T,D,175.082
t03040,S13,IH1,wind,415.8,2025.2,2485.9,0.1558,1,T,L,44.741
t03041,S13,IH1,wind,436.5,2102.5,2407.8,0.1314,1,S,P,205.948
t03042,S13,IH1,bit,399.3,2000.5,2367.2,0.1061,1,T,,18.995
t03043,S13,IH1,sit,395.2,2091.0,2624.1,0.0635,1,T,L,246.529
t03044,S13,IH1,fill,401.0,1955.4,2465.1,0.1003,1,F,D,258.725
t03045,S13,IH1,kid,446.8,2007.5,2659.2,0.1149,1,B,T,194.037
t03046,S13,IH1,fill,335.2,2032.6,2316.5,0.0765,1,S,N,283.903
t03047,S13,IH1,wind,452.2,2031.8,2351.0,0.1456,1,K,N,42.885
t03048,S13,IH1,bit,456.8,1968.5,2504.6,0.1467,1,F,,40.786
t03049,S13,IH1,bit,414.8,2018.1,2395.4,0.2358,1,,T,94.099
t03050,S13,IH1,fill,462.7,1986.3,2326.3,0.126,1,,N,225.35
t03051,S13,EH1,bet,574.1,1967.6,2293.6,0.1337,1,K,T,20.053
t03052,S13,EH1,help,645.5,1763.4,2381.6,0.0984,1,B,N,152.287
t03053,S13,EH1,bet,610.4,1701.4,2450.3,0.0524,1,,T,214.654
t03054,S13,EH1,bed,583.1,1960.8,2334.5,0.0892,1,B,T,35.055
t03055,S13,EH1,help,620.4,1719.6,2519.3,0.104,1,T,D,69.992
t03056,S13,EH1,set,599.4,1812.5,2634.9,0.0464,1,K,N,235.188
t03057,S13,EH1,bet,563.1,1843.1,2468.7,0.0669,1,F,N,159.666
t03058,S13,EH1,then,551.7,1696.1,2369.6,0.1341,1,T,N,117.953
t03059,S13,EH1,bet,527.6,1873.0,2488.3,0.101,1,K,,85.625
t03060,S13,EH1,help,546.1,1868.9,2518.3,0.1323,1,T,P,60.172
t03061,S13,EH1,help,583.5,1788.5,2517.5,0.0903,1,S,L,263.283
t03062,S13,EH1,set,617.6,1628.1,2432.9,0.1112,1,,,219.509
t03063,S13,EH1,then,608.7,1950.7,2415.3,0.122,1,F,P,209.099
t03064,S13,EH1,help,528.3,1669.7,2416.0,0.1679,1,K,,233.613
t03065,S13,EH1,set,586.2,1804.2,2455.3,0.1317,1,S,,108.125
t03066,S13,EH1,then,647.2,1949.1,2367.8,0.1251,1,S,T,225.475
t03067,S13,EH1,then,612.3,1760.4,2309.0,0.0712,1,T,T,71.039
t03068,S13,EH1,bet,568.3,1894.5,2366.9,0.1417,1,K,L,207.059
t03069,S13,EH1,set,670.8,1727.8,2369.3,0.0928,1,,L,112.302
t03070,S13,EH1,then,637.5,1803.8,2428.7,0.128,1,S,N,82.987
t03071,S13,EH1,bed,544.3,1919.4,2469.3,0.1074,1,,L,285.734
t03072,S13,EH1,bed,498.4,1882.6,2431.8,0.1372,1,F,D,205.68
t03073,S13,EH1,bed,565.2,1827.4,2443.1,0.121,1,,T,237.251
t03074,S13,EH1,then,577.9,1885.0,2566.5,0.1692,1,F,D,13.332
t03075,S13,EH1,help,608.8,1954.5,2363.7,0.1023,1,F,,188.615
t03076,S13,AE1,bat,770.5,1596.2,2313.0,0.1282,1,B,D,129.074
t03077,S13,AE1,bad,825.0,1746.1,2390.5,0.0969,1,B,P,252.081
t03078,S13,AE1,back,816.8,1813.3,2395.2,0.1052,1,T,D,217.23
t03079,S13,AE1,man,730.8,1808.0,2479.8,0.0779,1,S,T,84.659
t03080,S13,AE1,back,811.5,1755.2,2483.9,0.1304,1,K,P,156.185
t03081,S13,AE1,bad,720.6,1744.2,2619.6,0.065,1,F,L,242.289
t03082,S13,AE1,sat,772.0,1535.4,2274.5,0.1103,1,T,N,237.483
t03083,S13,AE1,sat,665.7,1853.2,2360.5,0.0986,1,K,N,15.926
t03084,S13,AE1,bad,652.2,1736.0,2418.2,0.1971,1,S,D,239.77
t03085,S13,AE1,man,678.6,1731.2,2468.9,0.0974,1,F,N,279.208
t03086,S13,AE1,bad,659.0,1759.3,2402.3,0.1092,1,B,T,10.695
t03087,S13,AE1,sat,717.2,1754.6,2372.4,0.1039,1,S,L,232.641
t03088,S13,AE1,bat,634.4,1662.4,2414.9,0.1958,1,,T,228.23
t03089,S13,AE1,bad,724.3,1505.8,2489.2,0.1587,1,T,N,265.16
t03090,S13,AE1,sat,730.8,1530.9,2304.4,0.0768,1,T,,88.361
t03091,S13,AE1,man,711.0,1782.9,2526.1,0.1258,1,F,T,156.577
t03092,S13,AE1,bad,774.8,1771.3,2281.4,0.0925,1,T,D,140.154
t03093,S13,AE1,sat,758.5,1652.8,2568.0,0.1121,1,S,N,86.634
t03094,S13,AE1,bat,679.3,1733.6,2326.2,0.1285,1,K,N,6.631
t03095,S13,AE1,bat,746.9,1525.7,2391.1,0.1104,1,T,L,280.903
t03096,S13,AE1,bad,826.0,1799.0,2496.4,0.1094,1,B,T,116.806
t03097,S13,AE1,bad,748.6,1644.2,2455.5,0.1878,1,S,L,133.205
t03098,S13,AE1,back,723.3,1631.5,2418.7,0.0585,1,B,N,213.228
t03099,S13,AE1,bat,842.8,1793.9,2374.2,0.124,1,B,P,166.329
t03100,S13,AE1,bad,702.8,1637.1,2262.7,0.1329,1,B,T,50.923
t03101,S13,AA1,lock,783.9,1236.9,2479.6,0.1119,1,F,D,286.499
t03102,S13,AA1,lock,721.9,1153.0,2413.7,0.0729,1,S,L,37.551
t03103,S13,AA1,lock,782.1,1115.7,2361.2,0.1247,1,B,L,171.551
t03104,S13,AA1,father,738.8,1123.1,2676.4,0.1726,1,K,D,210.789
t03105,S13,AA1,father,739.3,1077.3,2340.0,0.0828,1,F,N,263.345
t03106,S13,AA1,cot,780.9,1067.1,2388.5,0.1172,1,K,T,56.594
t03107,S13,AA1,bot,592.2,1185.3,2343.8,0.0761,1,K,D,37.891
t03108,S13,AA1,cot,789.0,1058.1,2333.2,0.0755,1,K,L,130.57
t03109,S13,AA1,cot,645.0,1137.2,2685.6,0.0865,1,K,T,167.879
t03110,S13,AA1,cot,809.8,1138.4,2498.3,0.0765,1,S,L,111.096
t03111,S13,AA1,father,696.4,1100.4,2355.1,0.2232,1,F,L,279.372
t03112,S13,AA1,bot,847.2,1112.3,2528.6,0.0948,1,B,D,178.138
t03113,S13,AA1,bot,729.8,1100.8,2478.0,0.1553,1,T,N,117.015
t03114,S13,AA1,cot,755.5,1150.6,2502.0,0.1318,1,,T,169.784
t03115,S13,AA1,father,779.8,1157.5,2521.2,0.1238,1,T,,191.262
t03116,S13,AA1,father,829.7,1133.2,2446.5,0.1474,1,T,,11.986
t03117,S13,AA1,bot,697.9,1190.4,2465.3,0.1011,1,T,P,176.151
t03118,S13,AA1,bot,793.9,1168.6,2418.5,0.1034,1,,T,46.135
t03119,S13,AA1,bot,745.9,1147.4,2654.6,0.1617,1,K,P,15.714
t03120,S13,AA1,cot,722.8,1034.9,2550.1,0.1209,1,K,P,243.22
t03121,S13,AA1,father,817.6,1130.0,2534.2,0.1765,1,B,L,147.631
t03122,S13,AA1,pod,819.5,1117.8,2677.9,0.0896,1,,L,268.566
t03123,S13,AA1,bot,825.8,1079.6,2483.3,0.0751,1,B,T,16.468
t03124,S13,AA1,pod,653.2,1132.7,2498.9,0.1304,1,T,N,121.839
t03125,S13,AA1,cot,792.8,1094.6,2331.0,0.132,1,,,196.998
t03126,S13,AO1,talk,654.4,960.8,2649.6,0.1039,1,B,L,234.683
t03127,S13,AO1,law,634.7,1027.5,2561.0,0.1799,1,T,D,272.512
t03128,S13,AO1,bought,723.3,1088.4,2723.8,0.1005,1,B,D,191.224
t03129,S13,AO1,law,693.8,941.1,2462.9,0.1444,1,,N,228.327
t03130,S13,AO1,caught,720.2,963.2,2573.1,0.1594,1,K,L,31.827
t03131,S13,AO1,bought,607.1,951.4,2456.6,0.1262,1,B,,244.853
t03132,S13,AO1,dawn,680.4,998.6,2646.5,0.1186,1,T,,27.455
t03133,S13,AO1,caught,677.3,947.2,2386.1,0.0942,1,,N,134.188
t03134,S13,AO1,bought,627.2,998.1,2714.1,0.084,1,T,T,216.452
t03135,S13,AO1,bought,672.8,983.6,2669.3,0.0873,1,S,L,164.995
t03136,S13,AO1,caught,705.1,1005.0,2722.1,0.1753,1,B,T,286.136
t03137,S13,AO1,dawn,649.4,1094.1,2532.3,0.1539,1,B,,203.935
t03138,S13,AO1,talk,621.9,971.9,2663.2,0.0761,1,,D,167.136
t03139,S13,AO1,caught,702.6,976.9,2449.6,0.1599,1,K,N,294.199
t03140,S13,AO1,caught,634.9,964.0,2796.8,0.1148,1,K,N,180.287
t03141,S13,AO1,law,703.6,1047.2,2628.0,0.0861,1,T,T,175.768
t03142,S13,AO1,bought,656.6,972.1,2304.0,0.088,1,F,N,135.083
t03143,S13,AO1,caught,665.8,965.7,2689.1,0.0944,1,S,,129.113
t03144,S13,AO1,bought,636.9,986.1,2426.0,0.2314,1,S,L,285.855
t03145,S13,AO1,law,756.8,981.1,2561.2,0.1521,1,,L,214.536
t03146,S13,AO1,bought,638.8,969.7,2482.3,0.1278,1,F,P,4.021
t03147,S13,AO1,caught,747.5,998.7,2525.6,0.1301,1,F,T,19.751
t03148,S13,AO1,law,661.3,984.1,2463.5,0.1292,1,F,T,228.402
t03149,S13,AO1,law,575.6,958.3,2746.7,0.1666,1,B,L,100.15
t03150,S13,AO1,bought,639.4,945.6,2414.2,0.11,1,T,D,15.802
t03151,S13,OW1,code,492.0,994.9,2277.5,0.1229,1,B,,223.693
t03152,S13,OW1,know,536.5,933.6,2448.2,0.1014,1,,N,172.59
t03153,S13,OW1,road,484.7,905.6,2249.6,0.0978,1,K,D,102.283
t03154,S13,OW1,know,476.9,996.3,2397.1,0.0946,1,F,,111.326
t03155,S13,OW1,code,472.8,928.1,2474.6,0.1445,1,F,L,148.891
t03156,S13,OW1,road,541.8,867.0,2526.5,0.1019,1,B,N,130.727
t03157,S13,OW1,goat,508.8,961.0,2454.5,0.1031,1,S,N,235.831
t03158,S13,OW1,boat,458.1,933.3,2436.4,0.164,1,T,T,49.461
t03159,S13,OW1,boat,507.1,921.8,2232.7,0.1272,1,S,,59.404
t03160,S13,OW1,boat,505.3,1042.2,2387.1,0.0646,1,,,55.166
t03161,S13,OW1,boat,525.0,944.1,2467.0,0.1805,1,,N,292.7
t03162,S13,OW1,boat,504.6,1012.7,2468.5,0.0848,1,F,,86.274
t03163,S13,OW1,know,444.6,918.1,2549.2,0.0794,1,B,P,178.858
t03164,S13,OW1,code,539.4,1020.9,2434.0,0.1431,1,K,L,242.088
t03165,S13,OW1,road,447.5,1092.0,2519.5,0.108,1,B,T,101.545
t03166,S13,OW1,code,535.8,970.2,2395.5,0.1871,1,F,D,96.22
t03167,S13,OW1,code,475.5,991.9,2183.9,0.0829,1,F,T,258.384
t03168,S13,OW1,code,514.0,1035.9,2402.2,0.0622,1,S,,286.515
t03169,S13,OW1,code,500.1,984.2,2422.3,0.0665,1,,T,298.897
t03170,S13,OW1,goat,472.0,950.5,2363.9,0.0993,1,F,,182.356
t03171,S13,OW1,goat,481.6,827.1,2616.7,0.1147,1,T,L,254.341
t03172,S13,OW1,road,454.6,913.2,2383.1,0.1891,1,B,P,245.402
t03173,S13,OW1,goat,491.5,915.8,2459.4,0.1332,1,T,T,150.113
t03174,S13,OW1,boat,495.1,1013.3,2295.2,0.0641,1,S,N,79.269
t03175,S13,OW1,know,482.8,976.6,2270.4,0.0775,1,F,N,178.917
t03176,S13,UW1,two,326.5,1327.8,2220.6,0.1001,1,T,T,114.521
t03177,S13,UW1,two,341.3,1405.2,2426.5,0.0996,1,T,D,46.478
t03178,S13,UW1,suit,342.0,1415.3,2483.2,0.1017,1,B,,80.084
t03179,S13,UW1,moon,371.0,1405.5,2214.6,0.1129,1,F,D,243.834
t03180,S13,UW1,food,353.8,1449.3,2390.6,0.0962,1,B,,185.812
t03181,S13,UW1,boot,356.5,1438.0,2421.1,0.1399,1,S,N,199.942
t03182,S13,UW1,moon,351.9,1435.6,2190.2,0.0793,1,F,T,81.018
t03183,S13,UW1,suit,342.8,1483.3,2290.0,0.1316,1,K,,114.293
t03184,S13,UW1,moon,345.0,1303.0,2327.5,0.0783,1,F,N,95.821
t03185,S13,UW1,food,344.5,1253.7,2375.7,0.0842,1,K,T,279.231
t03186,S13,UW1,food,393.0,1208.6,2378.1,0.0715,1,S,,168.69
t03187,S13,UW1,boot,322.2,1420.8,2405.7,0.1053,1,,,252.769
t03188,S13,UW1,food,367.7,1286.1,2216.1,0.0921,1,T,D,216.169
t03189,S13,UW1,two,363.1,1421.5,2349.0,0.0976,1,F,P,103.225
t03190,S13,UW1,two,337.3,1274.8,2307.7,0.0998,1,,L,46.257
t03191,S13,UW1,suit,340.7,1372.9,2351.4,0.0752,1,K,P,211.537
t03192,S13,UW1,two,343.2,1329.2,2244.0,0.1046,1,T,P,282.808
t03193,S13,UW1,boot,360.6,1333.2,2367.8,0.066,1,,L,100.973
t03194,S13,UW1,boot,350.7,1285.1,2336.4,0.2114,1,T,,254.472
t03195,S13,UW1,moon,386.9,1330.1,2431.3,0.1306,1,T,L,55.544
t03196,S13,UW1,two,375.3,1342.2,2255.9,0.1195,1,S,,100.352
t03197,S13,UW1,moon,374.4,1373.7,2190.7,0.1019,1,T,N,114.342
t03198,S13,UW1,food,334.1,1291.8,2168.4,0.0595,1,K,D,101.503
t03199,S13,UW1,moon,328.2,1312.7,2278.7,0.1805,1,,P,104.638
t03200,S13,UW1,boot,334.1,1445.8,2295.9,0.111,1,F,,233.954
t03201,S13,AH1,cut,636.2,1295.9,2243.4,0.1812,1,F,N,137.095
t03202,S13,AH1,cut,729.0,1271.5,2485.6,0.1781,1,T,P,25.537
t03203,S13,AH1,cut,678.5,1234.2,2600.4,0.2089,1,B,P,218.083
t03204,S13,AH1,but,667.0,1393.2,2683.5,0.0872,1,S,T,62.332
t03205,S13,AH1,love,640.3,1338.1,2391.6,0.2314,1,S,L,90.808
t03206,S13,AH1,but,615.0,1346.9,2456.4,0.1553,1,F,T,211.81
t03207,S13,AH1,love,654.9,1308.9,2418.6,0.0809,1,B,,9.36
t03208,S13,AH1,sun,622.5,1453.4,2497.1,0.1059,1,F,N,145.96
t03209,S13,AH1,sun,645.1,1364.8,2416.3,0.1342,1,T,L,268.747
t03210,S13,AH1,but,664.1,1205.0,2547.9,0.1307,1,,,142.915
t03211,S13,AH1,cut,648.7,1228.1,2290.2,0.0598,1,S,P,220.345
t03212,S13,AH1,cut,634.2,1219.2,2392.7,0.1242,1,T,N,225.051
t03213,S13,AH1,love,623.2,1225.4,2558.1,0.1003,1,S,T,118.124
t03214,S13,AH1,but,665.0,1291.2,2246.2,0.1426,1,T,D,170.849
t03215,S13,AH1,love,660.5,1277.8,2479.1,0.1308,1,K,N,116.559
t03216,S13,AH1,mud,633.9,1310.5,2400.4,0.0767,1,B,N,245.343
t03217,S13,AH1,cut,609.6,1251.2,2272.2,0.0809,1,F,L,145.95
t03218,S13,AH1,mud,641.8,1272.5,2385.2,0.0894,1,B,D,239.46
t03219,S13,AH1,but,722.3,1282.5,2498.2,0.0949,1,F,P,86.945
t03220,S13,AH1,but,659.2,1231.4,2475.6,0.1425,1,K,P,54.304
t03221,S13,AH1,love,574.4,1215.7,2467.2,0.082,1,S,L,15.959
t03222,S13,AH1,love,590.4,1251.3,2491.7,0.0736,1,F,L,79.907
t03223,S13,AH1,cut,677.5,1255.1,2382.8,0.1081,1,,T,281.208
t03224,S13,AH1,mud,699.3,1306.5,2468.7,0.1436,1,S,P,217.718
t03225,S13,AH1,mud,656.8,1396.9,2478.7,0.1232,1,S,L,86.12
t03226,S13,ER1,bird,507.2,1284.4,1714.6,0.0862,1,,P,106.412
t03227,S13,ER1,bird,399.3,1369.9,1686.5,0.1278,1,K,L,129.613
t03228,S13,ER1,word,478.9,1471.7,1722.7,0.0742,1,F,P,83.431
t03229,S13,ER1,word,517.7,1394.0,1716.6,0.0898,1,,,14.985
t03230,S13,ER1,learn,471.6,1377.4,1759.3,0.1252,1,F,L,202.708
t03231,S13,ER1,her,492.9,1318.3,1690.5,0.2299,1,T,D,250.251
t03232,S13,ER1,bird,503.9,1247.2,1825.9,0.1284,1,S,D,8.052
t03233,S13,ER1,learn,477.4,1437.7,1691.1,0.0782,1,S,T,216.214
t03234,S13,ER1,her,548.3,1416.0,1684.9,0.0919,1,S,N,61.464
t03235,S13,ER1,hurt,425.0,1372.0,1676.3,0.1295,1,K,N,205.063
t03236,S13,ER1,hurt,450.9,1420.5,1729.5,0.2335,1,B,,116.933
t03237,S13,ER1,bird,495.1,1324.2,1636.5,0.1815,1,F,P,117.791
t03238,S13,ER1,learn,459.9,1310.0,1813.7,0.1605,1,B,L,195.705
t03239,S13,ER1,hurt,476.8,1437.4,1760.6,0.134,1,F,P,243.592
t03240,S13,ER1,learn,557.6,1445.3,1685.1,0.1259,1,F,P,130.983
t03241,S13,ER1,her,500.9,1327.6,1715.4,0.0698,1,F,N,76.212
t03242,S13,ER1,bird,504.7,1379.7,1732.2,0.1452,1,S,,140.897
t03243,S13,ER1,bird,437.7,1394.9,1809.6,0.0705,1,K,T,271.927
t03244,S13,ER1,learn,490.6,1352.2,1665.5,0.118,1,,D,67.036
t03245,S13,ER1,word,490.0,1311.8,1708.0,0.0885,1,B,N,91.276
t03246,S13,ER1,her,489.1,1364.8,1845.2,0.1187,1,,T,124.748
t03247,S13,ER1,word,488.5,1282.5,1629.0,0.0841,1,T,L,137.914
t03248,S13,ER1,her,479.4,1339.2,1691.3,0.1045,1,,L,35.195
t03249,S13,ER1,learn,519.2,1372.0,1777.1,0.1256,1,F,P,150.677
t03250,S13,ER1,bird,462.6,1277.4,1746.0,0.1055,1,,D,192.798
t03251,S14,IY1,feed,288.3,2029.0,3034.9,0.145,1,,D,113.937
t03252,S14,IY1,seat,281.4,2267.6,2835.2,0.1082,1,K,N,59.71
t03253,S14,IY1,feed,300.6,2439.8,2835.7,0.0938,1,S,T,263.64
t03254,S14,IY1,beet,289.4,2286.8,2986.9,0.1221,1,B,T,24.126
t03255,S14,IY1,feed,296.3,2179.0,3004.7,0.1163,1,T,T,153.599
t03256,S14,IY1,feed,281.6,2353.3,3045.0,0.0992,1,F,,171.019
t03257,S14,IY1,seat,269.7,2342.8,2638.4,0.1446,1,B,T,176.453
t03258,S14,IY1,team,307.1,2358.5,3043.0,0.131,1,B,L,48.09
t03259,S14,IY1,beet,277.3,2219.4,2832.9,0.109,1,K,D,269.825
t03260,S14,IY1,team,324.3,2291.6,2950.3,0.1703,1,F,,214.437
t03261,S14,IY1,seat,310.1,2347.5,2681.1,0.0916,1,K,D,211.336
t03262,S14,IY1,beet,294.0,2175.0,2713.9,0.1247,1,,,55.088
t03263,S14,IY1,seat,324.3,2275.4,2882.1,0.0888,1,F,N,28.835
t03264,S14,IY1,keep,289.7,2468.8,2878.7,0.128,1,,D,180.138
t03265,S14,IY1,team,284.4,2162.6,2744.6,0.1217,1,,N,6.572
t03266,S14,IY1,beet,274.4,2173.0,3137.5,0.0752,1,B,L,200.571
t03267,S14,IY1,feed,306.4,2176.5,2860.5,0.1595,1,F,L,211.633
t03268,S14,IY1,team,290.9,2197.3,2741.6,0.1419,1,T,N,211.017
t03269,S14,IY1,feed,317.7,2036.0,3006.0,0.0986,1,S,P,287.358
t03270,S14,IY1,team,302.0,2326.1,2917.7,0.0528,1,K,T,179.671
t03271,S14,IY1,beet,268.7,2292.7,2875.3,0.1417,1,S,L,282.762
t03272,S14,IY1,seat,325.1,2279.9,2977.1,0.166,1,S,D,286.041
t03273,S14,IY1,seat,277.8,2196.1,2758.4,0.1804,1,B,L,58.73
t03274,S14,IY1,team,271.8,2277.8,2923.9,0.0813,1,,L,167.743
t03275,S14,IY1,seat,274.1,2076.4,2814.6,0.1728,1,S,L,116.725
t03276,S14,IH1,kid,417.5,1827.9,2345.7,0.0925,1,T,T,101.548
t03277,S14,IH1,kid,387.1,1848.5,2470.7,0.0885,1,F,D,243.529
t03278,S14,IH1,sit,418.1,2082.5,2319.6,0.101,1,F,,138.227
t03279,S14,IH1,wind,405.7,2011.4,2381.5,0.0899,1,B,,102.831
t03280,S14,IH1,wind,418.6,1840.1,2397.1,0.1178,1,S,,165.119
t03281,S14,IH1,bit,396.2,2078.3,2465.2,0.0602,1,B,T,201.032
t03282,S14,IH1,kid,410.2,1943.4,2244.8,0.1588,1,T,T,134.306
t03283,S14,IH1,fill,413.8,1946.4,2423.7,0.134,1,,T,97.635
t03284,S14,IH1,fill,435.5,1917.5,2566.5,0.1627,1,B,L,258.098
t03285,S14,IH1,bit,391.4,1809.5,2438.4,0.1174,1,S,T,85.308
t03286,S14,IH1,wind,361.6,1916.9,2444.2,0.1206,1,S,,267.786
t03287,S14,IH1,fill,427.6,1860.1,2376.4,0.1015,1,K,P,270.676
t03288,S14,IH1,bit,413.3,1818.2,2377.6,0.0809,1,K,P,27.738
t03289,S14,IH1,kid,399.8,1878.7,2373.8,0.1057,1,F,N,58.192
t03290,S14,IH1,bit,373.8,1965.4,2540.0,0.1096,1,B,N,227.366
t03291,S14,IH1,fill,463.1,2019.6,2544.4,0.1376,1,K,N,30.246
t03292,S14,IH1,bit,404.6,1927.8,2430.9,0.1097,1,K,T,278.333
t03293,S14,IH1,bit,451.4,1967.6,2566.5,0.1112,1,S,P,165.258
t03294,S14,IH1,fill,370.2,2024.8,2518.0,0.114,1,S,L,182.259
t03295,S14,IH1,fill,453.1,2096.6,2345.6,0.1125,1,S,L,46.992
t03296,S14,IH1,bit,421.7,1913.5,2465.0,0.065,1,F,D,144.743
t03297,S14,IH1,fill,382.8,1903.1,2355.7,0.1331,1,K,P,121.577
t03298,S14,IH1,sit,404.7,2027.5,2695.1,0.1223,1,S,L,110.96
t03299,S14,IH1,fill,411.3,1829.7,2344.4,0.1309,1,F,N,271.277
t03300,S14,IH1,bit,358.4,1855.3,2371.5,0.0832,1,B,,134.656
t03301,S14,EH1,then,606.8,1815.4,2463.8,0.1238,1,T,D,219.495
t03302,S14,EH1,bed,561.6,1936.5,2219.4,0.1548,1,S,P,271.271
t03303,S14,EH1,help,617.1,1896.6,2311.1,0.105,1,T,P,50.805
t03304,S14,EH1,help,523.3,1724.2,2477.6,0.0778,1,K,P,257.04
t03305,S14,EH1,bet,610.7,1758.6,2451.5,0.0912,1,F,T,88.103
t03306,S14,EH1,bed,560.6,1961.8,2442.3,0.1268,1,,,120.923
t03307,S14,EH1,then,597.3,1835.8,2488.4,0.1216,1,K,N,242.69
t03308,S14,EH1,set,639.4,1720.3,2417.7,0.076,1,K,N,75.915
t03309,S14,EH1,bet,629.9,1572.4,2548.8,0.0763,1,K,D,285.746
t03310,S14,EH1,help,634.1,1881.4,2374.1,0.0797,1,S,D,128.433
t03311,S14,EH1,bet,598.5,1755.4,2325.3,0.0834,1,F,L,22.934
t03312,S14,EH1,set,583.7,1709.1,2514.1,0.0692,1,B,,136.139
t03313,S14,EH1,set,552.1,1880.7,2451.9,0.0986,1,,D,139.806
t03314,S14,EH1,bet,494.9,1790.9,2324.8,0.0943,1,T,,201.802
t03315,S14,EH1,bet,618.8,1732.1,2457.5,0.082,1,S,P,106.177
t03316,S14,EH1,then,586.0,1631.8,2441.4,0.1649,1,F,N,181.302
t03317,S14,EH1,help,598.1,1738.4,2340.1,0.1407,1,K,N,16.729
t03318,S14,EH1,set,559.8,1901.3,2442.3,0.1202,1,T,N,170.643
t03319,S14,EH1,set,501.5,1933.6,2364.0,0.0976,1,S,N,228.953
t03320,S14,EH1,bed,605.5,1678.6,2404.2,0.0989,1,,,51.97
t03321,S14,EH1,bet,627.2,1790.5,2400.5,0.1994,1,S,L,134.605
t03322,S14,EH1,set,583.7,1802.9,2494.7,0.0898,1,,D,199.31
t03323,S14,EH1,bed,591.4,1890.2,2345.9,0.0737,1,,T,141.348
t03324,S14,EH1,help,479.4,1882.0,2419.9,0.1953,1,B,,125.187
t03325,S14,EH1,set,550.8,1614.7,2519.3,0.149,1,T,N,171.479
t03326,S14,AE1,back,730.6,1644.5,2516.8,0.0827,1,T,D,204.098
t03327,S14,AE1,sat,670.9,1581.7,2399.4,0.0991,1,K,P,121.146
t03328,S14,AE1,bat,736.5,1718.7,2521.7,0.1193,1,,L,245.04
t03329,S14,AE1,man,691.0,1479.1,2504.3,0.0808,1,K,,2.38
t03330,S14,AE1,bad,768.7,1676.0,2340.2,0.1182,1,S,L,58.018
t03331,S14,AE1,sat,705.9,1642.2,2349.1,0.0768,1,T,P,74.43
t03332,S14,AE1,sat,753.4,1678.0,2360.2,0.1522,1,,P,184.577
t03333,S14,AE1,bat,771.8,1670.1,2173.3,0.1198,1,K,L,33.052
t03334,S14,AE1,man,767.9,1820.4,2479.0,0.0724,1,K,L,151.955
t03335,S14,AE1,man,687.2,1532.7,2430.2,0.069,1,S,L,231.387
t03336,S14,AE1,back,706.3,1816.3,2261.8,0.0989,1,,N,158.434
t03337,S14,AE1,bad,757.9,1747.3,2525.3,0.088,1,,N,168.649
t03338,S14,AE1,sat,671.9,1596.3,2377.5,0.0906,1,S,T,142.573
t03339,S14,AE1,man,757.2,1714.7,2294.4,0.1554,1,S,D,175.103
t03340,S14,AE1,bat,837.2,1571.1,2331.1,0.0799,1,B,,63.106
t03341,S14,AE1,bad,694.0,1667.9,2401.9,0.1341,1,,T,127.981
t03342,S14,AE1,bat,666.9,1803.8,2326.7,0.0888,1,K,N,26.254
t03343,S14,AE1,man,715.7,1642.2,2331.1,0.1136,1,B,D,52.308
t03344,S14,AE1,sat,698.6,1710.2,2335.7,0.1556,1,K,N,111.1
t03345,S14,AE1,back,779.0,1586.9,2558.3,0.0928,1,S,P,191.179
t03346,S14,AE1,man,656.7,1673.7,2297.8,0.0974,1,B,L,247.472
t03347,S14,AE1,sat,780.9,1737.1,2356.7,0.1129,1,K,P,286.449
t03348,S14,AE1,man,686.3,1778.5,2408.8,0.1209,1,S,N,136.768
t03349,S14,AE1,back,673.1,1543.8,2424.9,0.0982,1,S,T,108.092
t03350,S14,AE1,sat,733.6,1596.0,2450.7,0.1516,1,S,N,235.704
t03351,S14,AA1,cot,713.4,1088.8,2354.5,0.093,1,,D,183.07
t03352,S14,AA1,pod,703.8,1101.6,2435.8,0.1033,1,F,N,118.491
t03353,S14,AA1,father,762.4,1100.4,2495.7,0.1572,1,,P,69.407
t03354,S14,AA1,bot,724.8,1151.2,2398.2,0.1094,1,K,N,275.118
t03355,S14,AA1,pod,708.4,1112.2,2442.7,0.1161,1,B,T,179.265
t03356,S14,AA1,bot,747.3,1166.5,2397.4,0.1003,1,T,,288.785
t03357,S14,AA1,lock,870.0,1023.7,2502.8,0.094,1,T,T,281.327
t03358,S14,AA1,lock,635.3,1041.9,2351.7,0.1188,1,,N,200.171
t03359,S14,AA1,pod,658.6,1040.0,2432.5,0.2016,1,S,N,283.616
t03360,S14,AA1,lock,743.1,1162.6,2463.8,0.0869,1,S,,1.158
t03361,S14,AA1,father,730.1,1160.1,2292.2,0.1395,1,S,P,243.345
t03362,S14,AA1,pod,790.3,1113.1,2270.6,0.1371,1,F,,128.513
t03363,S14,AA1,lock,752.5,1030.4,2399.5,0.1054,1,K,N,89.34
t03364,S14,AA1,bot,756.1,1100.0,2583.2,0.0832,1,F,D,84.863
t03365,S14,AA1,lock,736.0,1061.7,2507.8,0.1161,1,S,P,149.697
t03366,S14,AA1,bot,758.3,1184.4,2575.6,0.1333,1,B,P,44.581
t03367,S14,AA1,cot,754.9,1152.4,2354.9,0.1479,1,S,P,47.655
t03368,S14,AA1,lock,636.5,1079.2,2379.3,0.0821,1,K,T,182.786
t03369,S14,AA1,pod,743.0,1140.7,2381.0,0.1007,1,B,,11.782
t03370,S14,AA1,cot,778.4,1111.1,2438.0,0.0673,1,B,N,221.969
t03371,S14,AA1,pod,700.8,1060.2,2317.9,0.1127,1,,P,157.838
t03372,S14,AA1,bot,721.5,1100.4,2487.9,0.1494,1,B,T,161.735
t03373,S14,AA1,lock,708.9,1150.1,2630.1,0.1247,1,,D,99.008
t03374,S14,AA1,father,651.8,1128.3,2427.4,0.079,1,T,T,52.033
t03375,S14,AA1,father,709.0,1227.8,2517.4,0.0617,1,B,,293.664
t03376,S14,AO1,talk,602.0,1015.0,2637.5,0.0893,1,,L,109.092
t03377,S14,AO1,law,667.7,927.4,2491.2,0.1942,1,S,N,191.444
t03378,S14,AO1,bought,677.2,1027.6,2317.3,0.1659,1,B,P,121.264
t03379,S14,AO1,caught,640.5,1004.7,2493.2,0.2088,1,B,L,92.233
t03380,S14,AO1,caught,607.2,1002.8,2516.4,0.1515,1,S,T,28.734
t03381,S14,AO1,bought,650.2,981.2,2464.6,0.1302,1,B,P,97.012
t03382,S14,AO1,law,712.5,956.5,2513.4,0.1387,1,B,N,56.942
t03383,S14,AO1,caught,673.6,1024.5,2413.5,0.0993,1,T,D,62.917
t03384,S14,AO1,bought,702.5,977.8,2637.1,0.1052,1,S,T,256.441
t03385,S14,AO1,talk,588.9,944.1,2525.0,0.0973,1,S,,44.726
t03386,S14,AO1,dawn,686.9,954.5,2420.2,0.0978,1,F,L,30.23
t03387,S14,AO1,dawn,711.9,955.7,2553.9,0.103,1,,T,23.927
t03388,S14,AO1,caught,660.6,957.7,2567.8,0.159,1,S,N,121.354
t03389,S14,AO1,caught,741.8,935.9,2463.2,0.064,1,S,,151.001
t03390,S14,AO1,law,653.0,960.0,2621.7,0.1085,1,T,N,221.907
t03391,S14,AO1,law,636.8,1022.5,2628.6,0.1195,1,T,T,192.31
t03392,S14,AO1,law,710.5,970.1,2560.0,0.1067,1,S,T,148.363
t03393,S14,AO1,caught,696.1,926.0,2534.7,0.1451,1,T,D,118.939
t03394,S14,AO1,law,600.7,921.3,2384.8,0.1317,1,F,N,283.739
t03395,S14,AO1,dawn,706.0,905.2,2451.2,0.0922,1,S,P,66.986
t03396,S14,AO1,law,702.0,963.9,2550.8,0.1585,1,F,N,137.052
t03397,S14,AO1,caught,660.0,957.3,2339.7,0.0915,1,B,T,222.863
t03398,S14,AO1,dawn,705.6,1014.8,2405.7,0.0844,1,F,,6.562
t03399,S14,AO1,bought,648.4,962.9,2645.3,0.0943,1,F,D,69.205
t03400,S14,AO1,talk,617.4,984.8,2500.5,0.1336,1,B,N,189.706
t03401,S14,OW1,boat,447.5,1014.4,2161.1,0.1611,1,B,T,201.71
t03402,S14,OW1,boat,480.5,945.0,2414.8,0.1754,1,S,L,34.156
t03403,S14,OW1,boat,462.8,928.3,2328.5,0.1051,1,T,N,239.889
t03404,S14,OW1,know,524.3,939.6,2281.9,0.1188,1,K,P,234.01
t03405,S14,OW1,goat,448.5,996.8,2489.8,0.1813,1,,N,162.536
t03406,S14,OW1,boat,446.9,958.6,2436.2,0.1954,1,B,N,291.137
t03407,S14,OW1,goat,425.1,929.1,2381.6,0.1231,1,T,T,103.175
t03408,S14,OW1,boat,461.0,911.2,2123.3,0.142,1,S,N,58.416
t03409,S14,OW1,goat,511.7,930.3,2269.5,0.0971,1,T,D,176.877
t03410,S14,OW1,goat,495.0,976.2,2578.2,0.1769,1,K,T,249.622
t03411,S14,OW1,goat,528.5,1018.1,2192.3,0.0887,1,B,L,178.653
t03412,S14,OW1,know,503.8,997.5,2263.3,0.0717,1,K,N,99.048
t03413,S14,OW1,road,462.7,926.8,2361.8,0.1191,1,F,,218.233
t03414,S14,OW1,goat,427.6,925.5,2351.4,0.0976,1,B,L,215.366
t03415,S14,OW1,code,532.8,916.6,2308.9,0.1347,1,,N,221.549
t03416,S14,OW1,goat,485.6,965.4,2292.8,0.1059,1,F,D,266.012
t03417,S14,OW1,code,451.9,1007.3,2381.7,0.0913,1,,,123.876
t03418,S14,OW1,boat,427.3,1029.2,2330.0,0.0726,1,S,L,297.315
t03419,S14,OW1,know,483.5,982.4,2477.4,0.0458,1,,T,291.393
t03420,S14,OW1,know,524.4,929.2,2348.0,0.1227,1,,,218.893
t03421,S14,OW1,code,532.7,867.4,2312.8,0.1199,1,B,P,227.752
t03422,S14,OW1,code,489.8,1004.7,2290.9,0.1355,1,K,P,281.171
t03423,S14,OW1,road,449.3,960.6,2399.9,0.0874,1,S,T,80.007
t03424,S14,OW1,road,530.0,934.5,2167.1,0.0771,1,K,,290.471
t03425,S14,OW1,know,399.5,988.1,2280.3,0.119,1,F,L,70.877
t03426,S14,UW1,two,364.8,1396.7,2237.6,0.0731,1,S,P,221.219
t03427,S14,UW1,suit,339.0,1395.8,2364.6,0.1727,1,,,150.078
t03428,S14,UW1,food,337.9,1417.5,2223.6,0.1076,1,,D,209.068
t03429,S14,UW1,suit,291.7,1422.4,2312.0,0.1689,1,B,L,49.208
t03430,S14,UW1,moon,379.7,1309.0,2330.8,0.1077,1,T,T,284.411
t03431,S14,UW1,two,360.2,1216.5,2364.1,0.108,1,K,L,145.055
t03432,S14,UW1,suit,340.9,1415.9,2145.3,0.0861,1,K,,44.278
t03433,S14,UW1,two,338.4,1271.8,2378.2,0.1008,1,,L,22.885
t03434,S14,UW1,boot,365.8,1302.7,2304.1,0.0939,1,T,P,292.251
t03435,S14,UW1,two,368.4,1231.1,2270.1,0.1077,1,K,,41.854
t03436,S14,UW1,food,321.7,1368.3,2233.8,0.1427,1,K,N,34.099
t03437,S14,UW1,suit,361.8,1299.2,2390.4,0.1584,1,K,,110.395
t03438,S14,UW1,suit,340.2,1317.3,2244.3,0.1167,1,S,,147.638
t03439,S14,UW1,boot,385.5,1447.6,2331.4,0.0848,1,F,P,258.894
t03440,S14,UW1,moon,331.4,1225.4,2305.3,0.1728,1,B,,210.549
t03441,S14,UW1,suit,377.3,1297.8,2343.3,0.1383,1,T,D,140.476
t03442,S14,UW1,suit,352.9,1429.9,2332.4,0.0835,1,T,,264.314
t03443,S14,UW1,food,301.7,1401.5,2349.8,0.1881,1,F,L,169.686
t03444,S14,UW1,boot,336.5,1340.7,2146.1,0.1202,1,,N,295.898
t03445,S14,UW1,boot,368.9,1204.8,2412.8,0.0998,1,,L,123.294
t03446,S14,UW1,suit,321.4,1260.4,2513.5,0.1228,1,,,57.002
t03447,S14,UW1,moon,296.8,1303.6,2093.6,0.0904,1,K,D,18.31
t03448,S14,UW1,two,345.3,1345.4,2180.8,0.1872,1,,D,84.706
t03449,S14,UW1,moon,352.7,1354.3,2374.2,0.1219,1,B,P,99.965
t03450,S14,UW1,two,339.3,1231.0,2264.7,0.1166,1,T,T,43.371
t03451,S14,AH1,but,634.1,1251.4,2384.2,0.088,1,F,T,95.356
t03452,S14,AH1,cut,557.6,1207.0,2278.8,0.1249,1,K,T,6.386
t03453,S14,AH1,sun,680.0,1245.6,2299.1,0.1161,1,,N,215.339
t03454,S14,AH1,but,611.3,1221.5,2403.6,0.1032,1,S,D,16.544
t03455,S14,AH1,love,661.1,1234.6,2338.0,0.2151,1,K,P,197.302
t03456,S14,AH1,but,671.3,1178.9,2387.4,0.1578,1,S,D,212.592
t03457,S14,AH1,but,575.6,1228.1,2355.5,0.0899,1,B,D,32.501
t03458,S14,AH1,love,643.3,1295.2,2443.5,0.1356,1,K,N,221.507
t03459,S14,AH1,love,603.6,1292.1,2292.2,0.1316,1,S,P,261.651
t03460,S14,AH1,mud,671.4,1249.6,2379.6,0.08,1,F,L,93.731
t03461,S14,AH1,sun,689.4,1332.3,2521.7,0.0593,1,B,,103.449
t03462,S14,AH1,love,616.2,1221.9,2557.6,0.0944,1,K,D,158.146
t03463,S14,AH1,sun,669.1,1197.4,2348.0,0.1272,1,B,N,24.423
t03464,S14,AH1,mud,672.4,1152.2,2591.0,0.0731,1,T,N,38.7
t03465,S14,AH1,but,678.7,1235.2,2498.0,0.0952,1,B,P,234.126
t03466,S14,AH1,cut,620.1,1247.8,2579.1,0.0957,1,S,L,256.679
t03467,S14,AH1,mud,703.4,1228.3,2353.7,0.0715,1,,L,273.13
t03468,S14,AH1,but,679.5,1261.4,2277.6,0.106,1,S,,271.66
t03469,S14,AH1,mud,693.2,1260.0,2441.8,0.1158,1,T,D,107.526
t03470,S14,AH1,love,696.5,1205.8,2516.5,0.1852,1,T,T,75.88
t03471,S14,AH1,but,646.7,1290.2,2544.6,0.1203,1,S,P,203.818
t03472,S14,AH1,cut,714.2,1210.5,2502.9,0.0796,1,F,D,56.499
t03473,S14,AH1,but,645.9,1251.3,2198.5,0.0886,1,F,,199.766
t03474,S14,AH1,mud,654.8,1205.8,2303.0,0.1189,1,,P,53.688
t03475,S14,AH1,mud,627.8,1250.0,2415.0,0.0768,1,B,L,76.926
t03476,S14,ER1,her,453.1,1332.5,1594.3,0.0856,1,B,,211.215
t03477,S14,ER1,word,513.8,1316.7,1577.6,0.1271,1,K,L,271.706
t03478,S14,ER1,hurt,467.7,1292.2,1719.4,0.1378,1,,P,47.276
t03479,S14,ER1,hurt,513.5,1373.7,1643.3,0.094,1,T,N,136.384
t03480,S14,ER1,word,473.0,1162.5,1599.7,0.0565,1,,P,150.78
t03481,S14,ER1,bird,500.4,1339.5,1626.9,0.066,1,K,D,252.758
t03482,S14,ER1,hurt,491.5,1412.4,1611.7,0.1512,1,B,D,185.129
t03483,S14,ER1,learn,501.1,1311.4,1679.6,0.1011,1,T,D,156.106
t03484,S14,ER1,learn,475.7,1320.7,1655.9,0.1548,1,B,D,294.572
t03485,S14,ER1,word,430.8,1267.4,1568.1,0.116,1,S,T,167.621
t03486,S14,ER1,learn,494.4,1271.8,1684.1,0.1621,1,,L,76.505
t03487,S14,ER1,hurt,448.4,1474.9,1681.2,0.0797,1,K,P,59.597
t03488,S14,ER1,bird,501.1,1387.5,1661.2,0.0962,1,S,N,140.234
t03489,S14,ER1,hurt,443.2,1328.0,1613.9,0.0902,1,,L,167.263
t03490,S14,ER1,word,441.9,1266.9,1677.9,0.0972,1,K,D,298.658
t03491,S14,ER1,hurt,440.9,1247.3,1792.7,0.1389,1,,D,28.187
t03492,S14,ER1,bird,462.4,1338.0,1716.3,0.0875,1,S,D,137.666
t03493,S14,ER1,bird,510.0,1284.9,1609.7,0.1238,1,,N,252.346
t03494,S14,ER1,her,443.4,1403.1,1721.8,0.1146,1,F,P,170.459
t03495,S14,ER1,her,488.1,1412.9,1731.8,0.1223,1,B,P,171.08
t03496,S14,ER1,learn,489.4,1305.3,1775.9,0.0996,1,,N,191.239
t03497,S14,ER1,her,479.4,1404.0,1630.3,0.1363,1,S,N,246.44
t03498,S14,ER1,hurt,420.4,1405.4,1670.3,0.0761,1,K,,156.23
t03499,S14,ER1,her,484.6,1277.5,1692.7,0.1092,1,,P,169.064
t03500,S14,ER1,bird,531.3,1397.8,1652.1,0.0972,1,K,N,113.57
t03501,S15,IY1,feed,298.6,2345.1,2818.3,0.1227,1,,D,153.443
t03502,S15,IY1,team,297.2,2302.1,3179.0,0.1151,1,T,N,256.014
t03503,S15,IY1,keep,281.2,2250.9,3096.0,0.1133,1,B,T,17.591
t03504,S15,IY1,seat,329.7,2144.9,3033.2,0.1376,1,S,T,50.832
t03505,S15,IY1,feed,332.6,2292.8,3138.8,0.1404,1,S,T,193.998
t03506,S15,IY1,seat,330.2,2152.4,3033.4,0.1413,1,B,P,100.94
t03507,S15,IY1,team,307.9,2475.5,2817.2,0.1667,1,,,217.397
t03508,S15,IY1,keep,263.1,2199.3,2957.9,0.1608,1,B,N,298.858
t03509,S15,IY1,team,256.2,2388.5,2900.3,0.0805,1,T,P,79.094
t03510,S15,IY1,keep,314.9,2308.7,2651.3,0.1092,1,S,,84.9
t03511,S15,IY1,team,319.9,2425.5,2956.3,0.1564,1,S,P,65.988
t03512,S15,IY1,team,303.5,2512.6,2906.2,0.0617,1,F,T,103.799
t03513,S15,IY1,beet,261.3,2277.6,3032.7,0.155,1,S,D,285.324
t03514,S15,IY1,team,289.1,2364.6,3146.1,0.1159,1,,N,236.573
t03515,S15,IY1,keep,340.7,2039.6,3099.4,0.0773,1,B,,10.451
t03516,S15,IY1,seat,321.1,2393.2,3270.2,0.1726,1,S,D,105.417
t03517,S15,IY1,feed,285.0,2406.5,3007.6,0.1108,1,K,L,252.093
t03518,S15,IY1,team,289.8,2363.2,3009.9,0.1061,1,S,D,96.991
t03519,S15,IY1,beet,307.5,2479.1,2870.0,0.137,1,F,P,167.854
t03520,S15,IY1,team,303.8,2436.7,3140.0,0.1018,1,S,,32.131
t03521,S15,IY1,beet,359.5,2194.7,2951.2,0.1274,1,,D,149.966
t03522,S15,IY1,beet,337.6,2264.3,2875.0,0.0756,1,S,,160.865
t03523,S15,IY1,team,316.5,2503.0,2958.7,0.1652,1,S,D,149.34
t03524,S15,IY1,feed,331.7,2305.6,2945.4,0.1498,1,F,,200.887
t03525,S15,IY1,keep,305.8,2516.5,3108.3,0.1006,1,T,L,122.952
t03526,S15,IH1,fill,382.6,2036.4,2650.9,0.1063,1,F,N,155.232
t03527,S15,IH1,sit,518.7,2134.9,2425.8,0.0912,1,B,L,217.319
t03528,S15,IH1,sit,423.8,1932.3,2715.1,0.1072,1,F,L,238.086
t03529,S15,IH1,fill,393.4,1786.7,2551.3,0.1189,1,S,L,279.539
t03530,S15,IH1,fill,418.4,1814.2,2625.2,0.0868,1,,P,228.877
t03531,S15,IH1,bit,376.4,2005.1,2524.4,0.0775,1,,,164.103
t03532,S15,IH1,kid,429.3,2048.1,2578.6,0.1368,1,F,N,192.538
t03533,S15,IH1,wind,391.1,2071.2,2553.4,0.1081,1,B,D,41.222
t03534,S15,IH1,kid,465.2,1953.6,2466.7,0.1097,1,T,L,55.671
t03535,S15,IH1,bit,423.8,2012.5,2511.0,0.0677,1,,P,217.005
t03536,S15,IH1,wind,391.1,2017.4,2668.1,0.1646,1,F,N,183.642
t03537,S15,IH1,bit,409.2,1837.7,2704.6,0.0983,1,S,,106.588
t03538,S15,IH1,wind,389.1,2196.6,2480.0,0.076,1,T,T,31.133
t03539,S15,IH1,kid,406.2,1987.1,2602.0,0.1967,1,K,,235.485
t03540,S15,IH1,bit,425.8,2041.2,2679.3,0.0983,1,T,P,78.504
t03541,S15,IH1,kid,369.5,2057.1,2798.1,0.1459,1,,N,200.228
t03542,S15,IH1,fill,472.7,1945.7,2623.6,0.1035,1,S,L,145.812
t03543,S15,IH1,sit,437.1,1918.3,2534.4,0.1332,1,T,T,110.42
t03544,S15,IH1,fill,448.4,2104.5,2623.8,0.074,1,K,,204.067
t03545,S15,IH1,kid,391.6,1975.3,2533.1,0.0908,1,K,P,142.732
t03546,S15,IH1,sit,383.1,2056.1,2638.9,0.1253,1,,P,264.146
t03547,S15,IH1,bit,425.8,2032.0,2534.7,0.1251,1,F,,279.23
t03548,S15,IH1,fill,467.8,1986.5,2608.2,0.2003,1,F,L,163.357
t03549,S15,IH1,kid,455.2,1889.3,2450.3,0.141,1,S,T,24.15
t03550,S15,IH1,sit,378.0,1980.8,2442.8,0.0993,1,S,P,144.956
t03551,S15,EH1,set,610.3,1781.9,2405.9,0.1318,1,,N,295.081
t03552,S15,EH1,bet,625.2,1824.1,2550.9,0.158,1,F,D,288.016
t03553,S15,EH1,help,572.4,1991.0,2502.8,0.1274,1,,D,83.956
t03554,S15,EH1,bed,531.8,1936.3,2419.7,0.0971,1,B,P,58.663
t03555,S15,EH1,help,604.3,1837.9,2474.9,0.0916,1,B,L,113.105
t03556,S15,EH1,then,598.5,1913.6,2462.6,0.0818,1,K,P,288.432
t03557,S15,EH1,set,620.0,1814.5,2616.4,0.1454,1,F,N,32.424
t03558,S15,EH1,then,596.7,1958.0,2396.1,0.101,1,F,T,207.94
t03559,S15,EH1,set,611.6,1722.3,2363.9,0.0905,1,B,L,43.526
t03560,S15,EH1,set,544.7,1831.2,2486.8,0.0826,1,,P,67.734
t03561,S15,EH1,set,615.8,1963.6,2365.1,0.0939,1,K,L,252.38
t03562,S15,EH1,then,572.8,1922.2,2492.5,0.13,1,S,L,177.462
t03563,S15,EH1,then,604.2,1884.5,2509.0,0.18,1,,N,261.856
t03564,S15,EH1,then,575.7,1695.2,2545.6,0.0807,1,,L,45.852
t03565,S15,EH1,bed,555.1,1826.9,2646.1,0.1581,1,F,L,33.154
t03566,S15,EH1,help,665.5,1760.5,2722.4,0.1069,1,K,D,131.88
t03567,S15,EH1,then,618.9,1856.6,2391.4,0.1172,1,T,D,36.877
t03568,S15,EH1,bet,569.0,2018.4,2574.7,0.1408,1,T,L,43.094
t03569,S15,EH1,then,582.4,1686.8,2429.4,0.115,1,K,T,278.123
t03570,S15,EH1,then,589.9,1944.7,2492.6,0.149,1,,N,233.521
t03571,S15,EH1,then,567.1,1836.1,2524.3,0.2022,1,F,P,145.934
t03572,S15,EH1,then,663.6,1833.8,2497.8,0.1421,1,S,L,134.378
t03573,S15,EH1,set,608.3,1886.4,2448.4,0.1479,1,F,L,54.819
t03574,S15,EH1,bet,575.6,1935.8,2514.2,0.1146,1,K,N,194.033
t03575,S15,EH1,bet,573.6,2021.5,2529.6,0.0989,1,B,T,232.916
t03576,S15,AE1,back,815.7,1822.5,2361.1,0.1804,1,,D,122.654
t03577,S15,AE1,sat,803.8,1749.4,2438.9,0.1277,1,,,258.633
t03578,S15,AE1,bad,796.5,1524.1,2547.2,0.0921,1,,T,136.772
t03579,S15,AE1,man,710.5,1793.0,2468.5,0.1117,1,F,,105.268
t03580,S15,AE1,back,740.8,1861.3,2285.3,0.1407,1,S,N,70.962
t03581,S15,AE1,back,723.9,1800.5,2532.4,0.0576,1,B,N,229.349
t03582,S15,AE1,man,775.7,1661.9,2511.9,0.1134,1,K,L,228.528
t03583,S15,AE1,man,727.4,1665.1,2395.9,0.1062,1,,,239.706
t03584,S15,AE1,bat,763.1,1700.3,2417.7,0.0738,1,B,P,291.577
t03585,S15,AE1,bad,850.2,1757.5,2506.2,0.1913,1,S,,244.14
t03586,S15,AE1,bat,694.7,1808.7,2298.8,0.1505,1,S,,242.833
t03587,S15,AE1,man,755.4,1786.3,2369.7,0.0996,1,B,,195.961
t03588,S15,AE1,bat,799.9,1872.6,2568.2,0.0944,1,K,P,181.499
t03589,S15,AE1,bat,768.0,1872.6,2473.3,0.0696,1,,,30.481
t03590,S15,AE1,back,761.1,1883.5,2554.7,0.1399,1,T,L,269.06
t03591,S15,AE1,sat,820.2,1799.6,2539.0,0.076,1,K,N,199.884
t03592,S15,AE1,man,837.2,1747.1,2376.2,0.1141,1,,,82.584
t03593,S15,AE1,back,793.9,1698.4,2456.1,0.1176,1,,T,295.235
t03594,S15,AE1,bat,765.9,1917.3,2619.2,0.0835,1,F,L,293.031
t03595,S15,AE1,bat,692.4,1852.7,2462.1,0.1279,1,T,L,164.934
t03596,S15,AE1,bad,704.5,1784.6,2290.2,0.093,1,F,N,3.225
t03597,S15,AE1,man,781.8,1789.5,2445.4,0.1261,1,T,D,121.019
t03598,S15,AE1,man,754.7,1871.0,2611.8,0.1091,1,S,D,75.604
t03599,S15,AE1,sat,906.8,1676.7,2327.5,0.1581,1,,P,77.218
t03600,S15,AE1,bad,751.7,1593.6,2374.5,0.1008,1,,L,146.748
t03601,S15,AA1,pod,840.3,1179.4,2568.5,0.0895,1,S,T,259.447
t03602,S15,AA1,bot,752.5,1222.1,2527.7,0.128,1,K,T,190.457
t03603,S15,AA1,bot,772.5,1136.2,2779.8,0.1031,1,F,T,247.665
t03604,S15,AA1,bot,847.4,1156.1,2600.4,0.23,1,K,,133.528
t03605,S15,AA1,pod,790.9,1229.9,2537.0,0.1534,1,B,L,68.447
t03606,S15,AA1,lock,786.9,1195.3,2368.7,0.1151,1,B,L,64.413
t03607,S15,AA1,lock,752.0,1092.9,2459.0,0.1688,1,,N,253.289
t03608,S15,AA1,pod,707.9,1165.2,2522.5,0.1012,1,,D,245.193
t03609,S15,AA1,lock,838.3,1222.0,2620.4,0.1032,1,B,T,206.238
t03610,S15,AA1,father,795.1,1033.2,2732.0,0.1131,1,K,D,87.519
t03611,S15,AA1,lock,712.5,1254.6,2523.4,0.1797,1,T,T,48.241
t03612,S15,AA1,father,771.1,1216.2,2586.2,0.1404,1,T,,53.672
t03613,S15,AA1,lock,636.3,1158.8,2595.3,0.151,1,K,T,88.827
t03614,S15,AA1,bot,795.3,1148.4,2247.2,0.1341,1,F,T,280.302
t03615,S15,AA1,pod,734.0,1077.3,2507.0,0.1509,1,B,,181.944
t03616,S15,AA1,lock,892.1,1020.4,2521.9,0.0515,1,S,,38.482
t03617,S15,AA1,lock,870.7,1249.5,2520.3,0.0918,1,T,,151.288
t03618,S15,AA1,bot,813.1,1241.2,2558.4,0.1019,1,T,,100.244
t03619,S15,AA1,father,642.8,1211.1,2631.4,0.1346,1,B,T,29.301
t03620,S15,AA1,cot,725.4,1087.3,2593.1,0.0893,1,T,,253.183
t03621,S15,AA1,father,806.8,1115.1,2517.8,0.1732,1,,L,20.383
t03622,S15,AA1,pod,802.0,1200.5,2536.2,0.0963,1,T,P,54.182
t03623,S15,AA1,pod,745.5,1147.9,2630.0,0.0805,1,T,L,175.463
t03624,S15,AA1,bot,757.6,1178.0,2636.0,0.1946,1,T,P,117.629
t03625,S15,AA1,father,731.4,1275.8,2620.1,0.1355,1,F,L,134.581
t03626,S15,AO1,talk,666.1,996.6,2554.1,0.1163,1,,L,149.508
t03627,S15,AO1,talk,633.9,1050.1,2512.1,0.1023,1,F,,206.855
t03628,S15,AO1,law,671.7,1020.2,2535.3,0.152,1,,L,160.186
t03629,S15,AO1,talk,712.8,1085.8,2797.2,0.1357,1,,D,200.502
t03630,S15,AO1,caught,731.2,1021.1,2786.6,0.087,1,S,L,245.927
t03631,S15,AO1,law,666.0,1032.7,2605.1,0.175,1,S,,145.592
t03632,S15,AO1,dawn,756.8,1114.3,2658.7,0.0669,1,S,P,51.143
t03633,S15,AO1,caught,645.7,966.5,2565.0,0.0868,1,F,P,152.914
t03634,S15,AO1,talk,653.0,1062.4,2411.0,0.1805,1,F,N,92.458
t03635,S15,AO1,dawn,797.4,988.8,2493.6,0.1115,1,B,T,257.82
t03636,S15,AO1,dawn,660.9,959.7,2633.8,0.1349,1,F,N,153.557
t03637,S15,AO1,caught,681.2,1056.7,2447.5,0.1266,1,B,T,173.81
t03638,S15,AO1,law,705.6,1006.8,2545.9,0.0603,1,B,T,283.629
t03639,S15,AO1,bought,665.8,1004.3,2688.5,0.091,1,S,D,290.485
t03640,S15,AO1,law,719.1,1078.4,2677.4,0.1095,1,S,,21.328
t03641,S15,AO1,law,647.5,1054.5,2692.6,0.0812,1,K,L,222.762
t03642,S15,AO1,caught,715.2,1032.8,2702.2,0.2273,1,T,L,153.69
t03643,S15,AO1,caught,721.5,1017.9,2548.8,0.1528,1,K,N,100.882
t03644,S15,AO1,caught,752.6,982.2,2523.3,0.0876,1,K,T,277.166
t03645,S15,AO1,dawn,664.0,965.1,2673.7,0.0958,1,T,P,251.602
t03646,S15,AO1,talk,726.7,906.6,2689.1,0.1564,1,B,D,152.884
t03647,S15,AO1,law,684.5,1073.5,2720.6,0.0773,1,T,N,249.794
t03648,S15,AO1,talk,709.0,1034.3,2679.6,0.0872,1,S,N,293.197
t03649,S15,AO1,bought,595.2,1015.7,2649.3,0.0782,1,S,,130.039
t03650,S15,AO1,caught,698.8,1061.7,2642.0,0.1259,1,T,N,50.085
t03651,S15,OW1,know,488.0,992.0,2506.1,0.1232,1,K,P,61.604
t03652,S15,OW1,know,553.3,1003.3,2457.2,0.1139,1,K,,166.467
t03653,S15,OW1,road,459.8,930.4,2413.1,0.1084,1,T,D,43.812
t03654,S15,OW1,know,502.6,993.8,2477.0,0.0821,1,K,D,296.596
t03655,S15,OW1,goat,508.3,950.5,2601.3,0.1023,1,S,T,36.414
t03656,S15,OW1,road,500.7,1019.5,2563.1,0.1034,1,K,P,94.125
t03657,S15,OW1,boat,473.2,929.2,2512.2,0.1143,1,T,D,97.472
t03658,S15,OW1,know,493.4,984.2,2407.6,0.0644,1,F,,242.182
t03659,S15,OW1,code,551.3,978.0,2460.5,0.1046,1,T,T,236.634
t03660,S15,OW1,boat,502.8,1086.2,2455.9,0.1666,1,F,D,71.252
t03661,S15,OW1,road,527.1,992.8,2524.6,0.1209,1,T,D,142.561
t03662,S15,OW1,code,556.0,1022.7,2433.8,0.0917,1,,N,77.665
t03663,S15,OW1,boat,481.8,1056.4,2497.5,0.1565,1,B,L,147.362
t03664,S15,OW1,boat,484.7,983.7,2497.0,0.1249,1,S,D,211.292
t03665,S15,OW1,know,532.6,1052.1,2358.0,0.1399,1,F,T,66.554
t03666,S15,OW1,know,461.7,1002.1,2568.3,0.1167,1,F,,62.474
t03667,S15,OW1,know,529.3,1025.8,2642.1,0.1004,1,T,L,121.888
t03668,S15,OW1,code,492.5,1082.4,2537.4,0.0888,1,T,N,136.085
t03669,S15,OW1,goat,519.9,1016.3,2420.5,0.118,1,S,L,233.116
t03670,S15,OW1,road,540.6,1018.4,2606.6,0.0919,1,T,L,286.231
t03671,S15,OW1,code,503.5,1003.8,2345.6,0.1501,1,K,P,241.942
t03672,S15,OW1,code,461.6,1041.0,2352.8,0.0513,1,B,,136.083
t03673,S15,OW1,goat,546.9,976.2,2558.3,0.1666,1,S,P,172.231
t03674,S15,OW1,goat,449.4,1075.0,2528.4,0.0935,1,T,N,146.568
t03675,S15,OW1,know,547.1,972.7,2672.7,0.1041,1,B,L,248.704
t03676,S15,UW1,suit,315.9,1400.7,2371.8,0.1055,1,S,L,53.072
t03677,S15,UW1,boot,375.6,1372.8,2489.7,0.1371,1,K,P,130.799
t03678,S15,UW1,boot,376.0,1347.3,2457.2,0.0873,1,,P,105.431
t03679,S15,UW1,suit,338.6,1523.1,2352.8,0.0723,1,K,N,11.019
t03680,S15,UW1,food,332.0,1398.8,2387.5,0.1706,1,T,T,136.67
t03681,S15,UW1,two,392.7,1420.6,2322.2,0.1583,1,K,P,216.443
t03682,S15,UW1,moon,382.0,1237.0,2401.8,0.1074,1,F,,244.247
t03683,S15,UW1,boot,333.1,1388.6,2420.2,0.1109,1,B,,171.1
t03684,S15,UW1,boot,345.7,1415.4,2466.7,0.1063,1,T,T,228.899
t03685,S15,UW1,two,389.1,1421.8,2415.4,0.1018,1,,P,171.605
t03686,S15,UW1,food,350.4,1446.3,2467.7,0.0905,1,T,D,108.436
t03687,S15,UW1,moon,376.7,1392.2,2383.3,0.1079,1,S,T,60.249
t03688,S15,UW1,moon,344.6,1396.0,2470.2,0.1984,1,S,N,202.622
t03689,S15,UW1,suit,331.2,1316.1,2478.1,0.0865,1,B,D,284.579
t03690,S15,UW1,food,405.6,1344.9,2356.9,0.0625,1,B,L,9.167
t03691,S15,UW1,suit,387.5,1339.8,2451.5,0.1183,1,S,P,243.222
t03692,S15,UW1,moon,326.8,1362.1,2415.9,0.0774,1,T,,45.255
t03693,S15,UW1,two,348.4,1547.5,2176.5,0.087,1,T,N,219.645
t03694,S15,UW1,food,370.3,1328.0,2561.1,0.0929,1,S,N,69.331
t03695,S15,UW1,food,355.8,1201.3,2374.5,0.1432,1,T,P,76.391
t03696,S15,UW1,boot,346.0,1450.0,2342.4,0.0954,1,T,N,150.621
t03697,S15,UW1,food,391.0,1368.7,2412.4,0.1102,1,K,P,162.393
t03698,S15,UW1,two,360.1,1338.0,2415.9,0.1416,1,T,D,283.83
t03699,S15,UW1,food,367.2,1426.6,2471.9,0.0989,1,T,D,50.311
t03700,S15,UW1,two,352.2,1296.0,2432.5,0.0851,1,,,255.619
t03701,S15,AH1,mud,743.3,1241.5,2425.6,0.0953,1,B,P,69.31
t03702,S15,AH1,mud,779.7,1403.9,2509.4,0.1182,1,K,,57.623
t03703,S15,AH1,love,733.0,1350.1,2458.5,0.1572,1,S,,51.2
t03704,S15,AH1,but,712.7,1269.6,2544.7,0.1535,1,F,,257.532
t03705,S15,AH1,but,703.3,1336.9,2576.4,0.1204,1,B,P,179.045
t03706,S15,AH1,mud,745.4,1388.7,2541.2,0.1615,1,S,L,131.285
t03707,S15,AH1,mud,723.4,1330.5,2696.9,0.0934,1,S,,267.037
t03708,S15,AH1,cut,656.5,1305.5,2461.2,0.1231,1,K,P,283.343
t03709,S15,AH1,love,619.1,1346.7,2576.5,0.0822,1,K,D,295.877
t03710,S15,AH1,mud,647.1,1358.1,2535.6,0.0824,1,T,N,54.8
t03711,S15,AH1,but,704.9,1362.3,2546.3,0.1245,1,K,P,201.324
t03712,S15,AH1,mud,755.7,1309.3,2378.0,0.1072,1,S,P,47.629
t03713,S15,AH1,mud,642.5,1297.6,2542.1,0.0603,1,S,,60.603
t03714,S15,AH1,love,748.9,1361.4,2447.7,0.0729,1,K,N,137.616
t03715,S15,AH1,but,658.8,1292.0,2416.9,0.0693,1,F,L,102.434
t03716,S15,AH1,but,626.9,1331.5,2452.9,0.0687,1,T,L,100.674
t03717,S15,AH1,but,736.2,1391.3,2409.9,0.0886,1,,,43.763
t03718,S15,AH1,but,519.8,1321.5,2490.2,0.1543,1,T,T,214.335
t03719,S15,AH1,cut,666.2,1376.3,2409.5,0.1432,1,S,T,217.643
t03720,S15,AH1,sun,625.2,1358.6,2458.3,0.1136,1,S,D,274.568
t03721,S15,AH1,but,638.7,1260.5,2552.0,0.1364,1,F,N,258.795
t03722,S15,AH1,love,669.6,1360.1,2496.7,0.1335,1,,N,69.645
t03723,S15,AH1,love,666.5,1330.5,2453.7,0.1393,1,F,L,248.508
t03724,S15,AH1,cut,701.2,1301.3,2544.2,0.1001,1,F,,10.491
t03725,S15,AH1,but,748.7,1401.1,2510.8,0.1483,1,T,N,122.52
t03726,S15,ER1,bird,504.2,1473.1,1856.5,0.3657,1,T,,83.674
t03727,S15,ER1,bird,567.6,1334.3,1685.4,0.1563,1,S,L,119.751
t03728,S15,ER1,learn,454.5,1400.1,1669.9,0.0584,1,B,D,100.645
t03729,S15,ER1,hurt,492.1,1264.3,1748.5,0.1278,1,F,T,260.636
t03730,S15,ER1,learn,456.2,1387.5,1704.2,0.1557,1,B,T,24.294
t03731,S15,ER1,hurt,502.8,1329.1,1671.3,0.124,1,S,L,51.104
t03732,S15,ER1,hurt,559.0,1303.7,1682.8,0.0631,1,,L,118.831
t03733,S15,ER1,hurt,522.5,1574.6,1818.6,0.1139,1,T,P,251.533
t03734,S15,ER1,word,477.1,1588.2,1810.7,0.0739,1,T,N,273.292
t03735,S15,ER1,learn,448.4,1312.8,1847.7,0.1083,1,S,,132.725
t03736,S15,ER1,learn,456.2,1527.7,1869.2,0.1515,1,S,N,104.619
t03737,S15,ER1,word,522.8,1339.5,1796.5,0.2221,1,K,N,247.873
t03738,S15,ER1,learn,495.2,1388.5,1652.1,0.1389,1,B,T,104.85
t03739,S15,ER1,learn,517.0,1457.3,1755.6,0.059,1,F,,124.229
t03740,S15,ER1,learn,480.0,1470.5,1705.5,0.2073,1,,L,236.204
t03741,S15,ER1,bird,494.8,1314.9,1698.9,0.0571,1,B,N,215.734
t03742,S15,ER1,hurt,523.1,1379.6,1740.0,0.0792,1,T,D,7.808
t03743,S15,ER1,word,413.9,1430.8,1752.8,0.0975,1,K,L,298.044
t03744,S15,ER1,learn,565.7,1335.4,1829.9,0.076,1,,N,1.051
t03745,S15,ER1,hurt,518.7,1372.9,1833.7,0.0876,1,B,D,86.356
t03746,S15,ER1,her,522.7,1624.5,1715.1,0.1424,1,K,L,184.306
t03747,S15,ER1,her,462.9,1345.1,1746.9,0.0937,1,B,L,123.89
t03748,S15,ER1,bird,520.2,1397.0,1746.8,0.076,1,S,P,35.383
t03749,S15,ER1,bird,488.9,1330.4,1834.1,0.1005,1,T,T,280.609
t03750,S15,ER1,learn,448.0,1452.6,1825.5,0.158,1,T,,42.895
t03751,S16,IY1,keep,285.8,2216.7,3075.6,0.0713,1,,,96.977
t03752,S16,IY1,seat,260.9,2319.1,2813.7,0.0905,1,,N,148.85
t03753,S16,IY1,keep,280.8,2210.2,2654.9,0.0735,1,S,,25.275
t03754,S16,IY1,feed,258.4,2256.5,2916.2,0.0651,1,B,N,114.091
t03755,S16,IY1,feed,293.3,2145.2,2784.5,0.1974,1,T,T,223.422
t03756,S16,IY1,beet,301.6,2234.7,2972.4,0.133,1,,P,262.575
t03757,S16,IY1,beet,250.3,2182.8,2944.0,0.1537,1,,P,51.407
t03758,S16,IY1,feed,261.0,2331.5,3039.5,0.0666,1,F,P,19.392
t03759,S16,IY1,keep,283.1,2234.4,3030.7,0.1004,1,T,T,123.95
t03760,S16,IY1,seat,298.9,2311.9,2838.6,0.0967,1,B,P,143.616
t03761,S16,IY1,beet,254.9,2195.1,3004.7,0.0837,1,S,P,86.525
t03762,S16,IY1,feed,290.1,2181.5,2960.4,0.2274,1,B,P,93.959
t03763,S16,IY1,seat,321.9,2156.2,2957.4,0.1014,1,S,,89.367
t03764,S16,IY1,beet,297.1,2064.9,2929.9,0.0885,1,B,P,231.585
t03765,S16,IY1,beet,315.3,2392.7,2696.8,0.0719,1,,P,50.646
t03766,S16,IY1,team,309.7,2250.5,3031.6,0.1226,1,B,T,86.697
t03767,S16,IY1,beet,287.2,2502.2,3032.4,0.1051,1,K,,212.86
t03768,S16,IY1,keep,263.9,2218.5,2703.9,0.1232,1,K,D,179.574
t03769,S16,IY1,keep,317.9,2316.9,2883.9,0.0664,1,K,N,15.579
t03770,S16,IY1,beet,304.1,2333.5,2873.7,0.0811,1,T,T,3.631
t03771,S16,IY1,seat,255.2,2238.0,2947.4,0.0633,1,,T,107.989
t03772,S16,IY1,beet,311.0,2029.2,2857.8,0.1068,1,,,290.591
t03773,S16,IY1,beet,280.5,2262.6,2904.5,0.108,1,T,P,120.777
t03774,S16,IY1,beet,281.9,2260.6,2874.6,0.1222,1,B,L,8.851
t03775,S16,IY1,beet,282.6,2326.1,2780.6,0.1552,1,B,N,87.129
t03776,S16,IH1,sit,425.0,1995.8,2435.4,0.0532,1,,N,264.282
t03777,S16,IH1,kid,458.1,2068.7,2284.6,0.0661,1,B,P,183.105
t03778,S16,IH1,fill,362.4,2015.4,2563.8,0.0907,1,T,T,277.587
t03779,S16,IH1,sit,403.1,1974.0,2565.3,0.1164,1,B,N,8.708
t03780,S16,IH1,wind,430.6,1864.4,2444.8,0.0863,1,B,D,161.075
t03781,S16,IH1,wind,485.4,2084.2,2402.2,0.0947,1,B,T,287.295
t03782,S16,IH1,sit,436.7,2015.3,2459.2,0.0696,1,,T,289.729
t03783,S16,IH1,kid,420.8,1877.8,2484.7,0.0929,1,K,D,282.709
t03784,S16,IH1,sit,373.4,1970.5,2634.0,0.0947,1,K,N,278.365
t03785,S16,IH1,sit,393.9,2049.5,2396.1,0.0892,1,B,L,294.62
t03786,S16,IH1,wind,409.5,1728.5,2655.5,0.1354,1,T,,261.72
t03787,S16,IH1,bit,423.0,1810.8,2472.8,0.1041,1,S,L,124.679
t03788,S16,IH1,bit,373.9,1828.5,2728.7,0.1129,1,,T,207.52
t03789,S16,IH1,bit,445.3,2126.1,2424.5,0.1341,1,K,P,220.391
t03790,S16,IH1,fill,459.4,2022.9,2283.4,0.0935,1,T,D,165.347
t03791,S16,IH1,sit,386.7,2045.0,2513.2,0.1034,1,K,D,188.812
t03792,S16,IH1,sit,436.4,1878.7,2559.6,0.0817,1,,,28.591
t03793,S16,IH1,bit,390.8,1946.1,2435.1,0.1833,1,T,N,176.218
t03794,S16,IH1,bit,463.6,1976.2,2479.5,0.1015,1,K,D,272.241
t03795,S16,IH1,sit,440.7,1897.4,2512.0,0.1686,1,,L,14.33
t03796,S16,IH1,kid,463.9,1906.1,2595.3,0.0777,1,K,N,43.284
t03797,S16,IH1,bit,417.4,2083.9,2526.7,0.0847,1,T,P,202.304
t03798,S16,IH1,bit,436.2,1859.6,2524.4,0.0964,1,S,T,76.408
t03799,S16,IH1,kid,447.8,2144.4,2523.1,0.1192,1,,L,3.603
t03800,S16,IH1,sit,425.8,1897.7,2436.9,0.1115,1,K,N,135.004
t03801,S16,EH1,then,640.7,1802.2,2367.8,0.1144,1,S,P,113.548
t03802,S16,EH1,bet,562.3,1796.6,2502.1,0.1174,1,K,D,20.794
t03803,S16,EH1,help,572.8,1783.2,2444.8,0.1199,1,F,L,84.837
t03804,S16,EH1,set,622.6,1649.9,2331.7,0.1284,1,T,D,257.567
t03805,S16,EH1,then,540.0,1886.2,2495.8,0.1152,1,F,D,103.25
t03806,S16,EH1,then,591.0,1862.5,2384.6,0.0715,1,S,L,200.005
t03807,S16,EH1,bed,595.5,1821.7,2558.4,0.0938,1,S,L,74.426
t03808,S16,EH1,then,515.0,1699.0,2232.7,0.1136,1,B,P,295.799
t03809,S16,EH1,help,562.1,1798.0,2318.4,0.1413,1,B,L,154.188
t03810,S16,EH1,set,578.9,1790.8,2313.9,0.0971,1,B,L,200.523
t03811,S16,EH1,then,578.4,1762.9,2455.7,0.1531,1,F,,76.342
t03812,S16,EH1,bet,617.8,1757.1,2380.6,0.1368,1,F,N,25.374
t03813,S16,EH1,bed,518.0,1818.4,2370.4,0.1207,1,F,D,145.29
t03814,S16,EH1,bed,524.0,1647.3,2520.4,0.1437,1,F,T,227.824
t03815,S16,EH1,then,532.0,1844.7,2392.5,0.1565,1,B,D,166.251
t03816,S16,EH1,bed,552.0,1962.1,2313.5,0.0591,1,T,L,51.226
t03817,S16,EH1,bed,610.7,1955.5,2384.0,0.1012,1,T,L,279.302
t03818,S16,EH1,bed,589.4,1682.4,2215.0,0.0819,1,F,D,247.588
t03819,S16,EH1,bed,627.5,1786.5,2424.5,0.0775,1,F,L,198.47
t03820,S16,EH1,bed,634.9,1675.3,2458.3,0.1063,1,T,N,2.723
t03821,S16,EH1,set,607.5,1853.0,2391.3,0.2086,1,F,N,140.389
t03822,S16,EH1,bet,588.1,1698.8,2542.2,0.0846,1,S,N,294.257
t03823,S16,EH1,help,539.6,1883.0,2379.5,0.0995,1,,N,158.028
t03824,S16,EH1,set,594.8,1884.3,2348.6,0.1123,1,,N,144.436
t03825,S16,EH1,bed,530.2,1704.4,2498.8,0.1598,1,B,L,174.628
t03826,S16,AE1,bat,663.0,1708.9,2489.0,0.1111,1,,,69.45
t03827,S16,AE1,bat,723.9,1642.5,2302.4,0.1085,1,F,,225.368
t03828,S16,AE1,man,751.6,1693.8,2261.3,0.0843,1,T,P,256.711
t03829,S16,AE1,bad,776.1,1768.6,2408.0,0.0833,1,F,,209.228
t03830,S16,AE1,man,685.4,1690.1,2394.6,0.1757,1,T,L,107.23
t03831,S16,AE1,sat,700.4,1697.1,2436.8,0.1418,1,S,P,273.668
t03832,S16,AE1,man,662.5,1594.3,2217.5,0.1695,1,K,L,193.485
t03833,S16,AE1,bat,772.1,1610.1,2361.3,0.1374,1,F,D,31.475
t03834,S16,AE1,man,757.3,1745.1,2279.3,0.1958,1,F,L,55.431
t03835,S16,AE1,sat,687.2,1722.8,2407.3,0.1493,1,S,,176.518
t03836,S16,AE1,sat,714.1,1644.5,2457.3,0.1634,1,,L,202.96
t03837,S16,AE1,bat,731.1,1691.6,2488.7,0.1473,1,F,T,175.246
t03838,S16,AE1,back,724.4,1658.7,2444.2,0.0442,1,S,L,224.279
t03839,S16,AE1,man,704.2,1716.7,2475.9,0.0752,1,T,N,3.466
t03840,S16,AE1,man,750.2,1869.0,2424.1,0.1114,1,S,P,186.65
t03841,S16,AE1,back,734.2,1661.3,2345.3,0.2437,1,T,P,27.358
t03842,S16,AE1,bat,742.5,1743.5,2177.6,0.0941,1,,T,31.122
t03843,S16,AE1,sat,711.2,1761.7,2371.3,0.1067,1,K,T,108.722
t03844,S16,AE1,man,708.5,1658.5,2452.3,0.0941,1,F,N,233.523
t03845,S16,AE1,sat,685.6,1687.5,2394.9,0.1731,1,S,L,119.36
t03846,S16,AE1,man,676.2,1788.0,2336.0,0.1172,1,F,,173.804
t03847,S16,AE1,bad,694.3,1770.0,2275.5,0.2126,1,F,L,149.352
t03848,S16,AE1,man,764.6,1598.8,2315.2,0.0787,1,S,L,289.964
t03849,S16,AE1,man,787.4,1579.4,2463.8,0.0559,1,,D,60.965
t03850,S16,AE1,man,674.2,1624.4,2367.2,0.1296,1,T,N,147.236
t03851,S16,AA1,father,779.1,1097.7,2344.0,0.1078,1,T,T,117.286
t03852,S16,AA1,pod,813.7,1202.6,2483.7,0.0879,1,S,D,279.577
t03853,S16,AA1,lock,778.9,1152.8,2501.7,0.166,1,,L,135.934
t03854,S16,AA1,cot,812.9,1096.8,2410.0,0.1334,1,B,,19.47
t03855,S16,AA1,pod,710.6,1128.7,2372.2,0.0871,1,S,,165.264
t03856,S16,AA1,father,777.4,1059.5,2537.8,0.178,1,F,,147.342
t03857,S16,AA1,bot,637.8,1003.1,2471.1,0.1305,1,T,D,117.313
t03858,S16,AA1,bot,764.0,1114.7,2583.9,0.0795,1,,P,165.252
t03859,S16,AA1,lock,741.5,1062.3,2354.9,0.1046,1,F,L,277.304
t03860,S16,AA1,pod,697.5,1152.6,2508.2,0.0435,1,F,T,141.532
t03861,S16,AA1,pod,762.5,1122.5,2457.7,0.1591,1,K,P,164.405
t03862,S16,AA1,father,744.3,1093.0,2597.9,0.1357,1,T,D,214.207
t03863,S16,AA1,pod,731.6,1133.4,2558.0,0.1256,1,B,L,12.619
t03864,S16,AA1,cot,674.9,1191.5,2249.9,0.1246,1,F,,292.744
t03865,S16,AA1,father,700.6,1067.4,2537.5,0.0984,1,,N,69.166
t03866,S16,AA1,bot,761.3,1055.9,2537.9,0.1202,1,F,L,205.853
t03867,S16,AA1,pod,765.7,1222.3,2405.5,0.1168,1,F,P,116.598
t03868,S16,AA1,pod,775.5,1029.0,2395.4,0.1248,1,S,D,163.181
t03869,S16,AA1,father,709.1,1050.4,2724.3,0.0961,1,,L,260.197
t03870,S16,AA1,father,734.2,1048.6,2245.0,0.1466,1,T,P,178.857
t03871,S16,AA1,pod,776.2,1125.4,2653.2,0.0772,1,K,N,38.336
t03872,S16,AA1,bot,798.2,1161.1,2442.6,0.1426,1,K,T,91.256
t03873,S16,AA1,father,666.1,1080.8,2383.4,0.0861,1,,L,267.985
t03874,S16,AA1,pod,765.4,1095.6,2528.0,0.079,1,T,P,77.766
t03875,S16,AA1,lock,732.2,1100.9,2493.4,0.1173,1,B,N,97.6
t03876,S16,AO1,talk,744.6,1033.7,2541.0,0.0815,1,B,,189.353
t03877,S16,AO1,talk,677.2,1098.0,2445.6,0.1025,1,,T,282.889
t03878,S16,AO1,dawn,765.2,1078.1,2567.4,0.124,1,,,57.416
t03879,S16,AO1,talk,692.6,1060.2,2382.3,0.0764,1,,N,111.293
t03880,S16,AO1,law,681.6,1079.4,2507.1,0.0792,1,F,,245.649
t03881,S16,AO1,law,760.5,1040.3,2350.0,0.1484,1,T,D,171.125
t03882,S16,AO1,bought,722.7,1070.6,2578.8,0.101,1,,,184.497
t03883,S16,AO1,caught,751.9,1037.9,2365.8,0.0953,1,K,L,24.751
t03884,S16,AO1,bought,703.6,1075.2,2564.1,0.0966,1,K,,173.288
t03885,S16,AO1,dawn,747.9,1102.8,2490.4,0.0964,1,T,T,239.533
t03886,S16,AO1,law,693.6,1015.0,2432.4,0.1005,1,B,P,65.21
t03887,S16,AO1,talk,661.7,1103.1,2522.4,0.0644,1,B,,92.378
t03888,S16,AO1,caught,638.5,1161.2,2587.5,0.1441,1,F,T,90.997
t03889,S16,AO1,law,819.7,1033.6,2605.8,0.0817,1,B,T,229.782
t03890,S16,AO1,talk,624.0,1105.4,2414.9,0.0794,1,,P,234.675
t03891,S16,AO1,caught,740.1,998.5,2325.2,0.1398,1,,P,278.83
t03892,S16,AO1,law,725.1,1004.8,2532.2,0.1147,1,,P,240.233
t03893,S16,AO1,dawn,608.5,1030.6,2636.8,0.0817,1,S,D,90.229
t03894,S16,AO1,bought,753.9,979.8,2396.8,0.0767,1,F,L,170.089
t03895,S16,AO1,dawn,719.9,1050.0,2314.0,0.1175,1,T,P,152.536
t03896,S16,AO1,bought,670.5,1042.7,2562.7,0.1146,1,F,L,72.509
t03897,S16,AO1,dawn,677.4,1144.8,2612.4,0.1175,1,F,D,154.165
t03898,S16,AO1,talk,634.7,1119.4,2606.3,0.2165,1,S,P,82.695
t03899,S16,AO1,dawn,721.6,1119.1,2540.0,0.1107,1,S,L,137.574
t03900,S16,AO1,caught,678.5,1097.5,2586.0,0.1681,1,T,N,164.447
t03901,S16,OW1,boat,507.9,936.1,2384.4,0.1071,1,S,T,133.632
t03902,S16,OW1,goat,459.8,1045.9,2316.9,0.1289,1,K,D,252.264
t03903,S16,OW1,goat,453.9,939.5,2257.8,0.1417,1,,N,242.656
t03904,S16,OW1,goat,484.5,986.8,2248.4,0.1497,1,T,L,126.661
t03905,S16,OW1,boat,485.5,976.5,2428.8,0.1323,1,,D,254.512
t03906,S16,OW1,boat,513.7,1086.3,2151.1,0.0534,1,,L,109.785
t03907,S16,OW1,code,461.1,972.1,2261.7,0.0606,1,S,,149.31
t03908,S16,OW1,goat,422.9,1021.0,2171.9,0.1246,1,F,,217.59
t03909,S16,OW1,road,438.8,1002.4,2363.0,0.1073,1,T,L,67.351
t03910,S16,OW1,know,486.6,907.7,2381.9,0.1203,1,,L,39.177
t03911,S16,OW1,goat,504.3,1011.1,2428.6,0.0957,1,,D,249.464
t03912,S16,OW1,boat,520.4,939.9,2467.0,0.1109,1,F,P,233.72
t03913,S16,OW1,boat,471.8,922.6,2242.1,0.1604,1,F,T,126.416
t03914,S16,OW1,goat,462.1,942.0,2252.5,0.1264,1,F,L,164.115
t03915,S16,OW1,goat,444.1,991.4,2432.9,0.1549,1,B,D,68.105
t03916,S16,OW1,road,493.6,887.3,2449.7,0.0554,1,K,T,183.666
t03917,S16,OW1,know,460.1,1064.7,2159.9,0.0635,1,,,165.291
t03918,S16,OW1,road,488.9,1007.7,2307.4,0.1554,1,S,N,73.391
t03919,S16,OW1,boat,470.4,900.9,2457.2,0.1203,1,K,N,208.097
t03920,S16,OW1,goat,490.1,939.7,2280.4,0.0926,1,T,,94.69
t03921,S16,OW1,goat,561.5,938.1,2225.7,0.1185,1,F,N,190.891
t03922,S16,OW1,road,551.0,963.7,2236.2,0.1942,1,B,N,200.917
t03923,S16,OW1,code,500.6,909.8,2242.0,0.213,1,S,,288.68
t03924,S16,OW1,code,512.6,974.7,2256.7,0.0782,1,T,P,85.335
t03925,S16,OW1,goat,460.6,1018.5,2212.1,0.2468,1,K,,275.512
t03926,S16,UW1,moon,350.7,1319.9,2301.0,0.1204,1,K,T,226.485
t03927,S16,UW1,moon,373.5,1433.6,2117.5,0.2051,1,K,,148.285
t03928,S16,UW1,two,329.7,1493.0,2317.8,0.1545,1,T,D,134.919
t03929,S16,UW1,two,351.7,1371.0,2263.5,0.0812,1,F,T,45.312
t03930,S16,UW1,two,344.9,1335.0,2327.0,0.0889,1,T,L,64.322
t03931,S16,UW1,moon,369.4,1262.4,2354.5,0.1954,1,,T,101.323
t03932,S16,UW1,boot,327.1,1169.9,2509.8,0.1165,1,F,T,100.967
t03933,S16,UW1,moon,357.1,1361.5,2068.9,0.146,1,F,D,104.798
t03934,S16,UW1,food,345.8,1411.8,2358.0,0.181,1,K,L,205.038
t03935,S16,UW1,two,362.0,1357.1,2283.0,0.0963,1,,,192.918
t03936,S16,UW1,two,318.9,1297.1,2286.2,0.1408,1,K,P,218.881
t03937,S16,UW1,boot,312.4,1487.8,2197.4,0.0929,1,K,P,69.339
t03938,S16,UW1,moon,383.8,1348.4,2247.7,0.0686,1,,,13.298
t03939,S16,UW1,two,322.1,1290.0,2323.5,0.082,1,B,N,161.275
t03940,S16,UW1,food,347.6,1391.5,2288.8,0.1149,1,,,84.585
t03941,S16,UW1,moon,339.9,1286.6,2259.1,0.11,1,S,D,140.493
t03942,S16,UW1,moon,307.8,1350.0,2240.3,0.1401,1,F,N,49.518
t03943,S16,UW1,moon,331.3,1432.1,2347.1,0.1034,1,T,,23.536
t03944,S16,UW1,two,407.0,1265.8,2497.6,0.1645,1,S,P,205.864
t03945,S16,UW1,boot,357.2,1429.6,2323.2,0.1754,1,,D,106.385
t03946,S16,UW1,moon,359.4,1312.0,2393.9,0.2103,1,K,D,199.963
t03947,S16,UW1,two,319.9,1381.4,2337.2,0.1132,1,F,L,155.65
t03948,S16,UW1,boot,340.1,1326.6,2334.8,0.1059,1,F,,279.185
t03949,S16,UW1,suit,371.1,1251.2,2461.5,0.1374,1,K,D,15.314
t03950,S16,UW1,boot,357.8,1395.7,2293.1,0.1391,1,K,,219.415
t03951,S16,AH1,mud,656.6,1335.0,2381.4,0.089,1,,N,127.138
t03952,S16,AH1,mud,643.1,1270.3,2456.8,0.0768,1,,D,43.396
t03953,S16,AH1,mud,709.7,1267.4,2453.2,0.1242,1,,,243.47
t03954,S16,AH1,love,574.9,1259.8,2366.9,0.1269,1,F,N,201.157
t03955,S16,AH1,cut,600.4,1336.4,2271.8,0.114,1,F,T,2.833
t03956,S16,AH1,sun,651.4,1103.9,2367.4,0.0888,1,K,P,215.738
t03957,S16,AH1,but,680.9,1340.3,2324.5,0.1421,1,S,L,136.234
t03958,S16,AH1,sun,685.1,1190.9,2538.4,0.1128,1,T,P,251.208
t03959,S16,AH1,love,637.3,1301.4,2455.7,0.0644,1,S,L,9.108
t03960,S16,AH1,but,619.1,1262.6,2386.6,0.1231,1,K,L,34.501
t03961,S16,AH1,cut,578.0,1235.9,2498.2,0.0665,1,B,N,155.704
t03962,S16,AH1,sun,634.5,1148.0,2312.2,0.1446,1,T,N,105.815
t03963,S16,AH1,but,709.7,1124.2,2378.2,0.1231,1,,T,139.206
t03964,S16,AH1,cut,666.2,1313.2,2284.9,0.1251,1,F,L,51.175
t03965,S16,AH1,sun,676.8,1159.0,2296.3,0.1427,1,K,N,132.631
t03966,S16,AH1,love,649.2,1298.6,2449.0,0.0829,1,,N,111.577
t03967,S16,AH1,but,719.7,1325.0,2532.4,0.0872,1,F,P,271.086
t03968,S16,AH1,love,725.1,1344.9,2368.5,0.109,1,B,P,170.301
t03969,S16,AH1,love,578.8,1191.9,2438.5,0.0952,1,F,D,74.293
t03970,S16,AH1,cut,712.5,1208.7,2230.4,0.0943,1,S,L,255.365
t03971,S16,AH1,cut,632.4,1226.3,2472.0,0.1484,1,K,N,133.369
t03972,S16,AH1,sun,636.3,1133.7,2488.8,0.1475,1,T,T,221.272
t03973,S16,AH1,but,727.1,1284.1,2340.1,0.0961,1,B,L,51.905
t03974,S16,AH1,but,680.7,1271.6,2330.7,0.0902,1,,P,105.166
t03975,S16,AH1,but,607.4,1320.1,2280.4,0.1249,1,T,P,58.283
t03976,S16,ER1,her,468.7,1388.1,1710.9,0.1743,1,,L,88.721
t03977,S16,ER1,her,508.2,1360.7,1776.8,0.1609,1,S,T,204.008
t03978,S16,ER1,hurt,485.6,1269.3,1769.6,0.1707,1,,L,135.645
t03979,S16,ER1,hurt,486.2,1371.5,1720.1,0.0948,1,B,L,197.773
t03980,S16,ER1,word,521.0,1288.8,1854.2,0.1622,1,B,,275.124
t03981,S16,ER1,bird,444.7,1358.4,1659.6,0.062,1,F,P,123.3
t03982,S16,ER1,her,512.1,1309.9,1572.8,0.2166,1,F,N,218.318
t03983,S16,ER1,learn,465.3,1366.0,1639.3,0.1643,1,B,L,273.668
t03984,S16,ER1,learn,471.4,1334.9,1677.5,0.0791,1,S,D,23.872
t03985,S16,ER1,learn,522.0,1363.4,1656.5,0.0894,1,S,P,114.375
t03986,S16,ER1,learn,487.9,1405.5,1799.7,0.1596,1,B,,288.239
t03987,S16,ER1,word,493.3,1304.4,1813.3,0.0959,1,S,T,4.248
t03988,S16,ER1,hurt,468.0,1380.3,1693.6,0.0727,1,T,D,273.305
t03989,S16,ER1,learn,474.0,1220.4,1687.4,0.0951,1,F,P,236.168
t03990,S16,ER1,word,444.4,1305.7,1691.5,0.0952,1,,N,267.89
t03991,S16,ER1,her,489.8,1202.9,1706.5,0.1183,1,S,T,60.481
t03992,S16,ER1,word,469.4,1455.8,1615.3,0.2082,1,B,N,280.97
t03993,S16,ER1,bird,467.1,1388.5,1569.2,0.1085,1,F,P,286.467
t03994,S16,ER1,word,475.5,1281.4,1693.0,0.1206,1,F,T,224.917
t03995,S16,ER1,her,519.9,1337.7,1703.3,0.1857,1,F,N,255.131
t03996,S16,ER1,her,491.7,1426.8,1683.2,0.1341,1,,D,226.001
t03997,S16,ER1,her,462.8,1252.5,1656.7,0.0808,1,T,N,60.435
t03998,S16,ER1,learn,576.3,1292.0,1752.7,0.1135,1,F,,63.729
t03999,S16,ER1,word,536.5,1347.8,1675.7,0.1209,1,,N,122.142
t04000,S16,ER1,hurt,465.8,1370.6,1601.8,0.0976,1,,D,166.98
t04001,S17,IY1,keep,298.6,2500.1,3003.9,0.1628,1,B,P,70.268
t04002,S17,IY1,keep,306.5,2169.1,3197.9,0.132,1,B,N,233.398
t04003,S17,IY1,keep,321.6,2410.0,2942.9,0.0551,1,S,,233.247
t04004,S17,IY1,feed,290.0,2534.7,3210.2,0.1023,1,K,L,3.911
t04005,S17,IY1,keep,326.5,2235.8,3299.8,0.1251,1,B,N,100.991
t04006,S17,IY1,beet,326.7,2434.2,3124.3,0.1491,1,F,,182.962
t04007,S17,IY1,team,310.9,2365.4,3024.0,0.1095,1,K,N,98.755
t04008,S17,IY1,team,311.6,2450.3,3044.4,0.1135,1,B,P,207.23
t04009,S17,IY1,seat,303.2,2429.6,3055.8,0.0631,1,T,T,98.257
t04010,S17,IY1,feed,319.2,2642.1,3284.2,0.1163,1,B,N,36.63
t04011,S17,IY1,team,318.2,2561.0,3199.8,0.0525,1,,P,2.876
t04012,S17,IY1,team,302.2,2401.0,3238.2,0.1058,1,S,L,58.654
t04013,S17,IY1,beet,309.7,2237.5,3192.7,0.089,1,S,T,21.081
t04014,S17,IY1,seat,329.3,2559.2,3061.0,0.0883,1,,L,229.465
t04015,S17,IY1,seat,329.9,2486.8,3299.2,0.1905,1,B,D,298.034
t04016,S17,IY1,feed,325.0,2515.2,3110.8,0.1236,1,K,D,128.563
t04017,S17,IY1,team,281.2,2416.5,3373.1,0.1275,1,B,T,215.284
t04018,S17,IY1,feed,312.5,2412.3,3190.4,0.1257,1,T,L,283.103
t04019,S17,IY1,keep,304.5,2239.8,3330.8,0.0849,1,T,D,242.947
t04020,S17,IY1,team,300.0,2249.1,3115.9,0.1059,1,S,T,23.976
t04021,S17,IY1,feed,343.9,2551.2,3157.5,0.1824,1,B,P,9.847
t04022,S17,IY1,feed,334.4,2471.6,3212.3,0.1244,1,,N,65.559
t04023,S17,IY1,team,349.0,2659.0,3047.2,0.092,1,S,,2.698
t04024,S17,IY1,seat,322.5,2458.7,2967.0,0.1085,1,F,N,125.363
t04025,S17,IY1,beet,307.4,2239.9,2935.3,0.0826,1,S,D,81.042
t04026,S17,IH1,bit,460.6,2300.8,2629.0,0.1295,1,F,,88.925
t04027,S17,IH1,wind,448.6,2137.4,2498.6,0.0735,1,,N,158.216
t04028,S17,IH1,bit,448.1,2217.7,2702.0,0.1053,1,,L,205.441
t04029,S17,IH1,fill,425.2,2176.3,2683.7,0.1578,1,F,N,55.945
t04030,S17,IH1,fill,471.8,2042.9,2523.3,0.086,1,T,P,169.12
t04031,S17,IH1,fill,416.8,1974.3,2595.0,0.1402,1,S,P,246.987
t04032,S17,IH1,bit,451.2,1967.7,2633.5,0.1716,1,T,N,144.394
t04033,S17,IH1,bit,417.4,2075.7,2724.4,0.1216,1,T,D,120.965
t04034,S17,IH1,kid,477.4,2102.1,2713.7,0.0858,1,S,T,43.433
t04035,S17,IH1,bit,426.7,2131.7,2705.4,0.1625,1,F,N,150.554
t04036,S17,IH1,bit,410.1,2132.9,2630.0,0.1199,1,K,N,143.687
t04037,S17,IH1,bit,459.3,2058.8,2651.8,0.111,1,,T,94.977
t04038,S17,IH1,bit,444.8,2223.9,2674.4,0.1032,1,K,N,42.237
t04039,S17,IH1,fill,468.4,2120.4,2664.4,0.0818,1,F,D,261.45
t04040,S17,IH1,wind,502.2,2028.5,2843.0,0.1176,1,F,L,182.689
t04041,S17,IH1,fill,481.7,2198.1,2843.8,0.1165,1,F,D,199.048
t04042,S17,IH1,fill,443.6,2103.6,2660.4,0.1043,1,B,D,130.123
t04043,S17,IH1,sit,465.2,2289.2,2574.2,0.0801,1,K,T,57.915
t04044,S17,IH1,bit,431.6,2169.0,2551.4,0.1281,1,K,P,72.359
t04045,S17,IH1,wind,419.1,2144.9,2834.4,0.1057,1,,,88.924
t04046,S17,IH1,kid,435.5,2149.4,2818.2,0.1397,1,S,T,188.882
t04047,S17,IH1,fill,441.4,2093.7,2610.7,0.1347,1,T,,264.796
t04048,S17,IH1,bit,504.2,2209.4,2702.6,0.079,1,,P,131.199
t04049,S17,IH1,kid,427.2,2120.3,2744.3,0.0685,1,S,T,69.966
t04050,S17,IH1,fill,446.8,2263.9,2730.2,0.1212,1,T,T,202.97
t04051,S17,EH1,help,621.8,1983.0,2737.8,0.0759,1,F,L,258.42
t04052,S17,EH1,help,638.7,2127.7,2726.6,0.0975,1,T,L,264.067
t04053,S17,EH1,set,685.3,1917.0,2623.5,0.1249,1,,,204.897
t04054,S17,EH1,bet,635.5,1926.1,2644.2,0.0993,1,T,D,115.363
t04055,S17,EH1,bet,626.0,1879.4,2520.2,0.1093,1,K,L,292.204
t04056,S17,EH1,help,621.4,1971.6,2702.5,0.0847,1,T,D,21.392
t04057,S17,EH1,set,655.0,1852.2,2698.7,0.1875,1,B,D,75.031
t04058,S17,EH1,then,604.4,2103.0,2621.5,0.1141,1,T,N,8.418
t04059,S17,EH1,set,589.7,1970.3,2448.7,0.1207,1,T,T,270.375
t04060,S17,EH1,bet,645.5,2099.4,2661.9,0.1488,1,B,T,224.218
t04061,S17,EH1,bed,632.5,1960.9,2653.0,0.1269,1,B,,13.206
t04062,S17,EH1,help,604.1,1954.6,2594.5,0.1058,1,B,T,182.08
t04063,S17,EH1,bet,568.3,2011.0,2898.4,0.1386,1,F,,285.767
t04064,S17,EH1,help,690.2,1763.9,2605.7,0.0815,1,,,11.74
t04065,S17,EH1,then,630.3,1909.7,2627.4,0.0589,1,,N,242.423
t04066,S17,EH1,set,636.0,1970.0,2882.2,0.1405,1,B,L,134.634
t04067,S17,EH1,set,708.1,1905.2,2472.1,0.1272,1,T,P,21.169
t04068,S17,EH1,set,594.9,1828.7,2794.8,0.1258,1,B,D,140.083
t04069,S17,EH1,set,559.6,1966.4,2646.8,0.1579,1,B,T,251.751
t04070,S17,EH1,then,587.5,1865.6,2616.5,0.0864,1,B,L,63.748
t04071,S17,EH1,bed,642.2,1997.5,2671.4,0.0789,1,B,N,89.026
t04072,S17,EH1,then,670.4,2040.6,2529.2,0.1365,1,K,T,256.395
t04073,S17,EH1,set,659.4,1902.6,2721.0,0.0758,1,T,T,138.346
t04074,S17,EH1,help,542.0,2012.8,2720.7,0.1246,1,B,T,277.416
t04075,S17,EH1,then,632.6,1861.6,2624.5,0.1587,1,S,N,230.219
t04076,S17,AE1,sat,677.0,1811.5,2643.2,0.0961,1,,P,236.648
t04077,S17,AE1,sat,763.2,1894.0,2691.3,0.0907,1,K,L,190.895
t04078,S17,AE1,back,944.4,1766.2,2598.2,0.1191,1,F,N,197.289
t04079,S17,AE1,bad,923.5,1998.2,2671.6,0.0839,1,,N,299.032
t04080,S17,AE1,bad,833.0,1692.1,2674.8,0.1502,1,,N,191.918
t04081,S17,AE1,sat,859.7,1927.2,2507.9,0.0796,1,F,T,132.9
t04082,S17,AE1,man,867.3,1655.1,2784.5,0.1103,1,B,P,65.488
t04083,S17,AE1,man,821.2,1771.9,2622.3,0.1468,1,T,T,125.348
t04084,S17,AE1,man,759.6,1984.0,2644.0,0.0794,1,S,N,260.836
t04085,S17,AE1,sat,823.7,1851.9,2517.1,0.1361,1,,N,15.42
t04086,S17,AE1,bad,680.1,1848.9,2344.1,0.1173,1,,P,186.123
t04087,S17,AE1,man,853.6,1862.9,2476.3,0.12,1,T,,227.955
t04088,S17,AE1,man,850.5,1936.9,2425.0,0.0981,1,T,,109.501
t04089,S17,AE1,sat,789.4,1953.2,2603.5,0.0835,1,K,N,27.25
t04090,S17,AE1,sat,745.0,1797.1,2518.1,0.0858,1,B,D,296.698
t04091,S17,AE1,bat,813.2,1918.0,2584.9,0.1142,1,T,L,283.936
t04092,S17,AE1,man,814.2,1852.4,2575.2,0.0946,1,,T,48.62
t04093,S17,AE1,back,759.9,1775.2,2662.8,0.0986,1,K,D,138.852
t04094,S17,AE1,back,804.8,1764.0,2619.4,0.1238,1,K,T,207.462
t04095,S17,AE1,bad,861.4,1812.0,2464.8,0.1088,1,K,,195.635
t04096,S17,AE1,man,765.9,1797.4,2381.7,0.1027,1,S,L,128.901
t04097,S17,AE1,bat,743.7,1949.2,2639.6,0.1007,1,F,P,246.451
t04098,S17,AE1,bad,829.1,1701.6,2522.4,0.1057,1,T,P,271.039
t04099,S17,AE1,bad,767.2,2022.6,2574.5,0.0907,1,T,N,174.498
t04100,S17,AE1,bad,850.5,2018.9,2733.1,0.1035,1,K,N,275.27
t04101,S17,AA1,cot,789.6,1316.2,2849.1,0.181,1,B,L,52.798
t04102,S17,AA1,bot,814.9,1263.9,2596.9,0.0786,1,B,,158.997
t04103,S17,AA1,bot,764.3,1251.6,2560.3,0.1023,1,T,T,5.693
t04104,S17,AA1,cot,803.9,1132.4,2796.8,0.1256,1,T,T,169.871
t04105,S17,AA1,pod,761.7,1208.4,2653.7,0.1553,1,T,L,138.768
t04106,S17,AA1,bot,844.4,1305.4,2605.9,0.0815,1,T,P,118.852
t04107,S17,AA1,father,859.7,1253.6,2618.7,0.0999,1,K,,116.935
t04108,S17,AA1,lock,819.0,1135.4,2673.8,0.0969,1,F,T,286.349
t04109,S17,AA1,pod,851.8,1221.3,2606.9,0.1228,1,B,T,227.807
t04110,S17,AA1,cot,823.0,1177.5,2926.6,0.1275,1,,T,50.492
t04111,S17,AA1,pod,815.0,1211.7,2704.9,0.0519,1,T,T,147.524
t04112,S17,AA1,pod,754.7,1166.2,2477.0,0.0851,1,T,,78.1
t04113,S17,AA1,cot,888.1,1182.0,2697.7,0.1027,1,S,T,45.898
t04114,S17,AA1,pod,760.7,1165.7,2757.1,0.0722,1,F,,78.507
t04115,S17,AA1,cot,871.1,1180.4,2747.6,0.1101,1,F,L,111.327
t04116,S17,AA1,pod,718.2,1198.0,2928.3,0.1629,1,S,T,12.478
t04117,S17,AA1,cot,776.5,1210.2,2517.6,0.0877,1,F,T,239.345
t04118,S17,AA1,bot,763.1,1193.2,2399.8,0.1002,1,S,D,84.812
t04119,S17,AA1,bot,734.2,1229.6,2706.6,0.1093,1,F,L,272.871
t04120,S17,AA1,cot,749.3,1265.2,2597.3,0.1644,1,,P,249.43
t04121,S17,AA1,bot,876.9,1309.6,2560.1,0.1359,1,,D,212.276
t04122,S17,AA1,bot,820.7,1267.7,2611.7,0.2008,1,,N,95.649
t04123,S17,AA1,father,880.3,1213.1,2681.4,0.1173,1,B,L,11.163
t04124,S17,AA1,cot,841.5,1297.1,2909.2,0.1103,1,F,D,140.071
t04125,S17,AA1,lock,837.5,1181.5,2544.7,0.1407,1,B,,13.143
t04126,S17,AO1,law,744.3,1192.7,2644.8,0.0694,1,K,P,99.454
t04127,S17,AO1,caught,752.1,1187.5,2650.5,0.1126,1,F,P,286.114
t04128,S17,AO1,law,742.9,1124.7,2876.8,0.127,1,,P,219.162
t04129,S17,AO1,talk,756.0,1266.8,2849.2,0.1278,1,,N,34.503
t04130,S17,AO1,talk,829.5,1279.8,2605.7,0.0675,1,B,P,145.354
t04131,S17,AO1,dawn,789.8,1129.8,2787.7,0.1222,1,,D,220.92
t04132,S17,AO1,dawn,823.4,1197.7,2796.1,0.131,1,F,L,47.178
t04133,S17,AO1,caught,732.5,1126.3,2876.3,0.1674,1,S,P,231.68
t04134,S17,AO1,talk,812.0,1189.1,2792.3,0.125,1,S,L,297.583
t04135,S17,AO1,dawn,867.5,1157.7,2693.5,0.0843,1,F,P,175.793
t04136,S17,AO1,talk,831.2,1274.7,2836.6,0.1493,1,K,P,260.728
t04137,S17,AO1,dawn,720.5,1236.0,2671.0,0.0744,1,T,D,86.044
t04138,S17,AO1,talk,808.5,1207.5,2919.1,0.13,1,B,P,217.081
t04139,S17,AO1,dawn,684.8,1253.8,2609.3,0.1509,1,T,N,128.804
t04140,S17,AO1,dawn,733.1,1161.4,2843.6,0.0768,1,S,,182.718
t04141,S17,AO1,caught,825.5,1263.2,2806.4,0.0834,1,S,L,137.547
t04142,S17,AO1,law,699.3,1002.7,2691.1,0.1198,1,S,D,2.827
t04143,S17,AO1,caught,763.5,1193.8,2716.5,0.092,1,K,L,1.014
t04144,S17,AO1,talk,784.6,1167.2,2802.3,0.0981,1,B,,19.038
t04145,S17,AO1,talk,812.4,1016.2,2817.5,0.1661,1,T,D,160.157
t04146,S17,AO1,caught,772.6,1161.5,2639.0,0.0848,1,S,L,187.235
t04147,S17,AO1,dawn,744.8,1142.5,2760.1,0.1157,1,B,,98.303
t04148,S17,AO1,caught,750.8,1223.3,3019.4,0.0976,1,S,N,10.444
t04149,S17,AO1,talk,799.9,1263.7,2663.1,0.0745,1,T,L,7.652
t04150,S17,AO1,talk,776.0,1161.4,2747.7,0.0814,1,,N,27.833
t04151,S17,OW1,know,501.6,1004.2,2460.3,0.1167,1,S,,186.843
t04152,S17,OW1,goat,524.4,1110.0,2533.1,0.0885,1,K,P,58.139
t04153,S17,OW1,code,534.6,1130.9,2509.7,0.1443,1,B,,118.295
t04154,S17,OW1,road,543.6,1045.8,2569.5,0.105,1,K,L,147.505
t04155,S17,OW1,know,497.5,1135.0,2484.2,0.0641,1,,,293.9
t04156,S17,OW1,know,533.0,1086.3,2632.5,0.0921,1,K,,163.125
t04157,S17,OW1,code,561.6,1149.8,2599.0,0.1524,1,S,,109.019
t04158,S17,OW1,code,531.2,1066.5,2622.3,0.1208,1,S,D,287.115
t04159,S17,OW1,code,516.6,1040.7,2596.7,0.0947,1,T,N,53.812
t04160,S17,OW1,goat,492.3,1123.0,2392.5,0.1629,1,S,T,169.935
t04161,S17,OW1,boat,453.3,1088.4,2592.5,0.1477,1,,L,296.303
t04162,S17,OW1,boat,567.6,1091.8,2819.6,0.1078,1,B,D,269.889
t04163,S17,OW1,know,548.4,1004.6,2619.0,0.1446,1,T,N,162.558
t04164,S17,OW1,goat,545.6,1009.1,2677.5,0.0647,1,F,P,121.444
t04165,S17,OW1,code,489.3,1014.5,2496.9,0.0855,1,,L,46.279
t04166,S17,OW1,goat,492.9,1107.4,2483.9,0.1385,1,B,D,219.14
t04167,S17,OW1,goat,471.3,1102.0,2651.3,0.1271,1,T,L,206.705
t04168,S17,OW1,road,540.2,1053.9,2531.2,0.1082,1,,N,46.493
t04169,S17,OW1,goat,555.1,1068.3,2646.0,0.1112,1,T,D,114.527
t04170,S17,OW1,code,518.3,1050.0,2652.4,0.1275,1,S,,234.132
t04171,S17,OW1,boat,549.7,1045.9,2580.9,0.1383,1,T,D,197.718
t04172,S17,OW1,know,561.6,1119.6,2661.4,0.1174,1,S,L,107.433
t04173,S17,OW1,goat,591.6,1105.0,2420.2,0.1187,1,S,T,290.467
t04174,S17,OW1,boat,521.2,1083.9,2435.7,0.0576,1,,P,44.974
t04175,S17,OW1,boat,455.6,1058.9,2570.8,0.1348,1,F,P,117.959
t04176,S17,UW1,suit,399.7,1432.9,2555.7,0.0747,1,S,T,238.473
t04177,S17,UW1,boot,391.5,1422.5,2540.1,0.1358,1,F,N,106.39
t04178,S17,UW1,two,411.8,1405.0,2508.9,0.1923,1,B,,178.393
t04179,S17,UW1,two,390.0,1531.9,2486.8,0.1286,1,S,N,129.845
t04180,S17,UW1,boot,413.3,1410.4,2591.9,0.1896,1,,L,203.614
t04181,S17,UW1,two,399.4,1364.1,2476.6,0.0777,1,F,D,232.639
t04182,S17,UW1,food,401.9,1395.5,2497.3,0.0602,1,B,N,116.296
t04183,S17,UW1,suit,358.3,1531.1,2531.4,0.0962,1,K,N,292.729
t04184,S17,UW1,moon,390.5,1442.6,2659.0,0.0673,1,K,,70.697
t04185,S17,UW1,suit,380.1,1444.6,2439.3,0.0598,1,B,N,7.981
t04186,S17,UW1,food,367.9,1464.1,2526.4,0.1083,1,B,P,119.562
t04187,S17,UW1,two,381.5,1429.6,2565.2,0.1236,1,,L,296.406
t04188,S17,UW1,two,405.6,1392.4,2420.9,0.0986,1,K,P,243.308
t04189,S17,UW1,moon,382.2,1510.8,2204.0,0.075,1,S,L,46.941
t04190,S17,UW1,food,370.5,1519.4,2431.2,0.1032,1,B,,184.389
t04191,S17,UW1,two,359.2,1460.4,2511.5,0.0777,1,T,N,253.783
t04192,S17,UW1,two,448.5,1410.6,2448.5,0.0803,1,F,T,43.025
t04193,S17,UW1,food,343.3,1502.8,2595.4,0.194,1,F,L,272.734
t04194,S17,UW1,suit,417.2,1456.9,2455.0,0.1224,1,F,L,8.582
t04195,S17,UW1,boot,393.8,1469.1,2661.1,0.0738,1,S,P,58.65
t04196,S17,UW1,moon,378.2,1376.8,2429.9,0.1557,1,T,P,200.921
t04197,S17,UW1,two,394.8,1529.7,2447.6,0.0962,1,F,P,166.298
t04198,S17,UW1,suit,413.7,1459.7,2444.5,0.174,1,T,L,11.559
t04199,S17,UW1,two,355.9,1507.2,2659.1,0.1524,1,T,N,214.92
t04200,S17,UW1,boot,378.3,1467.6,2580.1,0.0647,1,T,P,38.595
t04201,S17,AH1,but,745.1,1445.5,2634.9,0.1842,1,K,,236.329
t04202,S17,AH1,mud,749.6,1327.7,2634.9,0.0941,1,K,D,231.047
t04203,S17,AH1,love,685.3,1354.2,2817.9,0.0949,1,K,P,198.697
t04204,S17,AH1,cut,692.8,1457.8,2433.8,0.1129,1,,P,166.365
t04205,S17,AH1,love,674.4,1398.0,2685.5,0.0661,1,S,,18.273
t04206,S17,AH1,sun,695.3,1448.7,2700.6,0.161,1,S,T,236.111
t04207,S17,AH1,but,776.3,1316.1,2563.4,0.1836,1,B,L,103.948
t04208,S17,AH1,sun,748.8,1517.0,2602.2,0.1221,1,K,T,142.888
t04209,S17,AH1,but,671.6,1290.2,2343.8,0.078,1,B,T,85.809
t04210,S17,AH1,but,704.6,1512.8,2578.2,0.089,1,,D,205.898
t04211,S17,AH1,sun,699.0,1245.8,2624.6,0.0858,1,F,L,145.19
t04212,S17,AH1,sun,774.7,1452.4,2650.6,0.1215,1,T,P,8.061
t04213,S17,AH1,sun,721.2,1347.5,2454.4,0.1034,1,F,,283.879
t04214,S17,AH1,mud,679.9,1466.0,2736.3,0.1007,1,S,P,152.213
t04215,S17,AH1,cut,701.6,1300.6,2798.6,0.0814,1,F,N,60.729
t04216,S17,AH1,mud,772.7,1391.2,2555.4,0.0778,1,F,P,194.254
t04217,S17,AH1,cut,750.8,1442.7,2693.1,0.082,1,,N,100.897
t04218,S17,AH1,love,734.5,1414.0,2730.1,0.1552,1,S,,156.891
t04219,S17,AH1,sun,707.2,1194.0,2508.3,0.1433,1,S,P,268.692
t04220,S17,AH1,mud,732.7,1448.7,2594.6,0.1062,1,B,D,100.492
t04221,S17,AH1,cut,733.3,1412.3,2552.3,0.0891,1,K,D,234.012
t04222,S17,AH1,but,645.6,1352.3,2761.0,0.1445,1,S,,119.204
t04223,S17,AH1,love,712.2,1305.8,2462.3,0.1406,1,K,T,77.374
t04224,S17,AH1,sun,721.6,1440.0,2644.7,0.105,1,F,L,291.446
t04225,S17,AH1,love,718.8,1373.3,2407.3,0.0956,1,T,D,70.569
t04226,S17,ER1,learn,505.1,1569.3,1805.1,0.0939,1,K,N,170.219
t04227,S17,ER1,hurt,514.6,1550.7,1821.8,0.0591,1,T,P,211.249
t04228,S17,ER1,bird,480.9,1490.8,1699.0,0.1989,1,,D,275.078
t04229,S17,ER1,word,552.4,1411.3,1835.2,0.0641,1,K,L,204.88
t04230,S17,ER1,word,581.7,1533.2,1765.1,0.1279,1,F,D,91.706
t04231,S17,ER1,bird,537.1,1529.6,1783.7,0.1476,1,S,D,280.683
t04232,S17,ER1,hurt,527.3,1599.1,1943.5,0.1374,1,F,P,12.686
t04233,S17,ER1,learn,471.6,1538.5,1904.1,0.0722,1,,N,100.487
t04234,S17,ER1,bird,496.1,1382.6,1770.7,0.0782,1,F,T,169.859
t04235,S17,ER1,her,580.3,1513.9,1893.0,0.091,1,K,D,204.315
t04236,S17,ER1,bird,543.9,1510.5,1860.6,0.1675,1,T,P,100.28
t04237,S17,ER1,learn,564.7,1458.1,1930.0,0.1099,1,K,N,245.146
t04238,S17,ER1,hurt,555.9,1563.6,1722.0,0.121,1,K,,244.904
t04239,S17,ER1,hurt,502.3,1466.5,1793.2,0.1472,1,,P,181.131
t04240,S17,ER1,hurt,562.3,1477.9,1842.6,0.0696,1,T,,192.52
t04241,S17,ER1,word,481.9,1424.2,1778.0,0.149,1,F,D,147.322
t04242,S17,ER1,learn,513.1,1571.6,1880.0,0.0681,1,T,,244.45
t04243,S17,ER1,learn,532.9,1490.2,1976.9,0.1134,1,K,N,71.108
t04244,S17,ER1,her,543.2,1518.5,1889.3,0.146,1,T,L,13.498
t04245,S17,ER1,bird,566.2,1418.6,1837.6,0.1069,1,T,D,117.124
t04246,S17,ER1,word,533.9,1522.4,1829.5,0.092,1,K,P,268.277
t04247,S17,ER1,word,467.6,1463.7,1861.6,0.0841,1,K,T,159.088
t04248,S17,ER1,learn,490.5,1355.6,1922.6,0.0874,1,,L,211.076
t04249,S17,ER1,word,564.8,1532.9,1837.7,0.1879,1,S,N,259.958
t04250,S17,ER1,word,480.0,1551.4,1960.7,0.1043,1,T,L,132.699
t04251,S18,IY1,feed,294.8,2377.3,3042.4,0.1202,1,B,D,103.846
t04252,S18,IY1,keep,303.0,2122.4,2910.1,0.0939,1,F,T,207.142
t04253,S18,IY1,beet,342.6,2228.2,3016.9,0.1065,1,,T,126.724
t04254,S18,IY1,keep,302.4,1991.3,3144.5,0.0808,1,B,D,77.995
t04255,S18,IY1,seat,283.2,2349.1,2923.4,0.1063,1,K,T,232.223
t04256,S18,IY1,seat,335.0,2162.6,3158.9,0.0697,1,B,N,117.695
t04257,S18,IY1,keep,328.3,2278.7,3176.5,0.1066,1,F,L,49.464
t04258,S18,IY1,beet,251.6,2425.3,3073.0,0.2008,1,S,N,236.077
t04259,S18,IY1,beet,303.4,2359.2,2857.5,0.1529,1,K,D,14.109
t04260,S18,IY1,feed,345.2,2243.7,3094.8,0.0924,1,,,230.969
t04261,S18,IY1,seat,315.8,2483.5,3166.2,0.1082,1,,P,188.427
t04262,S18,IY1,team,337.1,2423.1,2920.3,0.1384,1,B,D,49.744
t04263,S18,IY1,feed,322.7,2327.4,2989.8,0.1552,1,K,D,241.857
t04264,S18,IY1,feed,298.9,2013.2,2822.5,0.141,1,T,T,18.991
t04265,S18,IY1,keep,278.9,2229.3,3144.3,0.0829,1,B,L,142.15
t04266,S18,IY1,team,293.3,2171.5,2946.9,0.0804,1,T,T,218.57
t04267,S18,IY1,seat,297.7,2468.5,2995.1,0.1135,1,B,D,184.817
t04268,S18,IY1,beet,321.5,2301.1,3050.5,0.1103,1,F,T,287.146
t04269,S18,IY1,feed,286.9,2337.0,3021.3,0.1302,1,F,T,283.659
t04270,S18,IY1,team,266.1,2102.9,3065.4,0.0984,1,F,N,113.002
t04271,S18,IY1,seat,282.2,2464.3,2972.6,0.0956,1,S,L,221.198
t04272,S18,IY1,team,279.3,2187.1,3181.3,0.1379,1,K,D,212.031
t04273,S18,IY1,keep,328.7,2307.3,3118.6,0.0976,1,F,L,60.058
t04274,S18,IY1,seat,299.6,2236.0,2909.3,0.1072,1,S,N,115.68
t04275,S18,IY1,seat,346.3,2373.4,3018.7,0.1243,1,F,D,74.88
t04276,S18,IH1,bit,461.7,1814.7,2521.2,0.0775,1,F,D,88.49
t04277,S18,IH1,sit,411.0,1882.4,2615.8,0.1134,1,T,,17.394
t04278,S18,IH1,fill,446.6,1916.3,2662.8,0.0766,1,K,N,69.412
t04279,S18,IH1,wind,375.2,2098.8,2631.8,0.1287,1,S,T,161.161
t04280,S18,IH1,fill,425.9,1939.0,2587.9,0.0839,1,K,,114.68
t04281,S18,IH1,kid,454.2,2071.7,2563.7,0.1716,1,K,,228.174
t04282,S18,IH1,fill,391.8,1833.2,2573.8,0.1369,1,,,119.367
t04283,S18,IH1,kid,453.4,2045.0,2570.4,0.1101,1,B,P,63.349
t04284,S18,IH1,sit,377.9,2077.1,2448.1,0.2306,1,B,,278.879
t04285,S18,IH1,fill,401.9,1937.3,2647.2,0.0876,1,F,,23.669
t04286,S18,IH1,wind,451.9,2091.5,2700.3,0.0796,1,F,D,238.566
t04287,S18,IH1,sit,410.0,1925.0,2550.8,0.1048,1,,,277.574
t04288,S18,IH1,wind,424.9,1837.5,2741.8,0.064,1,B,D,224.57
t04289,S18,IH1,wind,422.5,1818.0,2418.8,0.1493,1,,D,81.855
t04290,S18,IH1,bit,453.2,2104.2,2579.1,0.1193,1,T,P,281.084
t04291,S18,IH1,bit,465.1,2029.2,2364.7,0.123,1,B,T,5.203
t04292,S18,IH1,bit,427.1,1988.1,2638.1,0.1058,1,S,P,21.956
t04293,S18,IH1,fill,436.2,2037.9,2593.1,0.101,1,K,D,130.907
t04294,S18,IH1,fill,456.5,2060.0,2716.9,0.2417,1,,L,245.344
t04295,S18,IH1,bit,385.3,1822.6,2675.5,0.0962,1,K,P,124.999
t04296,S18,IH1,fill,379.9,1868.1,2563.8,0.1236,1,F,D,115.502
t04297,S18,IH1,wind,427.0,1931.9,2620.4,0.0739,1,K,P,130.076
t04298,S18,IH1,kid,430.1,2064.5,2501.5,0.0945,1,S,,96.49
t04299,S18,IH1,wind,456.8,1888.7,2675.0,0.0979,1,S,,150.158
t04300,S18,IH1,wind,402.8,1897.3,2515.5,0.0788,1,F,N,248.595
t04301,S18,EH1,bet,616.9,1937.4,2329.6,0.1435,1,F,,42.317
t04302,S18,EH1,bet,572.0,1951.5,2530.8,0.1137,1,B,,284.945
t04303,S18,EH1,help,678.1,1961.4,2419.2,0.1453,1,T,,132.225
t04304,S18,EH1,then,633.5,1746.3,2486.3,0.1344,1,K,N,193.877
t04305,S18,EH1,bet,691.5,2007.8,2567.4,0.0893,1,S,,49.384
t04306,S18,EH1,then,649.5,1751.9,2611.9,0.12,1,S,D,72.35
t04307,S18,EH1,bed,659.8,1880.2,2639.9,0.0949,1,B,N,275.724
t04308,S18,EH1,bet,521.6,1901.2,2418.7,0.1575,1,,T,135.165
t04309,S18,EH1,set,596.6,1953.5,2512.5,0.1215,1,T,D,216.801
t04310,S18,EH1,help,611.1,2011.5,2382.4,0.1917,1,,D,213.451
t04311,S18,EH1,then,577.7,1769.9,2506.5,0.0947,1,F,,111.194
t04312,S18,EH1,bed,618.2,1804.8,2535.2,0.0894,1,,,253.796
t04313,S18,EH1,set,545.3,1872.6,2576.0,0.1301,1,T,D,169.44
t04314,S18,EH1,help,649.0,1912.1,2231.1,0.1236,1,F,N,31.813
t04315,S18,EH1,set,568.8,1672.3,2530.5,0.1209,1,F,,164.791
t04316,S18,EH1,then,631.3,1529.4,2608.3,0.1261,1,K,T,61.517
t04317,S18,EH1,bet,513.0,2005.9,2436.2,0.084,1,B,P,82.583
t04318,S18,EH1,bed,562.5,1675.4,2449.6,0.1138,1,T,P,222.924
t04319,S18,EH1,then,629.3,2032.0,2645.3,0.0487,1,F,L,149.882
t04320,S18,EH1,bed,635.9,1886.1,2408.1,0.1402,1,,T,34.998
t04321,S18,EH1,bet,588.1,1994.7,2531.1,0.0795,1,,,226.473
t04322,S18,EH1,help,661.2,1748.3,2389.4,0.0842,1,F,N,11.97
t04323,S18,EH1,then,621.7,1819.5,2519.8,0.0947,1,B,,17.24
t04324,S18,EH1,then,622.6,1783.5,2539.3,0.1455,1,T,L,228.553
t04325,S18,EH1,bed,567.1,1933.1,2735.8,0.1242,1,,D,27.64
t04326,S18,AE1,back,716.1,1661.2,2539.2,0.0982,1,T,P,104.812
t04327,S18,AE1,man,740.2,1621.3,2501.4,0.2193,1,S,T,63.37
t04328,S18,AE1,sat,782.5,1806.1,2694.5,0.0895,1,F,T,216.806
t04329,S18,AE1,bat,803.4,1767.1,2367.1,0.1195,1,S,D,30.53
t04330,S18,AE1,back,696.3,1760.7,2548.4,0.0647,1,K,T,231.793
t04331,S18,AE1,bat,785.0,1732.2,2385.7,0.1233,1,T,,224.779
t04332,S18,AE1,man,773.1,1811.8,2586.9,0.0875,1,K,P,108.028
t04333,S18,AE1,sat,674.9,1684.2,2551.8,0.1423,1,,T,276.643
t04334,S18,AE1,bat,706.5,1681.4,2395.6,0.2268,1,F,N,97.443
t04335,S18,AE1,bat,694.1,1862.8,2593.4,0.2197,1,S,,234.781
t04336,S18,AE1,bad,844.3,1959.4,2474.4,0.1233,1,F,N,226.963
t04337,S18,AE1,sat,705.6,1729.2,2528.5,0.1031,1,T,P,108.61
t04338,S18,AE1,sat,685.1,1688.2,2454.8,0.1375,1,S,N,24.49
t04339,S18,AE1,bad,774.6,1817.8,2548.6,0.0995,1,T,,34.907
t04340,S18,AE1,sat,805.1,1787.7,2482.8,0.1335,1,,T,2.93
t04341,S18,AE1,back,776.0,1761.1,2505.4,0.067,1,S,N,49.926
t04342,S18,AE1,back,675.4,1769.7,2384.3,0.1101,1,S,L,19.664
t04343,S18,AE1,back,701.9,1752.7,2422.6,0.1659,1,T,P,153.374
t04344,S18,AE1,bat,744.3,1755.7,2521.6,0.1146,1,F,N,213.291
t04345,S18,AE1,man,783.1,1761.4,2524.2,0.0804,1,B,,204.404
t04346,S18,AE1,back,716.1,1697.8,2451.8,0.067,1,K,L,15.982
t04347,S18,AE1,man,721.5,1710.6,2316.0,0.099,1,T,L,240.947
t04348,S18,AE1,bat,777.5,1688.7,2546.6,0.1398,1,K,T,272.755
t04349,S18,AE1,bat,715.1,1857.1,2521.5,0.1375,1,F,L,212.27
t04350,S18,AE1,back,734.6,1751.1,2482.7,0.103,1,T,,231.287
t04351,S18,AA1,lock,853.7,1225.2,2539.3,0.1454,1,F,T,189.387
t04352,S18,AA1,father,722.1,1194.1,2694.5,0.0796,1,B,D,273.818
t04353,S18,AA1,pod,824.4,1189.0,2701.9,0.1412,1,B,N,210.899
t04354,S18,AA1,cot,746.4,1113.5,2666.5,0.1257,1,,T,198.496
t04355,S18,AA1,bot,722.7,1152.9,2319.0,0.0838,1,T,T,226.828
t04356,S18,AA1,lock,735.1,1105.1,2605.5,0.1508,1,S,D,225.539
t04357,S18,AA1,father,803.6,1154.4,2664.6,0.0824,1,,N,192.938
t04358,S18,AA1,pod,762.3,1235.9,2692.7,0.1315,1,K,,58.648
t04359,S18,AA1,cot,798.7,1044.2,2497.1,0.1084,1,B,P,200.546
t04360,S18,AA1,bot,723.9,1089.6,2348.8,0.2183,1,T,,83.213
t04361,S18,AA1,pod,704.6,1136.9,2755.7,0.1006,1,S,D,4.893
t04362,S18,AA1,bot,770.5,1135.9,2642.2,0.0885,1,K,P,248.514
t04363,S18,AA1,father,820.5,1191.2,2387.7,0.18,1,F,T,160.477
t04364,S18,AA1,pod,776.5,1172.6,2827.5,0.133,1,,P,269.886
t04365,S18,AA1,lock,720.7,1132.2,2735.0,0.0822,1,,N,158.257
t04366,S18,AA1,lock,744.1,1123.1,2517.9,0.1334,1,T,,246.003
t04367,S18,AA1,lock,741.3,1211.1,2571.9,0.1139,1,T,P,228.342
t04368,S18,AA1,bot,627.5,1141.5,2656.6,0.0687,1,S,P,31.972
t04369,S18,AA1,lock,756.9,1167.6,2522.9,0.1478,1,K,P,137.05
t04370,S18,AA1,bot,797.9,1177.6,2567.0,0.1139,1,F,D,173.163
t04371,S18,AA1,bot,755.6,1283.0,2518.4,0.1073,1,B,,94.189
t04372,S18,AA1,father,811.3,1025.0,2556.7,0.1117,1,K,,98.046
t04373,S18,AA1,pod,797.2,1106.0,2392.8,0.0764,1,B,T,38.65
t04374,S18,AA1,father,834.9,1105.7,2580.9,0.1426,1,T,D,234.247
t04375,S18,AA1,pod,810.6,1161.0,2502.1,0.1492,1,,N,165.555
t04376,S18,AO1,bought,709.7,1086.0,2743.9,0.1434,1,,N,274.234
t04377,S18,AO1,bought,809.3,1189.0,2509.9,0.0962,1,S,P,97.713
t04378,S18,AO1,dawn,771.8,1147.5,2736.1,0.11,1,,N,139.178
t04379,S18,AO1,talk,692.6,1113.5,2591.9,0.1265,1,F,T,107.165
t04380,S18,AO1,dawn,684.2,1207.5,2578.7,0.2161,1,,P,37.122
t04381,S18,AO1,talk,783.1,1036.5,2639.3,0.0527,1,F,,145.174
t04382,S18,AO1,bought,746.7,1144.8,2690.3,0.0721,1,T,N,237.13
t04383,S18,AO1,dawn,747.1,1094.0,2565.7,0.1627,1,T,,57.939
t04384,S18,AO1,caught,683.3,1114.5,2803.8,0.1197,1,K,N,258.074
t04385,S18,AO1,law,787.6,1200.7,2655.2,0.0928,1,F,T,253.736
t04386,S18,AO1,caught,782.2,1164.4,2535.9,0.0683,1,T,L,284.907
t04387,S18,AO1,dawn,745.4,1217.0,2629.4,0.1563,1,F,P,14.408
t04388,S18,AO1,talk,711.3,1164.3,2663.3,0.0689,1,,,108.661
t04389,S18,AO1,dawn,703.5,1080.5,2584.4,0.1531,1,K,L,238.352
t04390,S18,AO1,bought,780.0,1144.8,2701.8,0.1189,1,S,T,255.463
t04391,S18,AO1,bought,713.7,1129.2,2871.7,0.1753,1,F,T,147.144
t04392,S18,AO1,bought,843.7,1161.6,2583.9,0.1236,1,K,T,36.573
t04393,S18,AO1,bought,770.7,1169.4,2545.0,0.0688,1,F,N,186.41
t04394,S18,AO1,talk,786.4,1124.5,2495.5,0.0926,1,S,,159.394
t04395,S18,AO1,bought,730.6,1200.2,2727.0,0.144,1,T,L,267.963
t04396,S18,AO1,bought,719.3,1119.9,2784.5,0.1124,1,K,,51.945
t04397,S18,AO1,law,718.3,1227.3,2526.8,0.0549,1,S,L,290.34
t04398,S18,AO1,bought,743.7,1166.3,2710.5,0.0976,1,S,P,165.994
t04399,S18,AO1,bought,725.4,1168.8,2658.3,0.1425,1,B,T,194.883
t04400,S18,AO1,bought,730.7,1150.1,2601.0,0.1125,1,B,T,130.784
t04401,S18,OW1,know,476.8,1069.4,2599.6,0.1068,1,,N,16.124
t04402,S18,OW1,boat,470.7,985.7,2365.8,0.1164,1,F,,34.538
t04403,S18,OW1,know,470.5,944.7,2607.2,0.0955,1,T,P,9.834
t04404,S18,OW1,code,507.7,1071.3,2405.2,0.1534,1,S,D,135.28
t04405,S18,OW1,boat,579.0,1122.7,2349.5,0.0979,1,S,D,17.816
t04406,S18,OW1,boat,456.7,1005.0,2492.0,0.101,1,T,N,163.32
t04407,S18,OW1,goat,522.9,1031.8,2454.2,0.0851,1,B,L,242.629
t04408,S18,OW1,road,574.8,996.6,2548.6,0.1227,1,B,T,54.364
t04409,S18,OW1,boat,496.8,899.3,2409.4,0.0563,1,F,N,8.059
t04410,S18,OW1,boat,519.8,1102.7,2559.4,0.0885,1,F,D,220.391
t04411,S18,OW1,goat,500.6,1037.8,2495.1,0.0905,1,F,L,181.923
t04412,S18,OW1,code,502.6,991.6,2622.6,0.1813,1,B,D,144.767
t04413,S18,OW1,boat,501.0,1044.4,2476.1,0.1301,1,B,L,59.851
t04414,S18,OW1,road,524.3,1102.4,2338.2,0.1092,1,T,D,176.681
t04415,S18,OW1,code,477.0,1023.7,2447.4,0.1086,1,B,L,161.761
t04416,S18,OW1,road,512.4,925.9,2595.4,0.084,1,B,T,153.112
t04417,S18,OW1,boat,451.0,1099.6,2531.0,0.1307,1,F,D,82.871
t04418,S18,OW1,code,442.6,1020.7,2427.3,0.1591,1,B,P,94.445
t04419,S18,OW1,boat,569.7,982.5,2561.9,0.1101,1,S,N,81.416
t04420,S18,OW1,road,447.0,947.9,2523.7,0.0916,1,F,L,37.875
t04421,S18,OW1,road,458.0,1035.5,2424.6,0.1327,1,S,N,38.66
t04422,S18,OW1,road,519.4,1097.3,2437.0,0.1007,1,F,L,273.558
t04423,S18,OW1,boat,465.6,950.3,2537.1,0.1278,1,T,P,70.613
t04424,S18,OW1,boat,456.5,1025.8,2432.7,0.0859,1,,T,1.873
t04425,S18,OW1,goat,525.7,1025.1,2679.6,0.1263,1,T,D,187.649
t04426,S18,UW1,food,359.0,1373.6,2629.8,0.1441,1,F,L,24.766
t04427,S18,UW1,suit,352.0,1416.5,2439.6,0.1294,1,F,,146.674
t04428,S18,UW1,two,414.8,1364.7,2314.4,0.0919,1,B,P,112.814
t04429,S18,UW1,food,339.5,1469.1,2503.2,0.108,1,B,,189.307
t04430,S18,UW1,food,411.8,1515.8,2501.8,0.0809,1,K,P,10.92
t04431,S18,UW1,boot,373.9,1384.4,2573.2,0.1162,1,F,D,78.744
t04432,S18,UW1,suit,346.2,1455.8,2408.6,0.0791,1,,N,261.337
t04433,S18,UW1,suit,342.9,1417.5,2522.8,0.1527,1,F,N,157.181
t04434,S18,UW1,two,350.9,1504.5,2440.7,0.1639,1,T,L,280.706
t04435,S18,UW1,moon,373.8,1392.8,2445.5,0.0942,1,,T,286.601
t04436,S18,UW1,suit,347.8,1324.9,2343.8,0.0705,1,B,N,107.566
t04437,S18,UW1,suit,368.7,1421.2,2336.2,0.0897,1,S,L,190.852
t04438,S18,UW1,boot,356.9,1398.4,2353.3,0.082,1,S,L,86.052
t04439,S18,UW1,two,326.7,1343.7,2430.4,0.0962,1,F,T,57.162
t04440,S18,UW1,boot,328.3,1424.0,2391.7,0.1798,1,,L,229.595
t04441,S18,UW1,boot,391.3,1399.4,2493.2,0.0857,1,B,D,28.603
t04442,S18,UW1,boot,390.6,1456.3,2456.0,0.17,1,F,P,24.096
t04443,S18,UW1,boot,365.4,1480.7,2582.4,0.1427,1,F,N,29.31
t04444,S18,UW1,boot,366.6,1456.9,2448.6,0.1818,1,F,T,206.516
t04445,S18,UW1,food,365.8,1351.1,2606.0,0.0486,1,F,T,203.476
t04446,S18,UW1,boot,381.7,1419.6,2466.8,0.1607,1,F,N,159.996
t04447,S18,UW1,two,324.6,1360.8,2265.3,0.13,1,T,D,177.999
t04448,S18,UW1,boot,381.1,1511.1,2407.8,0.1139,1,S,,166.36
t04449,S18,UW1,boot,357.7,1365.9,2553.7,0.099,1,T,T,175.491
t04450,S18,UW1,moon,349.8,1345.7,2466.4,0.1759,1,K,D,117.043
t04451,S18,AH1,love,728.2,1317.2,2640.7,0.0943,1,K,L,84.418
t04452,S18,AH1,love,737.1,1387.7,2679.9,0.0936,1,T,D,23.547
t04453,S18,AH1,love,629.4,1338.0,2585.1,0.0727,1,F,,134.817
t04454,S18,AH1,but,715.8,1329.2,2560.3,0.3158,1,K,L,48.569
t04455,S18,AH1,sun,707.1,1229.8,2343.3,0.0811,1,B,T,83.772
t04456,S18,AH1,love,572.2,1427.2,2512.5,0.1529,1,B,N,111.076
t04457,S18,AH1,mud,694.8,1252.9,2675.2,0.1074,1,B,T,249.28
t04458,S18,AH1,love,726.1,1331.2,2498.6,0.1286,1,T,L,286.711
t04459,S18,AH1,love,633.0,1235.5,2449.4,0.0803,1,B,L,25.201
t04460,S18,AH1,sun,655.0,1383.7,2479.5,0.1191,1,F,D,179.912
t04461,S18,AH1,but,682.3,1304.2,2482.4,0.1253,1,T,T,25.407
t04462,S18,AH1,mud,680.4,1360.3,2599.9,0.1104,1,S,D,28.546
t04463,S18,AH1,mud,650.4,1319.8,2571.1,0.0954,1,B,T,10.726
t04464,S18,AH1,sun,691.2,1258.9,2746.0,0.119,1,,L,255.685
t04465,S18,AH1,love,708.6,1316.0,2474.3,0.0967,1,S,L,148.554
t04466,S18,AH1,mud,644.7,1256.3,2660.8,0.0816,1,B,L,296.602
t04467,S18,AH1,but,704.5,1423.2,2620.4,0.0404,1,,T,8.532
t04468,S18,AH1,mud,712.1,1276.0,2690.1,0.2197,1,T,N,15.887
t04469,S18,AH1,mud,633.7,1350.1,2518.5,0.1248,1,,P,106.627
t04470,S18,AH1,love,671.0,1249.6,2602.0,0.0978,1,B,P,101.932
t04471,S18,AH1,cut,616.8,1375.4,2546.0,0.129,1,F,,249.619
t04472,S18,AH1,but,755.7,1353.2,2473.3,0.0857,1,S,D,136.742
t04473,S18,AH1,but,687.5,1206.0,2555.6,0.0779,1,,D,147.895
t04474,S18,AH1,but,620.0,1200.3,2427.8,0.0728,1,T,D,173.451
t04475,S18,AH1,love,702.4,1345.0,2553.6,0.1973,1,F,T,260.035
t04476,S18,ER1,hurt,496.1,1446.8,1850.5,0.1797,1,,T,109.689
t04477,S18,ER1,word,482.4,1357.1,1730.2,0.1033,1,K,T,177.738
t04478,S18,ER1,hurt,433.4,1326.1,1781.1,0.1083,1,B,L,85.842
t04479,S18,ER1,word,478.1,1439.4,1789.1,0.0959,1,,D,174.839
t04480,S18,ER1,hurt,511.7,1350.7,1782.1,0.0937,1,S,D,43.592
t04481,S18,ER1,word,445.3,1550.1,1829.8,0.1178,1,B,D,112.113
t04482,S18,ER1,learn,461.2,1437.6,1719.6,0.0918,1,B,T,289.057
t04483,S18,ER1,hurt,495.4,1434.2,1836.0,0.1474,1,S,T,229.213
t04484,S18,ER1,her,501.5,1378.6,1602.2,0.1357,1,K,T,253.227
t04485,S18,ER1,bird,514.1,1577.3,1798.6,0.1541,1,K,L,202.373
t04486,S18,ER1,learn,507.8,1437.7,1728.6,0.136,1,B,P,82.5
t04487,S18,ER1,hurt,585.0,1321.1,1690.1,0.1008,1,S,,118.504
t04488,S18,ER1,her,542.1,1391.3,1739.2,0.1784,1,B,D,19.961
t04489,S18,ER1,bird,514.1,1472.4,1847.6,0.0986,1,B,P,274.936
t04490,S18,ER1,hurt,544.2,1328.8,1644.0,0.1205,1,B,L,18.396
t04491,S18,ER1,learn,475.6,1377.1,1826.6,0.1063,1,B,,125.687
t04492,S18,ER1,hurt,523.1,1434.9,1658.2,0.0875,1,F,N,297.831
t04493,S18,ER1,word,525.6,1410.2,1768.5,0.0874,1,S,P,291.278
t04494,S18,ER1,hurt,480.8,1400.4,1791.9,0.0971,1,S,N,291.127
t04495,S18,ER1,hurt,525.5,1501.1,1802.8,0.1012,1,K,L,40.865
t04496,S18,ER1,bird,548.6,1353.1,1732.3,0.0869,1,,,272.607
t04497,S18,ER1,word,536.0,1319.3,1804.9,0.0826,1,T,,76.501
t04498,S18,ER1,hurt,499.0,1458.4,1758.2,0.1163,1,K,L,182.445
t04499,S18,ER1,bird,477.2,1458.9,1878.1,0.1817,1,F,P,86.372
t04500,S18,ER1,hurt,485.5,1364.3,1737.7,0.1955,1,B,L,229.686
